<?xml version="1.0" encoding="UTF-8"?>
<teamworks>
    <process id="1.c2d00e9e-9c34-3e08-9258-101bd61b964d" name="Default Responsive Human Service">
        <lastModified>1463148018235</lastModified>
        <lastModifiedBy>admind</lastModifiedBy>
        <processId>1.c2d00e9e-9c34-3e08-9258-101bd61b964d</processId>
        <image isNull="true" />
        <tabGroup isNull="true" />
        <startingProcessItemId>2025.b03393dd-5696-3caf-890b-d3437e78c2b1</startingProcessItemId>
        <isRootProcess>false</isRootProcess>
        <processType>10</processType>
        <isErrorHandlerEnabled>false</isErrorHandlerEnabled>
        <errorHandlerItemId isNull="true" />
        <isLoggingVariables>false</isLoggingVariables>
        <isTransactional>false</isTransactional>
        <processTimingLevel isNull="true" />
        <participantRef isNull="true" />
        <exposedType isNull="true" />
        <isTrackingEnabled>true</isTrackingEnabled>
        <xmlData isNull="true" />
        <cachingType>false</cachingType>
        <itemLabel isNull="true" />
        <cacheLength isNull="true" />
        <mobileReady>false</mobileReady>
        <sboSyncEnabled>true</sboSyncEnabled>
        <externalId isNull="true" />
        <isSecured>false</isSecured>
        <description isNull="true" />
        <guid>guid:0000000c2d00e9e9:c343e089:258101bd61b:-964d</guid>
        <versionId>c8b7114e-3015-346a-aa9b-c3cbd23c4d13</versionId>
        <dependencySummary isNull="true" />
        <processVariable name="taskId">
            <lastModified isNull="true" />
            <lastModifiedBy isNull="true" />
            <processVariableId>2056.b744e9d9-b3e8-3a5c-8987-1932f5d18ecb</processVariableId>
            <description isNull="true" />
            <processId>1.c2d00e9e-9c34-3e08-9258-101bd61b964d</processId>
            <namespace>2</namespace>
            <seq>1</seq>
            <isArrayOf>false</isArrayOf>
            <classId>c6353c54-3d3a-41ac-8ca7-4d0469d35681/12.db884a3c-c533-44b7-bb2d-47bec8ad4022</classId>
            <hasDefault>false</hasDefault>
            <defaultValue isNull="true" />
            <guid>guid:0000000b744e9d9b:3e83a5c8:9871932f5d1:-8ecb</guid>
            <versionId>8e64da83-9f76-4f17-a652-819658c58b5f</versionId>
        </processVariable>
        <processVariable name="subject">
            <lastModified isNull="true" />
            <lastModifiedBy isNull="true" />
            <processVariableId>2056.3885efb2-a720-36f9-8310-cd2509792411</processVariableId>
            <description isNull="true" />
            <processId>1.c2d00e9e-9c34-3e08-9258-101bd61b964d</processId>
            <namespace>2</namespace>
            <seq>2</seq>
            <isArrayOf>false</isArrayOf>
            <classId>c6353c54-3d3a-41ac-8ca7-4d0469d35681/12.db884a3c-c533-44b7-bb2d-47bec8ad4022</classId>
            <hasDefault>false</hasDefault>
            <defaultValue isNull="true" />
            <guid>guid:00000003885efb2a:72036f98:310cd250979:-2411</guid>
            <versionId>2a2f7e37-297b-4045-8624-8d52120ae72e</versionId>
        </processVariable>
        <processVariable name="activityName">
            <lastModified isNull="true" />
            <lastModifiedBy isNull="true" />
            <processVariableId>2056.8f948878-def2-3dd2-8209-4f7dbbcd9f83</processVariableId>
            <description isNull="true" />
            <processId>1.c2d00e9e-9c34-3e08-9258-101bd61b964d</processId>
            <namespace>2</namespace>
            <seq>3</seq>
            <isArrayOf>false</isArrayOf>
            <classId>c6353c54-3d3a-41ac-8ca7-4d0469d35681/12.db884a3c-c533-44b7-bb2d-47bec8ad4022</classId>
            <hasDefault>false</hasDefault>
            <defaultValue isNull="true" />
            <guid>guid:00000008f948878d:ef23dd28:2094f7dbbcd:-9f83</guid>
            <versionId>774abc19-16b5-4981-bebb-41367ab393bd</versionId>
        </processVariable>
        <processVariable name="userName">
            <lastModified isNull="true" />
            <lastModifiedBy isNull="true" />
            <processVariableId>2056.ba33cd42-cfc8-39fb-8730-9b4aa48219bd</processVariableId>
            <description isNull="true" />
            <processId>1.c2d00e9e-9c34-3e08-9258-101bd61b964d</processId>
            <namespace>2</namespace>
            <seq>4</seq>
            <isArrayOf>false</isArrayOf>
            <classId>c6353c54-3d3a-41ac-8ca7-4d0469d35681/12.db884a3c-c533-44b7-bb2d-47bec8ad4022</classId>
            <hasDefault>false</hasDefault>
            <defaultValue isNull="true" />
            <guid>guid:0000000ba33cd42c:fc839fb8:7309b4aa482:-19bd</guid>
            <versionId>7abda41f-f092-4c6b-8824-84dfe203d6e8</versionId>
        </processVariable>
        <processVariable name="bpdInstanceName">
            <lastModified isNull="true" />
            <lastModifiedBy isNull="true" />
            <processVariableId>2056.cdfc2157-ac1d-3cea-ae20-e68e39afe601</processVariableId>
            <description isNull="true" />
            <processId>1.c2d00e9e-9c34-3e08-9258-101bd61b964d</processId>
            <namespace>2</namespace>
            <seq>5</seq>
            <isArrayOf>false</isArrayOf>
            <classId>c6353c54-3d3a-41ac-8ca7-4d0469d35681/12.db884a3c-c533-44b7-bb2d-47bec8ad4022</classId>
            <hasDefault>false</hasDefault>
            <defaultValue isNull="true" />
            <guid>guid:0000000cdfc2157a:c1d3ceaa:e20e68e39af:-e601</guid>
            <versionId>0035a2da-3b29-4142-a2bb-7cb28f5c995f</versionId>
        </processVariable>
        <processVariable name="bpdName">
            <lastModified isNull="true" />
            <lastModifiedBy isNull="true" />
            <processVariableId>2056.a659b5ff-0acc-3229-9dfa-392e38beb50d</processVariableId>
            <description isNull="true" />
            <processId>1.c2d00e9e-9c34-3e08-9258-101bd61b964d</processId>
            <namespace>2</namespace>
            <seq>6</seq>
            <isArrayOf>false</isArrayOf>
            <classId>c6353c54-3d3a-41ac-8ca7-4d0469d35681/12.db884a3c-c533-44b7-bb2d-47bec8ad4022</classId>
            <hasDefault>false</hasDefault>
            <defaultValue isNull="true" />
            <guid>guid:0000000a659b5ff0:acc32299:dfa392e38be:-b50d</guid>
            <versionId>4a366750-e479-4b74-85c0-b8cd9fe82420</versionId>
        </processVariable>
        <processVariable name="bpdInstanceId">
            <lastModified isNull="true" />
            <lastModifiedBy isNull="true" />
            <processVariableId>2056.b1d74007-51fd-3098-8a76-d714993b7902</processVariableId>
            <description isNull="true" />
            <processId>1.c2d00e9e-9c34-3e08-9258-101bd61b964d</processId>
            <namespace>2</namespace>
            <seq>7</seq>
            <isArrayOf>false</isArrayOf>
            <classId>c6353c54-3d3a-41ac-8ca7-4d0469d35681/12.db884a3c-c533-44b7-bb2d-47bec8ad4022</classId>
            <hasDefault>false</hasDefault>
            <defaultValue isNull="true" />
            <guid>guid:0000000b1d740075:1fd30988:a76d714993b:-7902</guid>
            <versionId>97cf55ea-fa96-4b80-af31-b58f37b956d5</versionId>
        </processVariable>
        <processVariable name="bpdDescription">
            <lastModified isNull="true" />
            <lastModifiedBy isNull="true" />
            <processVariableId>2056.40fd7fe5-3b3b-3c78-9463-4f3eb1869bd7</processVariableId>
            <description isNull="true" />
            <processId>1.c2d00e9e-9c34-3e08-9258-101bd61b964d</processId>
            <namespace>2</namespace>
            <seq>8</seq>
            <isArrayOf>false</isArrayOf>
            <classId>c6353c54-3d3a-41ac-8ca7-4d0469d35681/12.db884a3c-c533-44b7-bb2d-47bec8ad4022</classId>
            <hasDefault>false</hasDefault>
            <defaultValue isNull="true" />
            <guid>guid:000000040fd7fe53:b3b3c789:4634f3eb186:-9bd7</guid>
            <versionId>b91528a0-9889-4ec8-ac7e-11177930a019</versionId>
        </processVariable>
        <processVariable name="activityDescription">
            <lastModified isNull="true" />
            <lastModifiedBy isNull="true" />
            <processVariableId>2056.969c593e-27ba-30b7-9ab3-ff7a958a3795</processVariableId>
            <description isNull="true" />
            <processId>1.c2d00e9e-9c34-3e08-9258-101bd61b964d</processId>
            <namespace>2</namespace>
            <seq>9</seq>
            <isArrayOf>false</isArrayOf>
            <classId>c6353c54-3d3a-41ac-8ca7-4d0469d35681/12.db884a3c-c533-44b7-bb2d-47bec8ad4022</classId>
            <hasDefault>false</hasDefault>
            <defaultValue isNull="true" />
            <guid>guid:0000000969c593e2:7ba30b79:ab3ff7a958a:-3795</guid>
            <versionId>04f8628d-5dd4-42c9-8a96-ef6af5077c54</versionId>
        </processVariable>
        <processVariable name="taskNarrative">
            <lastModified isNull="true" />
            <lastModifiedBy isNull="true" />
            <processVariableId>2056.bb00a2f3-13eb-3b64-96ed-48d8c9334f1f</processVariableId>
            <description isNull="true" />
            <processId>1.c2d00e9e-9c34-3e08-9258-101bd61b964d</processId>
            <namespace>2</namespace>
            <seq>10</seq>
            <isArrayOf>false</isArrayOf>
            <classId>c6353c54-3d3a-41ac-8ca7-4d0469d35681/12.db884a3c-c533-44b7-bb2d-47bec8ad4022</classId>
            <hasDefault>false</hasDefault>
            <defaultValue isNull="true" />
            <guid>guid:0000000bb00a2f31:3eb3b649:6ed48d8c933:-4f1f</guid>
            <versionId>dc62bb3b-178d-4291-8a93-6efb4d094ccf</versionId>
        </processVariable>
        <processVariable name="defaultText">
            <lastModified isNull="true" />
            <lastModifiedBy isNull="true" />
            <processVariableId>2056.d61ba4bd-89e5-31f5-a6a2-e1fe4438fab3</processVariableId>
            <description isNull="true" />
            <processId>1.c2d00e9e-9c34-3e08-9258-101bd61b964d</processId>
            <namespace>2</namespace>
            <seq>11</seq>
            <isArrayOf>false</isArrayOf>
            <classId>c6353c54-3d3a-41ac-8ca7-4d0469d35681/12.db884a3c-c533-44b7-bb2d-47bec8ad4022</classId>
            <hasDefault>false</hasDefault>
            <defaultValue isNull="true" />
            <guid>guid:0000000d61ba4bd8:9e531f5a:6a2e1fe4438:-fab3</guid>
            <versionId>88340959-c899-4b98-8882-45fcd5f7c7ec</versionId>
        </processVariable>
        <item>
            <lastModified isNull="true" />
            <lastModifiedBy isNull="true" />
            <processItemId>2025.82e66c43-1679-3e3e-be1e-016bb93c270e</processItemId>
            <processId>1.c2d00e9e-9c34-3e08-9258-101bd61b964d</processId>
            <name>End</name>
            <tWComponentName>ExitPoint</tWComponentName>
            <tWComponentId>3008.f4d5e03e-6428-4dcd-b501-55fde4744d9c</tWComponentId>
            <isLogEnabled>false</isLogEnabled>
            <isTraceEnabled>false</isTraceEnabled>
            <traceCategory isNull="true" />
            <traceLevel isNull="true" />
            <traceMessage isNull="true" />
            <traceSymbolTable isNull="true" />
            <isExecutionContextTraced>false</isExecutionContextTraced>
            <saveExecutionContext>true</saveExecutionContext>
            <documentation isNull="true" />
            <isErrorHandlerEnabled>false</isErrorHandlerEnabled>
            <errorHandlerItemId isNull="true" />
            <guid>guid:000000082e66c431:6793e3eb:e1e016bb93c:-270e</guid>
            <versionId>8cd0c0a7-17f5-4559-8729-354b13919a40</versionId>
            <layoutData x="0" y="0">
                <errorLink>
                    <controlPoints />
                    <showEndState>false</showEndState>
                    <showName>false</showName>
                </errorLink>
            </layoutData>
            <TWComponent>
                <lastModified isNull="true" />
                <lastModifiedBy isNull="true" />
                <exitPointId>3008.f4d5e03e-6428-4dcd-b501-55fde4744d9c</exitPointId>
                <haltProcess>false</haltProcess>
                <guid>guid:00000009147cab73:aed3daaa:48ec6f952cf:-e3e4</guid>
                <versionId>e52a9b64-6338-4eb6-a35e-d89c9826b266</versionId>
            </TWComponent>
        </item>
        <item>
            <lastModified isNull="true" />
            <lastModifiedBy isNull="true" />
            <processItemId>2025.b03393dd-5696-3caf-890b-d3437e78c2b1</processItemId>
            <processId>1.c2d00e9e-9c34-3e08-9258-101bd61b964d</processId>
            <name>CoachFlowWrapper</name>
            <tWComponentName>CoachFlow</tWComponentName>
            <tWComponentId>3032.4cb09bdf-f76a-49f3-9bdc-c81b24e02c1e</tWComponentId>
            <isLogEnabled>false</isLogEnabled>
            <isTraceEnabled>false</isTraceEnabled>
            <traceCategory isNull="true" />
            <traceLevel isNull="true" />
            <traceMessage isNull="true" />
            <traceSymbolTable isNull="true" />
            <isExecutionContextTraced>false</isExecutionContextTraced>
            <saveExecutionContext>true</saveExecutionContext>
            <documentation isNull="true" />
            <isErrorHandlerEnabled>false</isErrorHandlerEnabled>
            <errorHandlerItemId isNull="true" />
            <guid>guid:0000000b03393dd5:6963caf8:90bd3437e78:-c2b1</guid>
            <versionId>de66b418-4a12-4705-91aa-33fec7c209f8</versionId>
            <layoutData x="0" y="0">
                <errorLink>
                    <controlPoints />
                    <showEndState>false</showEndState>
                    <showName>false</showName>
                </errorLink>
            </layoutData>
            <TWComponent />
        </item>
        <startingProcessItemId>2025.b03393dd-5696-3caf-890b-d3437e78c2b1</startingProcessItemId>
        <errorHandlerItemId isNull="true" />
        <layoutData noConversion="true">
            <errorLink>
                <controlPoints />
                <showEndState>false</showEndState>
                <showName>false</showName>
            </errorLink>
        </layoutData>
        <startPoint>
            <layoutData x="20" y="100">
                <errorLink>
                    <controlPoints />
                    <showEndState>false</showEndState>
                    <showName>false</showName>
                </errorLink>
            </layoutData>
        </startPoint>
        <startLink>
            <fromPort locationId="rightCenter" portType="1" />
            <toPort locationId="rightCenter" portType="2" />
            <layoutData>
                <controlPoints />
                <showEndState>false</showEndState>
                <showName>false</showName>
            </layoutData>
        </startLink>
        <coachflow>
            <ns14:definitions xmlns:ns14="http://www.omg.org/spec/BPMN/20100524/MODEL" xmlns:ns2="http://www.ibm.com/xmlns/prod/bpm/bpmn/ext/process" xmlns:ns3="http://www.ibm.com/xmlns/prod/bpm/bpmn/ext/process/case" xmlns:ns4="http://www.ibm.com/bpm/Extensions" xmlns:ns5="http://www.ibm.com/xmlns/prod/bpm/bpmn/ext/team" xmlns:ns6="http://www.ibm.com/xmlns/bpmnx/20100524/v1/BusinessVocabulary" xmlns:ns7="http://www.omg.org/spec/DD/20100524/DI" xmlns:ns8="http://www.omg.org/spec/DD/20100524/DC" xmlns:ns9="http://www.omg.org/spec/BPMN/20100524/BPMNDI" xmlns:ns10="http://www.ibm.com/xmlns/prod/bpm/graph" xmlns:ns11="http://www.ibm.com/xmlns/prod/bpm/bpmn/ext/process/auth" xmlns:ns12="http://www.ibm.com/xmlns/prod/bpm/bpmn/ext/process/wle" xmlns:ns13="http://www.ibm.com/xmlns/links" xmlns:ns15="http://www.ibm.com/bpm/CoachDesignerNG" xmlns:ns16="http://www.ibm.com/xmlns/tagging" xmlns:ns17="http://www.ibm.com/bpm/coachview" id="cdecda30-5443-39e0-937e-5888dfe9c8ab" targetNamespace="" expressionLanguage="http://www.ibm.com/xmlns/prod/bpm/expression-lang/javascript">
                

                <ns14:globalUserTask name="Default Responsive Human Service" id="1.c2d00e9e-9c34-3e08-9258-101bd61b964d">
                    

                    <ns14:documentation />
                    

                    <ns14:extensionElements>
                        

                        <ns2:userTaskImplementation id="2bb09a9f-0c4c-3f9e-b97d-481af418858f">
                            

                            <ns14:startEvent name="Start" id="55726d49-4367-35d7-956f-44d97a471a47">
                                

                                <ns14:extensionElements>
                                    

                                    <ns10:nodeVisualInfo x="50" y="200" width="24" height="24" color="#F8F8F8" />
                                    

                                </ns14:extensionElements>
                                

                                <ns14:outgoing>2027.fb157cd2-ec02-3b75-b662-82f21edb04c7</ns14:outgoing>
                                

                            </ns14:startEvent>
                            

                            <ns2:formTask name="Display Task Details" id="2025.ca63d1d3-909d-39ed-b77a-fb45e6e123fb">
                                

                                <ns14:extensionElements>
                                    

                                    <ns10:nodeVisualInfo x="442" y="177" width="95" height="70" />
                                    

                                </ns14:extensionElements>
                                

                                <ns14:incoming>2027.187e626f-83fa-3506-99ad-51f368b7909d</ns14:incoming>
                                

                                <ns14:incoming>2027.3347f365-e75c-31f6-85a4-217bf8661ddc</ns14:incoming>
                                

                                <ns14:outgoing>2027.65629d32-fd2c-3330-92fa-c8527925a276</ns14:outgoing>
                                

                                <ns14:outgoing>2027.a560b8a8-2efe-3680-956a-d47702cde51a</ns14:outgoing>
                                

                                <ns2:formDefinition>
                                    

                                    <ns15:coachDefinition>
                                        

                                        <ns15:layout>
                                            

                                            <ns15:layoutItem xmlns:xsi="http://www.w3.org/2001/XMLSchema-instance" xsi:type="ns15:ViewRef">
                                                

                                                <ns15:id>db7cf286-550d-336d-9d40-1c6a34e13630</ns15:id>
                                                

                                                <ns15:layoutItemId>Section1</ns15:layoutItemId>
                                                

                                                <ns15:configData>
                                                    

                                                    <ns15:id>eb4c9ce2-2c33-3408-a811-3ca51d4f0121</ns15:id>
                                                    

                                                    <ns15:optionName>@label</ns15:optionName>
                                                    

                                                    <ns15:value>tw.local.activityName</ns15:value>
                                                    

                                                    <ns15:valueType>dynamic</ns15:valueType>
                                                    

                                                </ns15:configData>
                                                

                                                <ns15:configData>
                                                    

                                                    <ns15:id>7a7c1bd4-06aa-3a53-8729-25844a4ac8ac</ns15:id>
                                                    

                                                    <ns15:optionName>@labelVisibility</ns15:optionName>
                                                    

                                                    <ns15:value>SHOW</ns15:value>
                                                    

                                                </ns15:configData>
                                                

                                                <ns15:configData>
                                                    

                                                    <ns15:id>b883f87d-38e2-3875-9f30-472c54b842bb</ns15:id>
                                                    

                                                    <ns15:optionName>showBorder</ns15:optionName>
                                                    

                                                    <ns15:value>{"isResponsiveData":true,"values":[{"deviceConfigID":"LargeID","value":true}]}</ns15:value>
                                                    

                                                </ns15:configData>
                                                

                                                <ns15:viewUUID>64.e44c5617-c1ca-31f8-a810-ce1138fb1c99</ns15:viewUUID>
                                                

                                                <ns15:contentBoxContrib>
                                                    

                                                    <ns15:id>68123d66-eb39-3a8e-b2b0-c8b2bd34d2a6</ns15:id>
                                                    

                                                    <ns15:contentBoxId>LAYOUT_ITEM_ID_1</ns15:contentBoxId>
                                                    

                                                    <ns15:contributions xsi:type="ns15:ViewRef">
                                                        

                                                        <ns15:id>2070b489-7287-3182-98bf-4fac66aa7411</ns15:id>
                                                        

                                                        <ns15:layoutItemId>Tabs1</ns15:layoutItemId>
                                                        

                                                        <ns15:viewUUID>64.b92c2ce7-5334-38ef-893c-75a415dea1f4</ns15:viewUUID>
                                                        

                                                        <ns15:contentBoxContrib>
                                                            

                                                            <ns15:id>d2f28f72-2c56-3da4-a3d3-2990c4216a88</ns15:id>
                                                            

                                                            <ns15:contentBoxId>LAYOUT_ITEM_ID_2</ns15:contentBoxId>
                                                            

                                                            <ns15:contributions xsi:type="ns15:ViewRef">
                                                                

                                                                <ns15:id>840dfb86-db7f-39f5-b23b-606bde386195</ns15:id>
                                                                

                                                                <ns15:layoutItemId>Overview_Tab</ns15:layoutItemId>
                                                                

                                                                <ns15:configData>
                                                                    

                                                                    <ns15:id>24ddaafd-f487-3930-92ad-b62539600200</ns15:id>
                                                                    

                                                                    <ns15:optionName>@label</ns15:optionName>
                                                                    

                                                                    <ns15:value>Overview</ns15:value>
                                                                    

                                                                </ns15:configData>
                                                                

                                                                <ns15:configData>
                                                                    

                                                                    <ns15:id>12e3cde4-838f-3110-aee8-de8398751dfc</ns15:id>
                                                                    

                                                                    <ns15:optionName>@labelVisibility</ns15:optionName>
                                                                    

                                                                    <ns15:value>SHOW</ns15:value>
                                                                    

                                                                </ns15:configData>
                                                                

                                                                <ns15:viewUUID>64.e44c5617-c1ca-31f8-a810-ce1138fb1c99</ns15:viewUUID>
                                                                

                                                                <ns15:contentBoxContrib>
                                                                    

                                                                    <ns15:id>62f76e24-5b2b-3ad0-a7fa-445571b98109</ns15:id>
                                                                    

                                                                    <ns15:contentBoxId>LAYOUT_ITEM_ID_1</ns15:contentBoxId>
                                                                    

                                                                    <ns15:contributions xsi:type="ns15:ViewRef">
                                                                        

                                                                        <ns15:id>108e01b4-6765-37dd-b8c0-1d9f5663b08a</ns15:id>
                                                                        

                                                                        <ns15:layoutItemId>Section3</ns15:layoutItemId>
                                                                        

                                                                        <ns15:configData>
                                                                            

                                                                            <ns15:id>f30b6ee3-5a91-3e83-accd-619b070e4479</ns15:id>
                                                                            

                                                                            <ns15:optionName>@label</ns15:optionName>
                                                                            

                                                                            <ns15:value>Section</ns15:value>
                                                                            

                                                                        </ns15:configData>
                                                                        

                                                                        <ns15:configData>
                                                                            

                                                                            <ns15:id>a1c41233-a673-3564-a2bc-0fd0cfdb08a1</ns15:id>
                                                                            

                                                                            <ns15:optionName>@labelVisibility</ns15:optionName>
                                                                            

                                                                            <ns15:value>SHOW</ns15:value>
                                                                            

                                                                        </ns15:configData>
                                                                        

                                                                        <ns15:configData>
                                                                            

                                                                            <ns15:id>8e74397e-ab7f-337d-94e8-a93b15232481</ns15:id>
                                                                            

                                                                            <ns15:optionName>layout</ns15:optionName>
                                                                            

                                                                            <ns15:value>{"isResponsiveData":true,"values":[{"deviceConfigID":"LargeID","value":"horizontal"}]}</ns15:value>
                                                                            

                                                                        </ns15:configData>
                                                                        

                                                                        <ns15:viewUUID>64.e44c5617-c1ca-31f8-a810-ce1138fb1c99</ns15:viewUUID>
                                                                        

                                                                        <ns15:contentBoxContrib>
                                                                            

                                                                            <ns15:id>31aff6be-4574-38c8-9068-6d461f5262ae</ns15:id>
                                                                            

                                                                            <ns15:contentBoxId>LAYOUT_ITEM_ID_1</ns15:contentBoxId>
                                                                            

                                                                            <ns15:contributions xsi:type="ns15:ViewRef">
                                                                                

                                                                                <ns15:id>3b06290f-c284-3d73-8f85-4eeab0488615</ns15:id>
                                                                                

                                                                                <ns15:layoutItemId>Text1</ns15:layoutItemId>
                                                                                

                                                                                <ns15:viewUUID>64.d109fc11-3729-396e-bf94-d748d1967596</ns15:viewUUID>
                                                                                

                                                                                <ns15:binding>tw.local.defaultText</ns15:binding>
                                                                                

                                                                            </ns15:contributions>
                                                                            

                                                                            <ns15:contributions xsi:type="ns15:ViewRef">
                                                                                

                                                                                <ns15:id>29b7d6d1-2a49-3406-b767-8dbe11a6dcc9</ns15:id>
                                                                                

                                                                                <ns15:layoutItemId>Text2</ns15:layoutItemId>
                                                                                

                                                                                <ns15:viewUUID>64.d109fc11-3729-396e-bf94-d748d1967596</ns15:viewUUID>
                                                                                

                                                                                <ns15:binding>tw.local.subject</ns15:binding>
                                                                                

                                                                            </ns15:contributions>
                                                                            

                                                                        </ns15:contentBoxContrib>
                                                                        

                                                                    </ns15:contributions>
                                                                    

                                                                    <ns15:contributions xsi:type="ns15:ViewRef">
                                                                        

                                                                        <ns15:id>acd7a957-90f0-3bfe-9ec4-a894f0cacec4</ns15:id>
                                                                        

                                                                        <ns15:layoutItemId>Text_Area1</ns15:layoutItemId>
                                                                        

                                                                        <ns15:viewUUID>64.6bef2bb7-9c2a-3cac-97ab-a881b5e6798e</ns15:viewUUID>
                                                                        

                                                                        <ns15:binding>tw.local.activityDescription</ns15:binding>
                                                                        

                                                                    </ns15:contributions>
                                                                    

                                                                </ns15:contentBoxContrib>
                                                                

                                                            </ns15:contributions>
                                                            

                                                            <ns15:contributions xsi:type="ns15:ViewRef">
                                                                

                                                                <ns15:id>41352df6-16b5-31c6-adf4-7699b92c127d</ns15:id>
                                                                

                                                                <ns15:layoutItemId>Section4</ns15:layoutItemId>
                                                                

                                                                <ns15:configData>
                                                                    

                                                                    <ns15:id>ac4d2b17-1c86-3724-8551-1b2536eeafef</ns15:id>
                                                                    

                                                                    <ns15:optionName>@label</ns15:optionName>
                                                                    

                                                                    <ns15:value>Details</ns15:value>
                                                                    

                                                                </ns15:configData>
                                                                

                                                                <ns15:configData>
                                                                    

                                                                    <ns15:id>a3464765-8b2c-3c34-aea0-393d413128d5</ns15:id>
                                                                    

                                                                    <ns15:optionName>@labelVisibility</ns15:optionName>
                                                                    

                                                                    <ns15:value>SHOW</ns15:value>
                                                                    

                                                                </ns15:configData>
                                                                

                                                                <ns15:configData>
                                                                    

                                                                    <ns15:id>c0f22024-2b27-3b76-b4c1-237364ee82e8</ns15:id>
                                                                    

                                                                    <ns15:optionName>layout</ns15:optionName>
                                                                    

                                                                    <ns15:value>{"isResponsiveData":true,"values":[{"deviceConfigID":"LargeID","value":"horizontal"}]}</ns15:value>
                                                                    

                                                                </ns15:configData>
                                                                

                                                                <ns15:viewUUID>64.e44c5617-c1ca-31f8-a810-ce1138fb1c99</ns15:viewUUID>
                                                                

                                                                <ns15:contentBoxContrib>
                                                                    

                                                                    <ns15:id>90085c59-376d-3d56-9ae9-7f3532138e95</ns15:id>
                                                                    

                                                                    <ns15:contentBoxId>LAYOUT_ITEM_ID_1</ns15:contentBoxId>
                                                                    

                                                                    <ns15:contributions xsi:type="ns15:ViewRef">
                                                                        

                                                                        <ns15:id>24d58793-4868-361f-a571-7581b31bcb15</ns15:id>
                                                                        

                                                                        <ns15:layoutItemId>Section5</ns15:layoutItemId>
                                                                        

                                                                        <ns15:configData>
                                                                            

                                                                            <ns15:id>3233f314-ca92-38c1-8598-b98604e5c4b8</ns15:id>
                                                                            

                                                                            <ns15:optionName>@label</ns15:optionName>
                                                                            

                                                                            <ns15:value>Activity Information</ns15:value>
                                                                            

                                                                        </ns15:configData>
                                                                        

                                                                        <ns15:configData>
                                                                            

                                                                            <ns15:id>c3378324-5173-3268-a845-e5af49612443</ns15:id>
                                                                            

                                                                            <ns15:optionName>@labelVisibility</ns15:optionName>
                                                                            

                                                                            <ns15:value>SHOW</ns15:value>
                                                                            

                                                                        </ns15:configData>
                                                                        

                                                                        <ns15:viewUUID>64.e44c5617-c1ca-31f8-a810-ce1138fb1c99</ns15:viewUUID>
                                                                        

                                                                        <ns15:contentBoxContrib>
                                                                            

                                                                            <ns15:id>77901570-4dd3-32bc-87b4-396eef319902</ns15:id>
                                                                            

                                                                            <ns15:contentBoxId>LAYOUT_ITEM_ID_1</ns15:contentBoxId>
                                                                            

                                                                            <ns15:contributions xsi:type="ns15:ViewRef">
                                                                                

                                                                                <ns15:id>94bd5198-457d-319e-ad00-de3230fc9b47</ns15:id>
                                                                                

                                                                                <ns15:layoutItemId>Text3</ns15:layoutItemId>
                                                                                

                                                                                <ns15:configData>
                                                                                    

                                                                                    <ns15:id>b8bd497c-e624-3e68-9ad5-6eecd1f053d6</ns15:id>
                                                                                    

                                                                                    <ns15:optionName>@label</ns15:optionName>
                                                                                    

                                                                                    <ns15:value>Name</ns15:value>
                                                                                    

                                                                                </ns15:configData>
                                                                                

                                                                                <ns15:configData>
                                                                                    

                                                                                    <ns15:id>a4a2032c-ed79-3ec6-ba87-1b9e197b515f</ns15:id>
                                                                                    

                                                                                    <ns15:optionName>@labelVisibility</ns15:optionName>
                                                                                    

                                                                                    <ns15:value>SHOW</ns15:value>
                                                                                    

                                                                                </ns15:configData>
                                                                                

                                                                                <ns15:viewUUID>64.d109fc11-3729-396e-bf94-d748d1967596</ns15:viewUUID>
                                                                                

                                                                                <ns15:binding>tw.local.activityName</ns15:binding>
                                                                                

                                                                            </ns15:contributions>
                                                                            

                                                                            <ns15:contributions xsi:type="ns15:ViewRef">
                                                                                

                                                                                <ns15:id>4fb25f36-3134-3aa0-830b-b0044caa8540</ns15:id>
                                                                                

                                                                                <ns15:layoutItemId>Text_Area2</ns15:layoutItemId>
                                                                                

                                                                                <ns15:viewUUID>64.6bef2bb7-9c2a-3cac-97ab-a881b5e6798e</ns15:viewUUID>
                                                                                

                                                                                <ns15:binding>tw.local.activityDescription</ns15:binding>
                                                                                

                                                                            </ns15:contributions>
                                                                            

                                                                            <ns15:contributions xsi:type="ns15:ViewRef">
                                                                                

                                                                                <ns15:id>b44652a7-0265-31b8-92c3-9e4018806ec6</ns15:id>
                                                                                

                                                                                <ns15:layoutItemId>Text4</ns15:layoutItemId>
                                                                                

                                                                                <ns15:configData>
                                                                                    

                                                                                    <ns15:id>06d855d5-6a4b-3ea2-af53-f71ddc715bd3</ns15:id>
                                                                                    

                                                                                    <ns15:optionName>@label</ns15:optionName>
                                                                                    

                                                                                    <ns15:value>Instance Name</ns15:value>
                                                                                    

                                                                                </ns15:configData>
                                                                                

                                                                                <ns15:configData>
                                                                                    

                                                                                    <ns15:id>badf4d5a-6cf6-34d0-96b1-3e77f9faa8aa</ns15:id>
                                                                                    

                                                                                    <ns15:optionName>@labelVisibility</ns15:optionName>
                                                                                    

                                                                                    <ns15:value>SHOW</ns15:value>
                                                                                    

                                                                                </ns15:configData>
                                                                                

                                                                                <ns15:viewUUID>64.d109fc11-3729-396e-bf94-d748d1967596</ns15:viewUUID>
                                                                                

                                                                                <ns15:binding>tw.local.bpdInstanceName</ns15:binding>
                                                                                

                                                                            </ns15:contributions>
                                                                            

                                                                            <ns15:contributions xsi:type="ns15:ViewRef">
                                                                                

                                                                                <ns15:id>cb6d2573-b1a1-3e21-93f5-b0d11054b9fe</ns15:id>
                                                                                

                                                                                <ns15:layoutItemId>Text5</ns15:layoutItemId>
                                                                                

                                                                                <ns15:configData>
                                                                                    

                                                                                    <ns15:id>7b4fd630-752d-3c37-a60b-8f91df02c913</ns15:id>
                                                                                    

                                                                                    <ns15:optionName>@label</ns15:optionName>
                                                                                    

                                                                                    <ns15:value>Process</ns15:value>
                                                                                    

                                                                                </ns15:configData>
                                                                                

                                                                                <ns15:configData>
                                                                                    

                                                                                    <ns15:id>8c13651f-be72-3116-9c09-9ed36b9d232b</ns15:id>
                                                                                    

                                                                                    <ns15:optionName>@labelVisibility</ns15:optionName>
                                                                                    

                                                                                    <ns15:value>SHOW</ns15:value>
                                                                                    

                                                                                </ns15:configData>
                                                                                

                                                                                <ns15:viewUUID>64.d109fc11-3729-396e-bf94-d748d1967596</ns15:viewUUID>
                                                                                

                                                                                <ns15:binding>tw.local.bpdName</ns15:binding>
                                                                                

                                                                            </ns15:contributions>
                                                                            

                                                                            <ns15:contributions xsi:type="ns15:ViewRef">
                                                                                

                                                                                <ns15:id>b6970cfa-7947-3c66-96d0-64595893d9eb</ns15:id>
                                                                                

                                                                                <ns15:layoutItemId>Text_Area3</ns15:layoutItemId>
                                                                                

                                                                                <ns15:viewUUID>64.6bef2bb7-9c2a-3cac-97ab-a881b5e6798e</ns15:viewUUID>
                                                                                

                                                                                <ns15:binding>tw.local.bpdDescription</ns15:binding>
                                                                                

                                                                            </ns15:contributions>
                                                                            

                                                                        </ns15:contentBoxContrib>
                                                                        

                                                                    </ns15:contributions>
                                                                    

                                                                    <ns15:contributions xsi:type="ns15:ViewRef">
                                                                        

                                                                        <ns15:id>b13e2c6b-9e79-3591-913f-f1ddd37b5383</ns15:id>
                                                                        

                                                                        <ns15:layoutItemId>Section6</ns15:layoutItemId>
                                                                        

                                                                        <ns15:configData>
                                                                            

                                                                            <ns15:id>f3efe156-4c7d-38ca-9d2f-9951610680f0</ns15:id>
                                                                            

                                                                            <ns15:optionName>@label</ns15:optionName>
                                                                            

                                                                            <ns15:value>Task Information</ns15:value>
                                                                            

                                                                        </ns15:configData>
                                                                        

                                                                        <ns15:configData>
                                                                            

                                                                            <ns15:id>4efef738-a210-3b1f-a8e9-338a9cf4630e</ns15:id>
                                                                            

                                                                            <ns15:optionName>@labelVisibility</ns15:optionName>
                                                                            

                                                                            <ns15:value>SHOW</ns15:value>
                                                                            

                                                                        </ns15:configData>
                                                                        

                                                                        <ns15:viewUUID>64.e44c5617-c1ca-31f8-a810-ce1138fb1c99</ns15:viewUUID>
                                                                        

                                                                        <ns15:contentBoxContrib>
                                                                            

                                                                            <ns15:id>3f6ff8b3-b9eb-37a9-8e15-9ec84ba354e1</ns15:id>
                                                                            

                                                                            <ns15:contentBoxId>LAYOUT_ITEM_ID_1</ns15:contentBoxId>
                                                                            

                                                                            <ns15:contributions xsi:type="ns15:ViewRef">
                                                                                

                                                                                <ns15:id>293dabd4-85ff-375a-9454-e39a2507c1e9</ns15:id>
                                                                                

                                                                                <ns15:layoutItemId>Text6</ns15:layoutItemId>
                                                                                

                                                                                <ns15:configData>
                                                                                    

                                                                                    <ns15:id>5162a9e9-4073-3f08-a59d-fde1a3a35140</ns15:id>
                                                                                    

                                                                                    <ns15:optionName>@label</ns15:optionName>
                                                                                    

                                                                                    <ns15:value>Subject</ns15:value>
                                                                                    

                                                                                </ns15:configData>
                                                                                

                                                                                <ns15:configData>
                                                                                    

                                                                                    <ns15:id>8e814995-4bd5-3caa-8ded-d469e7225fbf</ns15:id>
                                                                                    

                                                                                    <ns15:optionName>@labelVisibility</ns15:optionName>
                                                                                    

                                                                                    <ns15:value>SHOW</ns15:value>
                                                                                    

                                                                                </ns15:configData>
                                                                                

                                                                                <ns15:viewUUID>64.d109fc11-3729-396e-bf94-d748d1967596</ns15:viewUUID>
                                                                                

                                                                                <ns15:binding>tw.local.subject</ns15:binding>
                                                                                

                                                                            </ns15:contributions>
                                                                            

                                                                            <ns15:contributions xsi:type="ns15:ViewRef">
                                                                                

                                                                                <ns15:id>5203f88d-87b7-3dfd-b137-e54f67330ea2</ns15:id>
                                                                                

                                                                                <ns15:layoutItemId>Text7</ns15:layoutItemId>
                                                                                

                                                                                <ns15:configData>
                                                                                    

                                                                                    <ns15:id>b361932a-25d5-357c-aed6-9fc032de5697</ns15:id>
                                                                                    

                                                                                    <ns15:optionName>@label</ns15:optionName>
                                                                                    

                                                                                    <ns15:value>Assigned To</ns15:value>
                                                                                    

                                                                                </ns15:configData>
                                                                                

                                                                                <ns15:configData>
                                                                                    

                                                                                    <ns15:id>6a3f779d-20e7-3307-b6c6-d355b92adc58</ns15:id>
                                                                                    

                                                                                    <ns15:optionName>@labelVisibility</ns15:optionName>
                                                                                    

                                                                                    <ns15:value>SHOW</ns15:value>
                                                                                    

                                                                                </ns15:configData>
                                                                                

                                                                                <ns15:viewUUID>64.d109fc11-3729-396e-bf94-d748d1967596</ns15:viewUUID>
                                                                                

                                                                                <ns15:binding>tw.local.userName</ns15:binding>
                                                                                

                                                                            </ns15:contributions>
                                                                            

                                                                            <ns15:contributions xsi:type="ns15:ViewRef">
                                                                                

                                                                                <ns15:id>2ca968ef-056e-35f6-a18c-37af91dd729e</ns15:id>
                                                                                

                                                                                <ns15:layoutItemId>Text8</ns15:layoutItemId>
                                                                                

                                                                                <ns15:configData>
                                                                                    

                                                                                    <ns15:id>0652b9de-ec51-3b49-b656-3944d640948c</ns15:id>
                                                                                    

                                                                                    <ns15:optionName>@label</ns15:optionName>
                                                                                    

                                                                                    <ns15:value>Task ID</ns15:value>
                                                                                    

                                                                                </ns15:configData>
                                                                                

                                                                                <ns15:configData>
                                                                                    

                                                                                    <ns15:id>4e0cdfe3-4528-36af-b881-75164e8fb144</ns15:id>
                                                                                    

                                                                                    <ns15:optionName>@labelVisibility</ns15:optionName>
                                                                                    

                                                                                    <ns15:value>SHOW</ns15:value>
                                                                                    

                                                                                </ns15:configData>
                                                                                

                                                                                <ns15:viewUUID>64.d109fc11-3729-396e-bf94-d748d1967596</ns15:viewUUID>
                                                                                

                                                                                <ns15:binding>tw.local.taskId</ns15:binding>
                                                                                

                                                                            </ns15:contributions>
                                                                            

                                                                            <ns15:contributions xsi:type="ns15:ViewRef">
                                                                                

                                                                                <ns15:id>1abf50ea-da88-3cc5-b1a8-64469249cf6a</ns15:id>
                                                                                

                                                                                <ns15:layoutItemId>Text9</ns15:layoutItemId>
                                                                                

                                                                                <ns15:configData>
                                                                                    

                                                                                    <ns15:id>806c94cf-e8b4-3b25-ab0b-5e447299aed7</ns15:id>
                                                                                    

                                                                                    <ns15:optionName>@label</ns15:optionName>
                                                                                    

                                                                                    <ns15:value>Instance ID</ns15:value>
                                                                                    

                                                                                </ns15:configData>
                                                                                

                                                                                <ns15:configData>
                                                                                    

                                                                                    <ns15:id>6ec16de0-5c61-39ec-b71c-f6a7d74cb42b</ns15:id>
                                                                                    

                                                                                    <ns15:optionName>@labelVisibility</ns15:optionName>
                                                                                    

                                                                                    <ns15:value>SHOW</ns15:value>
                                                                                    

                                                                                </ns15:configData>
                                                                                

                                                                                <ns15:viewUUID>64.d109fc11-3729-396e-bf94-d748d1967596</ns15:viewUUID>
                                                                                

                                                                                <ns15:binding>tw.local.bpdInstanceId</ns15:binding>
                                                                                

                                                                            </ns15:contributions>
                                                                            

                                                                            <ns15:contributions xsi:type="ns15:ViewRef">
                                                                                

                                                                                <ns15:id>a1d50b87-96dc-360d-b6c7-86ddf85c14c2</ns15:id>
                                                                                

                                                                                <ns15:layoutItemId>Text_Area4</ns15:layoutItemId>
                                                                                

                                                                                <ns15:viewUUID>64.6bef2bb7-9c2a-3cac-97ab-a881b5e6798e</ns15:viewUUID>
                                                                                

                                                                                <ns15:binding>tw.local.taskNarrative</ns15:binding>
                                                                                

                                                                            </ns15:contributions>
                                                                            

                                                                        </ns15:contentBoxContrib>
                                                                        

                                                                    </ns15:contributions>
                                                                    

                                                                </ns15:contentBoxContrib>
                                                                

                                                            </ns15:contributions>
                                                            

                                                        </ns15:contentBoxContrib>
                                                        

                                                    </ns15:contributions>
                                                    

                                                    <ns15:contributions xsi:type="ns15:ViewRef">
                                                        

                                                        <ns15:id>45314bf7-1303-3d37-8bdf-a88c304e8167</ns15:id>
                                                        

                                                        <ns15:layoutItemId>Section2</ns15:layoutItemId>
                                                        

                                                        <ns15:configData>
                                                            

                                                            <ns15:id>653d2996-a5b5-3d4d-840f-fc082817c676</ns15:id>
                                                            

                                                            <ns15:optionName>layout</ns15:optionName>
                                                            

                                                            <ns15:value>{"isResponsiveData":true,"values":[{"deviceConfigID":"LargeID","value":"horizontal"}]}</ns15:value>
                                                            

                                                        </ns15:configData>
                                                        

                                                        <ns15:viewUUID>64.e44c5617-c1ca-31f8-a810-ce1138fb1c99</ns15:viewUUID>
                                                        

                                                        <ns15:contentBoxContrib>
                                                            

                                                            <ns15:id>3ec527c6-982f-3734-b923-fb72eb7935b1</ns15:id>
                                                            

                                                            <ns15:contentBoxId>LAYOUT_ITEM_ID_1</ns15:contentBoxId>
                                                            

                                                            <ns15:contributions xsi:type="ns15:ViewRef">
                                                                

                                                                <ns15:id>cbf827aa-9767-3f2d-95b0-9f9d33231f1b</ns15:id>
                                                                

                                                                <ns15:layoutItemId>Done</ns15:layoutItemId>
                                                                

                                                                <ns15:configData>
                                                                    

                                                                    <ns15:id>57f168f9-7a73-34c2-97d7-7141318ecda5</ns15:id>
                                                                    

                                                                    <ns15:optionName>@label</ns15:optionName>
                                                                    

                                                                    <ns15:value>Done</ns15:value>
                                                                    

                                                                </ns15:configData>
                                                                

                                                                <ns15:configData>
                                                                    

                                                                    <ns15:id>7a103c35-0c31-3628-9582-0affda755396</ns15:id>
                                                                    

                                                                    <ns15:optionName>@labelVisibility</ns15:optionName>
                                                                    

                                                                    <ns15:value>SHOW</ns15:value>
                                                                    

                                                                </ns15:configData>
                                                                

                                                                <ns15:viewUUID>64.7d87b78a-a67b-3084-ad5f-edf42439ef26</ns15:viewUUID>
                                                                

                                                            </ns15:contributions>
                                                            

                                                            <ns15:contributions xsi:type="ns15:ViewRef">
                                                                

                                                                <ns15:id>a0bc5b94-5d9d-3e59-9188-a3c2746e89fe</ns15:id>
                                                                

                                                                <ns15:layoutItemId>Complete_Later</ns15:layoutItemId>
                                                                

                                                                <ns15:configData>
                                                                    

                                                                    <ns15:id>08d9b4f8-2899-3d4d-a78e-18c5e305d28b</ns15:id>
                                                                    

                                                                    <ns15:optionName>@label</ns15:optionName>
                                                                    

                                                                    <ns15:value>Complete Later</ns15:value>
                                                                    

                                                                </ns15:configData>
                                                                

                                                                <ns15:configData>
                                                                    

                                                                    <ns15:id>0bf77990-d846-3e96-a52f-c6c3214a986a</ns15:id>
                                                                    

                                                                    <ns15:optionName>@labelVisibility</ns15:optionName>
                                                                    

                                                                    <ns15:value>SHOW</ns15:value>
                                                                    

                                                                </ns15:configData>
                                                                

                                                                <ns15:viewUUID>64.7d87b78a-a67b-3084-ad5f-edf42439ef26</ns15:viewUUID>
                                                                

                                                            </ns15:contributions>
                                                            

                                                        </ns15:contentBoxContrib>
                                                        

                                                    </ns15:contributions>
                                                    

                                                </ns15:contentBoxContrib>
                                                

                                            </ns15:layoutItem>
                                            

                                        </ns15:layout>
                                        

                                    </ns15:coachDefinition>
                                    

                                </ns2:formDefinition>
                                

                            </ns2:formTask>
                            

                            <ns14:scriptTask scriptFormat="text/x-javascript" name="Get Task Details" id="2025.b8acefc8-cee5-3e03-865d-cca8d88dc92c">
                                

                                <ns14:documentation textFormat="text/plain">Get Task Details</ns14:documentation>
                                

                                <ns14:extensionElements>
                                    

                                    <ns10:nodeVisualInfo x="206" y="177" width="95" height="70" />
                                    

                                </ns14:extensionElements>
                                

                                <ns14:incoming>2027.fb157cd2-ec02-3b75-b662-82f21edb04c7</ns14:incoming>
                                

                                <ns14:outgoing>2027.187e626f-83fa-3506-99ad-51f368b7909d</ns14:outgoing>
                                

                                <ns14:script>tw.local.defaultText = "This is a sample coach for the following activity: ";
tw.local.activityName = "Default Responsive Human Service";
if (!!tw.system.processInstance) {
var task = tw.system.processInstance.task;
if (!!task) {
tw.local.taskId = task.id;
tw.local.subject = task.subject;
tw.local.userName = task.owner;
tw.local.taskNarrative = task.narrative;
if (!!task.processActivityName)
tw.local.activityName = task.processActivityName;
if (!!task.processActivityDescription)
tw.local.activityDescription = task.processActivityDescription;
var instance = tw.system.processInstance;
if (!!instance) {
var process = instance.process;
tw.local.bpdInstanceId = instance.id;
tw.local.bpdInstanceName = instance.name;
tw.local.bpdName = process.name;
tw.local.bpdDescription = process.description;
}
}
}
</ns14:script>
                                

                            </ns14:scriptTask>
                            

                            <ns14:intermediateThrowEvent name="Postpone Task" id="2025.5c54df76-3a33-318d-b390-45e351fe75bb">
                                

                                <ns14:extensionElements>
                                    

                                    <ns10:nodeVisualInfo x="465" y="319" width="24" height="24" />
                                    

                                    <ns2:navigationInstructions>
                                        

                                        <ns2:targetType>Default</ns2:targetType>
                                        

                                    </ns2:navigationInstructions>
                                    

                                </ns14:extensionElements>
                                

                                <ns14:incoming>2027.a560b8a8-2efe-3680-956a-d47702cde51a</ns14:incoming>
                                

                                <ns14:outgoing>2027.3347f365-e75c-31f6-85a4-217bf8661ddc</ns14:outgoing>
                                

                                <ns2:postponeTaskEventDefinition />
                                

                            </ns14:intermediateThrowEvent>
                            

                            <ns14:endEvent name="End" id="f20e6b52-456b-31c0-83e4-a859a58c55da">
                                

                                <ns14:extensionElements>
                                    

                                    <ns10:nodeVisualInfo x="700" y="200" width="24" height="24" color="#F8F8F8" />
                                    

                                </ns14:extensionElements>
                                

                                <ns14:incoming>2027.65629d32-fd2c-3330-92fa-c8527925a276</ns14:incoming>
                                

                            </ns14:endEvent>
                            

                            <ns14:dataObject itemSubjectRef="itm.12.db884a3c-c533-44b7-bb2d-47bec8ad4022" isCollection="false" name="taskId" id="2056.b8eb7845-c0b1-3bbe-82d4-251cff0e4c33">
</ns14:dataObject>
                            

                            <ns14:dataObject itemSubjectRef="itm.12.db884a3c-c533-44b7-bb2d-47bec8ad4022" isCollection="false" name="subject" id="2056.d31999a1-ec81-301f-93fb-9a337054a33b">
</ns14:dataObject>
                            

                            <ns14:dataObject itemSubjectRef="itm.12.db884a3c-c533-44b7-bb2d-47bec8ad4022" isCollection="false" name="activityName" id="2056.4dac546e-e98e-3ed2-9940-24c5618b59bc">
</ns14:dataObject>
                            

                            <ns14:dataObject itemSubjectRef="itm.12.db884a3c-c533-44b7-bb2d-47bec8ad4022" isCollection="false" name="userName" id="2056.60ddb868-13a4-313b-9676-3850c8f7dcda">
</ns14:dataObject>
                            

                            <ns14:dataObject itemSubjectRef="itm.12.db884a3c-c533-44b7-bb2d-47bec8ad4022" isCollection="false" name="bpdInstanceName" id="2056.14ace414-29a2-3858-9ab9-25e93eba035c">
</ns14:dataObject>
                            

                            <ns14:dataObject itemSubjectRef="itm.12.db884a3c-c533-44b7-bb2d-47bec8ad4022" isCollection="false" name="bpdName" id="2056.dc1a133b-2071-3716-ad26-0fdf64d20d63">
</ns14:dataObject>
                            

                            <ns14:dataObject itemSubjectRef="itm.12.db884a3c-c533-44b7-bb2d-47bec8ad4022" isCollection="false" name="bpdInstanceId" id="2056.654a4b1f-466d-3bc7-9a21-7eb19dc56c6c">
</ns14:dataObject>
                            

                            <ns14:dataObject itemSubjectRef="itm.12.db884a3c-c533-44b7-bb2d-47bec8ad4022" isCollection="false" name="bpdDescription" id="2056.72a5cf2c-0ba2-38df-bdb0-23d349ee761c">
</ns14:dataObject>
                            

                            <ns14:dataObject itemSubjectRef="itm.12.db884a3c-c533-44b7-bb2d-47bec8ad4022" isCollection="false" name="activityDescription" id="2056.d855cc9e-e523-3a2c-be4f-b9c3e3fe5b5f">
</ns14:dataObject>
                            

                            <ns14:dataObject itemSubjectRef="itm.12.db884a3c-c533-44b7-bb2d-47bec8ad4022" isCollection="false" name="taskNarrative" id="2056.71170997-1297-3af4-824e-e4354f329cd6">
</ns14:dataObject>
                            

                            <ns14:dataObject itemSubjectRef="itm.12.db884a3c-c533-44b7-bb2d-47bec8ad4022" isCollection="false" name="defaultText" id="2056.fe7463aa-b29a-3a4f-865f-f6bfef389080">
</ns14:dataObject>
                            

                            <ns14:sequenceFlow sourceRef="55726d49-4367-35d7-956f-44d97a471a47" targetRef="2025.b8acefc8-cee5-3e03-865d-cca8d88dc92c" name="startLink" id="2027.fb157cd2-ec02-3b75-b662-82f21edb04c7">
                                

                                <ns14:extensionElements>
                                    

                                    <ns10:linkVisualInfo>
                                        

                                        <ns10:sourcePortLocation>rightCenter</ns10:sourcePortLocation>
                                        

                                        <ns10:targetPortLocation>leftCenter</ns10:targetPortLocation>
                                        

                                        <ns10:showLabel>false</ns10:showLabel>
                                        

                                        <ns10:labelPosition>0.0</ns10:labelPosition>
                                        

                                    </ns10:linkVisualInfo>
                                    

                                </ns14:extensionElements>
                                

                            </ns14:sequenceFlow>
                            

                            <ns14:sequenceFlow sourceRef="2025.b8acefc8-cee5-3e03-865d-cca8d88dc92c" targetRef="2025.ca63d1d3-909d-39ed-b77a-fb45e6e123fb" name="Get Task DetailsToDisplay Task Details3" id="2027.187e626f-83fa-3506-99ad-51f368b7909d">
                                

                                <ns14:extensionElements>
                                    

                                    <ns10:linkVisualInfo>
                                        

                                        <ns10:sourcePortLocation>rightCenter</ns10:sourcePortLocation>
                                        

                                        <ns10:targetPortLocation>leftCenter</ns10:targetPortLocation>
                                        

                                        <ns10:showLabel>false</ns10:showLabel>
                                        

                                        <ns10:showCoachControlLabel>false</ns10:showCoachControlLabel>
                                        

                                        <ns10:saveExecutionContext>false</ns10:saveExecutionContext>
                                        

                                        <ns10:labelPosition>0.0</ns10:labelPosition>
                                        

                                    </ns10:linkVisualInfo>
                                    

                                </ns14:extensionElements>
                                

                            </ns14:sequenceFlow>
                            

                            <ns14:sequenceFlow sourceRef="2025.ca63d1d3-909d-39ed-b77a-fb45e6e123fb" targetRef="f20e6b52-456b-31c0-83e4-a859a58c55da" name="Display Task DetailsToEnd4" id="2027.65629d32-fd2c-3330-92fa-c8527925a276">
                                

                                <ns14:extensionElements>
                                    

                                    <ns10:linkVisualInfo>
                                        

                                        <ns10:sourcePortLocation>rightCenter</ns10:sourcePortLocation>
                                        

                                        <ns10:targetPortLocation>leftCenter</ns10:targetPortLocation>
                                        

                                        <ns10:showLabel>false</ns10:showLabel>
                                        

                                        <ns10:showCoachControlLabel>true</ns10:showCoachControlLabel>
                                        

                                        <ns10:saveExecutionContext>true</ns10:saveExecutionContext>
                                        

                                        <ns10:labelPosition>0.0</ns10:labelPosition>
                                        

                                    </ns10:linkVisualInfo>
                                    

                                    <ns2:coachEventBinding id="e2df0a22-c189-380a-b708-d8cecb2aced0">
                                        

                                        <ns2:coachEventPath>Done</ns2:coachEventPath>
                                        

                                    </ns2:coachEventBinding>
                                    

                                </ns14:extensionElements>
                                

                            </ns14:sequenceFlow>
                            

                            <ns14:sequenceFlow sourceRef="2025.ca63d1d3-909d-39ed-b77a-fb45e6e123fb" targetRef="2025.5c54df76-3a33-318d-b390-45e351fe75bb" name="Display Task DetailsToPostpone Task5" id="2027.a560b8a8-2efe-3680-956a-d47702cde51a">
                                

                                <ns14:extensionElements>
                                    

                                    <ns10:linkVisualInfo>
                                        

                                        <ns10:sourcePortLocation>bottomCenter</ns10:sourcePortLocation>
                                        

                                        <ns10:targetPortLocation>topCenter</ns10:targetPortLocation>
                                        

                                        <ns10:showLabel>false</ns10:showLabel>
                                        

                                        <ns10:showCoachControlLabel>true</ns10:showCoachControlLabel>
                                        

                                        <ns10:saveExecutionContext>false</ns10:saveExecutionContext>
                                        

                                        <ns10:labelPosition>0.0</ns10:labelPosition>
                                        

                                    </ns10:linkVisualInfo>
                                    

                                    <ns2:coachEventBinding id="1cec2ba6-7fd0-383f-8c31-d264191be095">
                                        

                                        <ns2:coachEventPath>Complete_Later</ns2:coachEventPath>
                                        

                                    </ns2:coachEventBinding>
                                    

                                </ns14:extensionElements>
                                

                            </ns14:sequenceFlow>
                            

                            <ns14:sequenceFlow sourceRef="2025.5c54df76-3a33-318d-b390-45e351fe75bb" targetRef="2025.ca63d1d3-909d-39ed-b77a-fb45e6e123fb" name="Postpone TaskToDisplay Task Details6" id="2027.3347f365-e75c-31f6-85a4-217bf8661ddc">
                                

                                <ns14:extensionElements>
                                    

                                    <ns10:linkVisualInfo>
                                        

                                        <ns10:sourcePortLocation>bottomCenter</ns10:sourcePortLocation>
                                        

                                        <ns10:targetPortLocation>leftBottom</ns10:targetPortLocation>
                                        

                                        <ns10:showLabel>false</ns10:showLabel>
                                        

                                        <ns10:showCoachControlLabel>false</ns10:showCoachControlLabel>
                                        

                                        <ns10:saveExecutionContext>true</ns10:saveExecutionContext>
                                        

                                        <ns10:labelPosition>0.0</ns10:labelPosition>
                                        

                                    </ns10:linkVisualInfo>
                                    

                                </ns14:extensionElements>
                                

                            </ns14:sequenceFlow>
                            

                            <ns2:htmlHeaderTag id="7642e827-bf98-335f-afb1-546676229caa">
                                

                                <ns2:tagName>viewport</ns2:tagName>
                                

                                <ns2:content>width=device-width,initial-scale=1.0</ns2:content>
                                

                                <ns2:enabled>true</ns2:enabled>
                                

                            </ns2:htmlHeaderTag>
                            

                        </ns2:userTaskImplementation>
                        
-

                        <ns2:exposedAs>NotExposed</ns2:exposedAs>
                        

                        <ns2:mobileReady />
                        

                    </ns14:extensionElements>
                    

                    <ns14:ioSpecification>
                        

                        <ns14:inputSet />
                        

                        <ns14:outputSet />
                        

                    </ns14:ioSpecification>
                    

                </ns14:globalUserTask>
                

            </ns14:definitions>
        </coachflow>
        <link name="Untitled">
            <lastModified isNull="true" />
            <lastModifiedBy isNull="true" />
            <processLinkId>2027.6a4fe442-ef48-367c-af35-18a8eab5e723</processLinkId>
            <processId>1.c2d00e9e-9c34-3e08-9258-101bd61b964d</processId>
            <description isNull="true" />
            <fromProcessItemId>2025.b03393dd-5696-3caf-890b-d3437e78c2b1</fromProcessItemId>
            <endStateId>Out</endStateId>
            <toProcessItemId>2025.82e66c43-1679-3e3e-be1e-016bb93c270e</toProcessItemId>
            <guid>guid:00000006a4fe442e:f48367ca:f3518a8eab5:-e723</guid>
            <versionId>a0409a51-76e6-4c57-bca0-506e6993044a</versionId>
            <layoutData>
                <controlPoints />
                <showEndState>false</showEndState>
                <showName>false</showName>
            </layoutData>
            <fromItemPort locationId="rightCenter" portType="1" />
            <toItemPort locationId="rightCenter" portType="2" />
            <fromProcessItemId>2025.b03393dd-5696-3caf-890b-d3437e78c2b1</fromProcessItemId>
            <toProcessItemId>2025.82e66c43-1679-3e3e-be1e-016bb93c270e</toProcessItemId>
        </link>
    </process>
</teamworks>

