<?xml version="1.0" encoding="UTF-8"?>
<teamworks>
    <twClass id="12.167a89d8-583b-39d0-a900-725722605273" name="CalendarType">
        <lastModified>1463148017178</lastModified>
        <lastModifiedBy>admind</lastModifiedBy>
        <classId>12.167a89d8-583b-39d0-a900-725722605273</classId>
        <type>0</type>
        <isSystem>false</isSystem>
        <shared>false</shared>
        <isShadow>false</isShadow>
        <globalLifetime>false</globalLifetime>
        <internalName isNull="true" />
        <extensionType isNull="true" />
        <saveServiceRef isNull="true" />
        <bpmn2Data isNull="true" />
        <externalId isNull="true" />
        <dependencySummary isNull="true" />
        <description>Business object that provides selection options for the type of calendar to display.</description>
        <guid>guid:0000000167a89d85:83b39d0a:90072572260:-5273</guid>
        <versionId>071afeb4-036f-3e4a-a129-09b3a92cc40c</versionId>
        <definition>
            <validator>
                <className isNull="true" />
                <errorMessage isNull="true" />
                <webWidgetJavaClass isNull="true" />
                <configData>
                    <schema>
                        <simpleType name="CalendarType">
                            <restriction base="Selection">
                                <option value="gregorian" display="Gregorian" />
                                <option value="hebrew" display="Hebrew" />
                                <option value="islamic" display="Islamic" />
                            </restriction>
                        </simpleType>
                    </schema>
                </configData>
            </validator>
            <annotation type="com.lombardisoftware.core.xml.XMLTypeAnnotation" version="2.0">
                <exclude isNull="true" />
                <anonymous isNull="true" />
                <name isNull="true" />
                <namespace isNull="true" />
                <elementName isNull="true" />
                <elementNamespace isNull="true" />
                <protoTypeName isNull="true" />
                <baseTypeName isNull="true" />
                <specialType isNull="true" />
                <contentTypeVariety isNull="true" />
                <xscRef isNull="true" />
            </annotation>
        </definition>
    </twClass>
</teamworks>

