<?xml version="1.0" encoding="UTF-8"?>
<teamworks>
    <twClass id="12.448e4be1-7d04-37cf-8f20-2fd2f89ec6df" name="ShowCalendarSelection">
        <lastModified>1463148017178</lastModified>
        <lastModifiedBy>admind</lastModifiedBy>
        <classId>12.448e4be1-7d04-37cf-8f20-2fd2f89ec6df</classId>
        <type>0</type>
        <isSystem>false</isSystem>
        <shared>false</shared>
        <isShadow>false</isShadow>
        <globalLifetime>false</globalLifetime>
        <internalName isNull="true" />
        <extensionType isNull="true" />
        <saveServiceRef isNull="true" />
        <bpmn2Data isNull="true" />
        <externalId isNull="true" />
        <dependencySummary isNull="true" />
        <description>Business object that provides presentation options for the Date Time Picker.</description>
        <guid>guid:0000000448e4be17:d0437cf8:f202fd2f89e:-c6df</guid>
        <versionId>db39bd2f-faca-31a8-bf0c-d2674f025bd1</versionId>
        <definition>
            <validator>
                <className isNull="true" />
                <errorMessage isNull="true" />
                <webWidgetJavaClass isNull="true" />
                <configData>
                    <schema>
                        <simpleType name="ShowCalendarSelection">
                            <restriction base="Selection">
                                <option value="onClick" display="On Click" />
                                <option value="inline" display="Inline" />
                                <option value="never" display="Never" />
                            </restriction>
                        </simpleType>
                    </schema>
                </configData>
            </validator>
            <annotation type="com.lombardisoftware.core.xml.XMLTypeAnnotation" version="2.0">
                <exclude isNull="true" />
                <anonymous isNull="true" />
                <name isNull="true" />
                <namespace isNull="true" />
                <elementName isNull="true" />
                <elementNamespace isNull="true" />
                <protoTypeName isNull="true" />
                <baseTypeName isNull="true" />
                <specialType isNull="true" />
                <contentTypeVariety isNull="true" />
                <xscRef isNull="true" />
            </annotation>
        </definition>
    </twClass>
</teamworks>

