<?xml version="1.0" encoding="UTF-8"?>
<teamworks>
    <twClass id="12.cb456a48-0559-3586-a0d2-f2e8261706d9" name="TableSelectionType">
        <lastModified>1468886310074</lastModified>
        <lastModifiedBy>admind</lastModifiedBy>
        <classId>12.cb456a48-0559-3586-a0d2-f2e8261706d9</classId>
        <type>0</type>
        <isSystem>false</isSystem>
        <shared>false</shared>
        <isShadow>false</isShadow>
        <globalLifetime>false</globalLifetime>
        <internalName isNull="true" />
        <extensionType isNull="true" />
        <saveServiceRef isNull="true" />
        <bpmn2Data isNull="true" />
        <externalId isNull="true" />
        <dependencySummary isNull="true" />
        <description>Business object that provides selection options for table.</description>
        <guid>guid:0000000cb456a480:5593586a:0d2f2e82617:-06d9</guid>
        <versionId>4561941a-19fb-3708-bd67-e4a5274370ac</versionId>
        <definition>
            <validator>
                <className isNull="true" />
                <errorMessage isNull="true" />
                <webWidgetJavaClass isNull="true" />
                <configData>
                    <schema>
                        <simpleType name="TableSelectionType">
                            <restriction base="Selection">
                                <option value="single" display="Single Selection" />
                                <option value="multiple" display="Multiple Selection" />
                                <option value="none" display="No Selection" />
                            </restriction>
                        </simpleType>
                    </schema>
                </configData>
            </validator>
            <annotation type="com.lombardisoftware.core.xml.XMLTypeAnnotation" version="2.0">
                <exclude isNull="true" />
                <anonymous isNull="true" />
                <name isNull="true" />
                <namespace isNull="true" />
                <elementName isNull="true" />
                <elementNamespace isNull="true" />
                <protoTypeName isNull="true" />
                <baseTypeName isNull="true" />
                <specialType isNull="true" />
                <contentTypeVariety isNull="true" />
                <xscRef isNull="true" />
            </annotation>
        </definition>
    </twClass>
</teamworks>

