<?xml version="1.0" encoding="UTF-8"?>
<teamworks>
    <twClass id="12.d9d3a9b5-44e0-3ddc-b31e-c41afb1aa69f" name="TableEditMode">
        <lastModified>1463148017178</lastModified>
        <lastModifiedBy>admind</lastModifiedBy>
        <classId>12.d9d3a9b5-44e0-3ddc-b31e-c41afb1aa69f</classId>
        <type>0</type>
        <isSystem>false</isSystem>
        <shared>false</shared>
        <isShadow>false</isShadow>
        <globalLifetime>false</globalLifetime>
        <internalName isNull="true" />
        <extensionType isNull="true" />
        <saveServiceRef isNull="true" />
        <bpmn2Data isNull="true" />
        <externalId isNull="true" />
        <dependencySummary isNull="true" />
        <description>Business object that provides edit mode options for table.</description>
        <guid>guid:0000000d9d3a9b54:4e03ddcb:31ec41afb1a:-a69f</guid>
        <versionId>61872f36-20db-3a68-86f1-fa51b43bb073</versionId>
        <definition>
            <validator>
                <className isNull="true" />
                <errorMessage isNull="true" />
                <webWidgetJavaClass isNull="true" />
                <configData>
                    <schema>
                        <simpleType name="TableEditMode">
                            <restriction base="Selection">
                                <option value="clickToEdit" display="Click cell to edit" />
                                <option value="editLink" display="Show edit mode toggle" />
                                <option value="alwaysEditable" display="Always editable" />
                            </restriction>
                        </simpleType>
                    </schema>
                </configData>
            </validator>
            <annotation type="com.lombardisoftware.core.xml.XMLTypeAnnotation" version="2.0">
                <exclude isNull="true" />
                <anonymous isNull="true" />
                <name isNull="true" />
                <namespace isNull="true" />
                <elementName isNull="true" />
                <elementNamespace isNull="true" />
                <protoTypeName isNull="true" />
                <baseTypeName isNull="true" />
                <specialType isNull="true" />
                <contentTypeVariety isNull="true" />
                <xscRef isNull="true" />
            </annotation>
        </definition>
    </twClass>
</teamworks>

