<?xml version="1.0" encoding="UTF-8"?>
<teamworks>
    <twClass id="12.d33988e3-8698-36d8-99f5-0ea3f295a6e2" name="TextAreaType">
        <lastModified>1468886310074</lastModified>
        <lastModifiedBy>admind</lastModifiedBy>
        <classId>12.d33988e3-8698-36d8-99f5-0ea3f295a6e2</classId>
        <type>0</type>
        <isSystem>false</isSystem>
        <shared>false</shared>
        <isShadow>false</isShadow>
        <globalLifetime>false</globalLifetime>
        <internalName isNull="true" />
        <extensionType isNull="true" />
        <saveServiceRef isNull="true" />
        <bpmn2Data isNull="true" />
        <externalId isNull="true" />
        <dependencySummary isNull="true" />
        <description>Business object that provides selection options for TextArea.</description>
        <guid>guid:0000000d33988e38:69836d89:9f50ea3f295:-a6e2</guid>
        <versionId>57a45256-e36e-37dd-824a-50c0f3e3b787</versionId>
        <definition>
            <validator>
                <className isNull="true" />
                <errorMessage isNull="true" />
                <webWidgetJavaClass isNull="true" />
                <configData>
                    <schema>
                        <simpleType name="TextAreaType">
                            <restriction base="Selection">
                                <option value="plain" display="Plain Text" />
                                <option value="rich" display="Rich Text" />
                            </restriction>
                        </simpleType>
                    </schema>
                </configData>
            </validator>
            <annotation type="com.lombardisoftware.core.xml.XMLTypeAnnotation" version="2.0">
                <exclude isNull="true" />
                <anonymous isNull="true" />
                <name isNull="true" />
                <namespace isNull="true" />
                <elementName isNull="true" />
                <elementNamespace isNull="true" />
                <protoTypeName isNull="true" />
                <baseTypeName isNull="true" />
                <specialType isNull="true" />
                <contentTypeVariety isNull="true" />
                <xscRef isNull="true" />
            </annotation>
        </definition>
    </twClass>
</teamworks>

