<?xml version="1.0" encoding="UTF-8"?>
<teamworks>
    <twClass id="12.de37500c-5fb7-3e29-a254-87125567f9b4" name="ShowAsSelection">
        <lastModified>1463148017178</lastModified>
        <lastModifiedBy>admind</lastModifiedBy>
        <classId>12.de37500c-5fb7-3e29-a254-87125567f9b4</classId>
        <type>0</type>
        <isSystem>false</isSystem>
        <shared>false</shared>
        <isShadow>false</isShadow>
        <globalLifetime>false</globalLifetime>
        <internalName isNull="true" />
        <extensionType isNull="true" />
        <saveServiceRef isNull="true" />
        <bpmn2Data isNull="true" />
        <externalId isNull="true" />
        <dependencySummary isNull="true" />
        <description>Business object that provides selection options for the checkbox.</description>
        <guid>guid:0000000de37500c5:fb73e29a:25487125567:-f9b4</guid>
        <versionId>38b87996-776b-3b0d-9fb7-1354d363bd82</versionId>
        <definition>
            <validator>
                <className isNull="true" />
                <errorMessage isNull="true" />
                <webWidgetJavaClass isNull="true" />
                <configData>
                    <schema>
                        <simpleType name="ShowAsSelection">
                            <restriction base="Selection">
                                <option value="checkbox" display="Checkbox" />
                                <option value="radio" display="Two Radio Buttons" />
                                <option value="slider" display="Switch" />
                            </restriction>
                        </simpleType>
                    </schema>
                </configData>
            </validator>
            <annotation type="com.lombardisoftware.core.xml.XMLTypeAnnotation" version="2.0">
                <exclude isNull="true" />
                <anonymous isNull="true" />
                <name isNull="true" />
                <namespace isNull="true" />
                <elementName isNull="true" />
                <elementNamespace isNull="true" />
                <protoTypeName isNull="true" />
                <baseTypeName isNull="true" />
                <specialType isNull="true" />
                <contentTypeVariety isNull="true" />
                <xscRef isNull="true" />
            </annotation>
        </definition>
    </twClass>
</teamworks>

