<?xml version="1.0" encoding="UTF-8"?>
<teamworks>
    <twClass id="12.ddcd57b0-e8ff-3536-81d0-7d64f7fa49f1" name="AlignTypes">
        <lastModified>1463148017178</lastModified>
        <lastModifiedBy>admind</lastModifiedBy>
        <classId>12.ddcd57b0-e8ff-3536-81d0-7d64f7fa49f1</classId>
        <type>0</type>
        <isSystem>false</isSystem>
        <shared>false</shared>
        <isShadow>false</isShadow>
        <globalLifetime>false</globalLifetime>
        <internalName isNull="true" />
        <extensionType isNull="true" />
        <saveServiceRef isNull="true" />
        <bpmn2Data isNull="true" />
        <externalId isNull="true" />
        <dependencySummary isNull="true" />
        <description>Business object that provides selection options for alignment.</description>
        <guid>guid:0000000ddcd57b0e:8ff35368:1d07d64f7fa:-49f1</guid>
        <versionId>a656f479-bde7-3fc3-815f-d182413e83a3</versionId>
        <definition>
            <validator>
                <className isNull="true" />
                <errorMessage isNull="true" />
                <webWidgetJavaClass isNull="true" />
                <configData>
                    <schema>
                        <simpleType name="AlignTypes">
                            <restriction base="Selection">
                                <option value="default" display="Default" />
                                <option value="left" display="Left" />
                                <option value="center" display="Center" />
                                <option value="right" display="Right" />
                            </restriction>
                        </simpleType>
                    </schema>
                </configData>
            </validator>
            <annotation type="com.lombardisoftware.core.xml.XMLTypeAnnotation" version="2.0">
                <exclude isNull="true" />
                <anonymous isNull="true" />
                <name isNull="true" />
                <namespace isNull="true" />
                <elementName isNull="true" />
                <elementNamespace isNull="true" />
                <protoTypeName isNull="true" />
                <baseTypeName isNull="true" />
                <specialType isNull="true" />
                <contentTypeVariety isNull="true" />
                <xscRef isNull="true" />
            </annotation>
        </definition>
    </twClass>
</teamworks>

