<?xml version="1.0" encoding="UTF-8"?>
<teamworks>
    <managedAsset id="61.00c1dd4e-d8f5-340d-86a9-bef3d9bf95bb" name="camera.html">
        <lastModified>1463148019337</lastModified>
        <lastModifiedBy>admind</lastModifiedBy>
        <managedAssetId>61.00c1dd4e-d8f5-340d-86a9-bef3d9bf95bb</managedAssetId>
        <assetUuid>2634495e-5a79-42dd-9705-0441c72cadb2</assetUuid>
        <mimeType>text/html</mimeType>
        <charEncoding isNull="true" />
        <assetTypeCode>W</assetTypeCode>
        <length>2009</length>
        <localLastModification>1456862567635</localLastModification>
        <description isNull="true" />
        <isDocumentationFile>false</isDocumentationFile>
        <guid>guid:000000000c1dd4ed:8f5340d8:6a9bef3d9bf:-95bb</guid>
        <versionId>affc4500-fefb-3edb-be0e-6282de99969c</versionId>
    </managedAsset>
</teamworks>

