<?xml version="1.0" encoding="UTF-8"?>
<teamworks>
    <managedAsset id="61.014ae28f-cd84-36ff-a823-3d31e8e2f37a" name="tabs.html">
        <lastModified>1463148019337</lastModified>
        <lastModifiedBy>admind</lastModifiedBy>
        <managedAssetId>61.014ae28f-cd84-36ff-a823-3d31e8e2f37a</managedAssetId>
        <assetUuid>9f21f206-c218-4f99-b71c-d6d630c0b9e8</assetUuid>
        <mimeType>text/html</mimeType>
        <charEncoding isNull="true" />
        <assetTypeCode>W</assetTypeCode>
        <length>1326</length>
        <localLastModification>1456862567618</localLastModification>
        <description isNull="true" />
        <isDocumentationFile>false</isDocumentationFile>
        <guid>guid:0000000014ae28fc:d8436ffa:8233d31e8e2:-f37a</guid>
        <versionId>fbe6d610-fb49-33f4-911f-b137fb29ffa3</versionId>
    </managedAsset>
</teamworks>

