<?xml version="1.0" encoding="UTF-8"?>
<teamworks>
    <managedAsset id="61.0e3bab6a-323e-391c-8fb6-0e0dd039f385" name="ui-grid.zip">
        <lastModified>1468886313525</lastModified>
        <lastModifiedBy>admind</lastModifiedBy>
        <managedAssetId>61.0e3bab6a-323e-391c-8fb6-0e0dd039f385</managedAssetId>
        <assetUuid>f2d81c4f-bb6e-4d48-a2f8-ddb07402cd61</assetUuid>
        <mimeType>application/zip</mimeType>
        <charEncoding isNull="true" />
        <assetTypeCode>W</assetTypeCode>
        <length>308089</length>
        <localLastModification>1466635373788</localLastModification>
        <description isNull="true" />
        <isDocumentationFile>false</isDocumentationFile>
        <guid>guid:00000000e3bab6a3:23e391c8:fb60e0dd039:-f385</guid>
        <versionId>9dad45c1-5c25-3266-963b-322c10ea1ff4</versionId>
    </managedAsset>
</teamworks>

