<?xml version="1.0" encoding="UTF-8"?>
<teamworks>
    <managedAsset id="61.0e3bab6a-323e-391c-8fb6-0e0dd039f385" name="ui-grid.zip">
        <lastModified>1463148019337</lastModified>
        <lastModifiedBy>admind</lastModifiedBy>
        <managedAssetId>61.0e3bab6a-323e-391c-8fb6-0e0dd039f385</managedAssetId>
        <assetUuid>9f2930d4-89b1-44c1-baa8-4412dd26aedf</assetUuid>
        <mimeType>application/zip</mimeType>
        <charEncoding isNull="true" />
        <assetTypeCode>W</assetTypeCode>
        <length>308089</length>
        <localLastModification>1456862567625</localLastModification>
        <description isNull="true" />
        <isDocumentationFile>false</isDocumentationFile>
        <guid>guid:00000000e3bab6a3:23e391c8:fb60e0dd039:-f385</guid>
        <versionId>12c9fc05-ab9d-34ee-9f74-1c3b64d6396c</versionId>
    </managedAsset>
</teamworks>

