<?xml version="1.0" encoding="UTF-8"?>
<teamworks>
    <managedAsset id="61.1a7a7a94-05f5-36b8-a535-81a35b0c43ec" name="text.preview.min.js">
        <lastModified>1463148019337</lastModified>
        <lastModifiedBy>admind</lastModifiedBy>
        <managedAssetId>61.1a7a7a94-05f5-36b8-a535-81a35b0c43ec</managedAssetId>
        <assetUuid>7d3ce959-0e08-4f37-a355-10c9ad62f68a</assetUuid>
        <mimeType>application/javascript</mimeType>
        <charEncoding isNull="true" />
        <assetTypeCode>W</assetTypeCode>
        <length>1611</length>
        <localLastModification>1456862567628</localLastModification>
        <description isNull="true" />
        <isDocumentationFile>false</isDocumentationFile>
        <guid>guid:00000001a7a7a940:5f536b8a:53581a35b0c:-43ec</guid>
        <versionId>55e57ef9-e500-39c2-b477-7db6c9601bc5</versionId>
    </managedAsset>
</teamworks>

