<?xml version="1.0" encoding="UTF-8"?>
<teamworks>
    <managedAsset id="61.1b616b83-fed9-3233-a7ae-0ac0a6c225aa" name="dataGrid_palette.png">
        <lastModified>1463148019337</lastModified>
        <lastModifiedBy>admind</lastModifiedBy>
        <managedAssetId>61.1b616b83-fed9-3233-a7ae-0ac0a6c225aa</managedAssetId>
        <assetUuid>eaa027be-dde2-43bb-a059-d57c21548dfd</assetUuid>
        <mimeType>image/png</mimeType>
        <charEncoding isNull="true" />
        <assetTypeCode>W</assetTypeCode>
        <length>15936</length>
        <localLastModification>1456862567629</localLastModification>
        <description isNull="true" />
        <isDocumentationFile>false</isDocumentationFile>
        <guid>guid:00000001b616b83f:ed93233a:7ae0ac0a6c2:-25aa</guid>
        <versionId>45ee6259-f45f-32d7-985b-972d077e4c9e</versionId>
    </managedAsset>
</teamworks>

