<?xml version="1.0" encoding="UTF-8"?>
<teamworks>
    <managedAsset id="61.10c4d01d-239e-3684-bf1e-a18360e3e084" name="section.html">
        <lastModified>1468886313525</lastModified>
        <lastModifiedBy>admind</lastModifiedBy>
        <managedAssetId>61.10c4d01d-239e-3684-bf1e-a18360e3e084</managedAssetId>
        <assetUuid>58e81caf-5aac-48e7-90d3-806b9c49f949</assetUuid>
        <mimeType>text/html</mimeType>
        <charEncoding isNull="true" />
        <assetTypeCode>W</assetTypeCode>
        <length>1438</length>
        <localLastModification>1466635373799</localLastModification>
        <description isNull="true" />
        <isDocumentationFile>false</isDocumentationFile>
        <guid>guid:000000010c4d01d2:39e3684b:f1ea18360e3:-e084</guid>
        <versionId>be052fa5-14c2-3e48-a93f-4c13dab0677a</versionId>
    </managedAsset>
</teamworks>

