<?xml version="1.0" encoding="UTF-8"?>
<teamworks>
    <managedAsset id="61.21f9b3d4-0176-3464-974a-4fc58dfee58b" name="integer.html">
        <lastModified>1468886313525</lastModified>
        <lastModifiedBy>admind</lastModifiedBy>
        <managedAssetId>61.21f9b3d4-0176-3464-974a-4fc58dfee58b</managedAssetId>
        <assetUuid>d951be54-5c94-4978-86b7-181eb9f15c6e</assetUuid>
        <mimeType>text/html</mimeType>
        <charEncoding isNull="true" />
        <assetTypeCode>W</assetTypeCode>
        <length>1952</length>
        <localLastModification>1466635373798</localLastModification>
        <description isNull="true" />
        <isDocumentationFile>false</isDocumentationFile>
        <guid>guid:000000021f9b3d40:17634649:74a4fc58dfe:-e58b</guid>
        <versionId>9052233f-b8a8-3ea5-a4cc-54d3fbd6e63c</versionId>
    </managedAsset>
</teamworks>

