<?xml version="1.0" encoding="UTF-8"?>
<teamworks>
    <managedAsset id="61.27722576-fa62-3112-8023-8014700ab409" name="button_palette.png">
        <lastModified>1468886313525</lastModified>
        <lastModifiedBy>admind</lastModifiedBy>
        <managedAssetId>61.27722576-fa62-3112-8023-8014700ab409</managedAssetId>
        <assetUuid>a5dfbd2c-7fc2-4e3a-ac1e-784ab8410380</assetUuid>
        <mimeType>image/png</mimeType>
        <charEncoding isNull="true" />
        <assetTypeCode>W</assetTypeCode>
        <length>15308</length>
        <localLastModification>1466635373800</localLastModification>
        <description isNull="true" />
        <isDocumentationFile>false</isDocumentationFile>
        <guid>guid:000000027722576f:a6231128:0238014700a:-b409</guid>
        <versionId>546d5285-3e7e-338a-9151-d4dae48a1f16</versionId>
    </managedAsset>
</teamworks>

