<?xml version="1.0" encoding="UTF-8"?>
<teamworks>
    <managedAsset id="61.26cc44c4-34a9-317a-a93e-a15f0f87d82f" name="decimal.preview.min.js">
        <lastModified>1463148019337</lastModified>
        <lastModifiedBy>admind</lastModifiedBy>
        <managedAssetId>61.26cc44c4-34a9-317a-a93e-a15f0f87d82f</managedAssetId>
        <assetUuid>aade6b50-0eb6-4cb8-b394-fbf511b316fb</assetUuid>
        <mimeType>application/javascript</mimeType>
        <charEncoding isNull="true" />
        <assetTypeCode>W</assetTypeCode>
        <length>1617</length>
        <localLastModification>1456862567622</localLastModification>
        <description isNull="true" />
        <isDocumentationFile>false</isDocumentationFile>
        <guid>guid:000000026cc44c43:4a9317aa:93ea15f0f87:-d82f</guid>
        <versionId>1b946372-6f3c-3b59-8db3-daf1dc537b8a</versionId>
    </managedAsset>
</teamworks>

