<?xml version="1.0" encoding="UTF-8"?>
<teamworks>
    <managedAsset id="61.27ca5a53-c4c5-3540-a002-6cf2e24f118b" name="e77f2a7e-10b4-45ee-90eb-e5b1546cc743.zip">
        <lastModified>1468886313525</lastModified>
        <lastModifiedBy>admind</lastModifiedBy>
        <managedAssetId>61.27ca5a53-c4c5-3540-a002-6cf2e24f118b</managedAssetId>
        <assetUuid>5be167e4-0ece-4d42-98d1-502b159c8370</assetUuid>
        <mimeType>application/zip</mimeType>
        <charEncoding isNull="true" />
        <assetTypeCode>T</assetTypeCode>
        <length>28695</length>
        <localLastModification>1466635373801</localLastModification>
        <description isNull="true" />
        <isDocumentationFile>false</isDocumentationFile>
        <guid>guid:000000027ca5a53c:4c53540a:0026cf2e24f:-118b</guid>
        <versionId>533751cf-d140-3afc-8324-693b2db7d39e</versionId>
    </managedAsset>
</teamworks>

