<?xml version="1.0" encoding="UTF-8"?>
<teamworks>
    <managedAsset id="61.3a6be9c3-2b79-382a-9669-6843d87da45c" name="text_preview.png">
        <lastModified>1468886313525</lastModified>
        <lastModifiedBy>admind</lastModifiedBy>
        <managedAssetId>61.3a6be9c3-2b79-382a-9669-6843d87da45c</managedAssetId>
        <assetUuid>6a8eb2bb-3638-418c-bb44-ce18adb2c77b</assetUuid>
        <mimeType>image/png</mimeType>
        <charEncoding isNull="true" />
        <assetTypeCode>W</assetTypeCode>
        <length>3125</length>
        <localLastModification>1466635373792</localLastModification>
        <description isNull="true" />
        <isDocumentationFile>false</isDocumentationFile>
        <guid>guid:00000003a6be9c32:b79382a9:6696843d87d:-a45c</guid>
        <versionId>7c11d621-a22d-31ef-a64b-aeff711107ba</versionId>
    </managedAsset>
</teamworks>

