<?xml version="1.0" encoding="UTF-8"?>
<teamworks>
    <managedAsset id="61.3b1424a2-b053-3d27-9238-554243ce8bff" name="checkbox.html">
        <lastModified>1468886313525</lastModified>
        <lastModifiedBy>admind</lastModifiedBy>
        <managedAssetId>61.3b1424a2-b053-3d27-9238-554243ce8bff</managedAssetId>
        <assetUuid>1b8aaf8a-1879-4d5c-afdd-f1cb80a4ae9e</assetUuid>
        <mimeType>text/html</mimeType>
        <charEncoding isNull="true" />
        <assetTypeCode>W</assetTypeCode>
        <length>3671</length>
        <localLastModification>1466635373808</localLastModification>
        <description isNull="true" />
        <isDocumentationFile>false</isDocumentationFile>
        <guid>guid:00000003b1424a2b:0533d279:238554243ce:-8bff</guid>
        <versionId>42877f0e-408d-36fe-af8e-ee302a9a3f60</versionId>
    </managedAsset>
</teamworks>

