<?xml version="1.0" encoding="UTF-8"?>
<teamworks>
    <managedAsset id="61.3623680d-cb30-3bb2-bda1-a0d6deb01e00" name="controls.debug.zip">
        <lastModified>1468886313525</lastModified>
        <lastModifiedBy>admind</lastModifiedBy>
        <managedAssetId>61.3623680d-cb30-3bb2-bda1-a0d6deb01e00</managedAssetId>
        <assetUuid>cd9cd16c-e061-4bf1-83ad-c588e3f1c6c4</assetUuid>
        <mimeType>application/zip</mimeType>
        <charEncoding isNull="true" />
        <assetTypeCode>W</assetTypeCode>
        <length>843025</length>
        <localLastModification>1466635373788</localLastModification>
        <description isNull="true" />
        <isDocumentationFile>false</isDocumentationFile>
        <guid>guid:00000003623680dc:b303bb2b:da1a0d6deb0:-1e00</guid>
        <versionId>8243fecb-3d35-3e15-b209-65d79ab2868a</versionId>
    </managedAsset>
</teamworks>

