<?xml version="1.0" encoding="UTF-8"?>
<teamworks>
    <managedAsset id="61.491541f5-0dae-3e57-90fc-84480c87d751" name="radioButton_palette.png">
        <lastModified>1468886313525</lastModified>
        <lastModifiedBy>admind</lastModifiedBy>
        <managedAssetId>61.491541f5-0dae-3e57-90fc-84480c87d751</managedAssetId>
        <assetUuid>323fc0d8-9e96-4f9b-b289-2460ece366c4</assetUuid>
        <mimeType>image/png</mimeType>
        <charEncoding isNull="true" />
        <assetTypeCode>W</assetTypeCode>
        <length>18078</length>
        <localLastModification>1466635373790</localLastModification>
        <description isNull="true" />
        <isDocumentationFile>false</isDocumentationFile>
        <guid>guid:0000000491541f50:dae3e579:0fc84480c87:-d751</guid>
        <versionId>97b30798-6801-3d81-b96f-d99f32fd2b58</versionId>
    </managedAsset>
</teamworks>

