<?xml version="1.0" encoding="UTF-8"?>
<teamworks>
    <managedAsset id="61.4708564d-eb36-3622-b171-9bc7ec9c2238" name="editorIconsEnabled.png">
        <lastModified>1468886313525</lastModified>
        <lastModifiedBy>admind</lastModifiedBy>
        <managedAssetId>61.4708564d-eb36-3622-b171-9bc7ec9c2238</managedAssetId>
        <assetUuid>acd54dbd-ace3-4f3f-98f5-26a7dafa9664</assetUuid>
        <mimeType>image/png</mimeType>
        <charEncoding isNull="true" />
        <assetTypeCode>W</assetTypeCode>
        <length>3790</length>
        <localLastModification>1466635373783</localLastModification>
        <description isNull="true" />
        <isDocumentationFile>false</isDocumentationFile>
        <guid>guid:00000004708564de:b363622b:1719bc7ec9c:-2238</guid>
        <versionId>bf644ebc-5880-3f1c-a837-2a297de4b52a</versionId>
    </managedAsset>
</teamworks>

