<?xml version="1.0" encoding="UTF-8"?>
<teamworks>
    <managedAsset id="61.426c224b-553b-3416-ba4a-09cd00c8da97" name="radioButtons.html">
        <lastModified>1468886313525</lastModified>
        <lastModifiedBy>admind</lastModifiedBy>
        <managedAssetId>61.426c224b-553b-3416-ba4a-09cd00c8da97</managedAssetId>
        <assetUuid>635a3381-2833-40c6-b072-758e3bd0e46e</assetUuid>
        <mimeType>text/html</mimeType>
        <charEncoding isNull="true" />
        <assetTypeCode>W</assetTypeCode>
        <length>1379</length>
        <localLastModification>1466635373784</localLastModification>
        <description isNull="true" />
        <isDocumentationFile>false</isDocumentationFile>
        <guid>guid:0000000426c224b5:53b3416b:a4a09cd00c8:-da97</guid>
        <versionId>4adcb462-1431-3a26-8bec-3c88cd39b6fb</versionId>
    </managedAsset>
</teamworks>

