<?xml version="1.0" encoding="UTF-8"?>
<teamworks>
    <managedAsset id="61.5ea2a700-201f-3247-9bcc-bea7075f5630" name="button_preview.png">
        <lastModified>1468886313525</lastModified>
        <lastModifiedBy>admind</lastModifiedBy>
        <managedAssetId>61.5ea2a700-201f-3247-9bcc-bea7075f5630</managedAssetId>
        <assetUuid>053ec44f-af90-4c82-8457-15b12ee01b3e</assetUuid>
        <mimeType>image/png</mimeType>
        <charEncoding isNull="true" />
        <assetTypeCode>W</assetTypeCode>
        <length>545</length>
        <localLastModification>1466635373801</localLastModification>
        <description isNull="true" />
        <isDocumentationFile>false</isDocumentationFile>
        <guid>guid:00000005ea2a7002:01f32479:bccbea7075f:-5630</guid>
        <versionId>c929a829-8d2c-37a2-814a-328a5bf6f728</versionId>
    </managedAsset>
</teamworks>

