<?xml version="1.0" encoding="UTF-8"?>
<teamworks>
    <managedAsset id="61.50104f5b-8550-3a5b-856f-439671b0ca70" name="dataGrid.html">
        <lastModified>1468886313525</lastModified>
        <lastModifiedBy>admind</lastModifiedBy>
        <managedAssetId>61.50104f5b-8550-3a5b-856f-439671b0ca70</managedAssetId>
        <assetUuid>397d570a-0ec2-4580-a1e6-9a2a35caffa6</assetUuid>
        <mimeType>text/html</mimeType>
        <charEncoding isNull="true" />
        <assetTypeCode>W</assetTypeCode>
        <length>290</length>
        <localLastModification>1466635373784</localLastModification>
        <description isNull="true" />
        <isDocumentationFile>false</isDocumentationFile>
        <guid>guid:000000050104f5b8:5503a5b8:56f439671b0:-ca70</guid>
        <versionId>857a7026-0f3d-3944-b81c-ae18d7a5cc4a</versionId>
    </managedAsset>
</teamworks>

