<?xml version="1.0" encoding="UTF-8"?>
<teamworks>
    <managedAsset id="61.5f6754c0-d96e-3cb2-ab5b-af0b73a9d182" name="checkbox.preview.min.js">
        <lastModified>1463148019337</lastModified>
        <lastModifiedBy>admind</lastModifiedBy>
        <managedAssetId>61.5f6754c0-d96e-3cb2-ab5b-af0b73a9d182</managedAssetId>
        <assetUuid>f419796a-87c2-4d61-9b54-6855d6de0af1</assetUuid>
        <mimeType>application/javascript</mimeType>
        <charEncoding isNull="true" />
        <assetTypeCode>W</assetTypeCode>
        <length>1619</length>
        <localLastModification>1456862567626</localLastModification>
        <description isNull="true" />
        <isDocumentationFile>false</isDocumentationFile>
        <guid>guid:00000005f6754c0d:96e3cb2a:b5baf0b73a9:-d182</guid>
        <versionId>f81b54ab-c9c9-323e-962b-390460ee78c7</versionId>
    </managedAsset>
</teamworks>

