<?xml version="1.0" encoding="UTF-8"?>
<teamworks>
    <managedAsset id="61.5c2cce6c-061e-30ce-be7f-206497563477" name="image.html">
        <lastModified>1463148019337</lastModified>
        <lastModifiedBy>admind</lastModifiedBy>
        <managedAssetId>61.5c2cce6c-061e-30ce-be7f-206497563477</managedAssetId>
        <assetUuid>9dee985e-ab81-4a0c-81be-df9f271b7c13</assetUuid>
        <mimeType>text/html</mimeType>
        <charEncoding isNull="true" />
        <assetTypeCode>W</assetTypeCode>
        <length>757</length>
        <localLastModification>1456862567615</localLastModification>
        <description isNull="true" />
        <isDocumentationFile>false</isDocumentationFile>
        <guid>guid:00000005c2cce6c0:61e30ceb:e7f20649756:-3477</guid>
        <versionId>30a35ccc-f150-367c-babf-c8ac9095bf3c</versionId>
    </managedAsset>
</teamworks>

