<?xml version="1.0" encoding="UTF-8"?>
<teamworks>
    <managedAsset id="61.59232915-ea8e-3e33-88ad-125713ec813b" name="tabs_palette.png">
        <lastModified>1463148019337</lastModified>
        <lastModifiedBy>admind</lastModifiedBy>
        <managedAssetId>61.59232915-ea8e-3e33-88ad-125713ec813b</managedAssetId>
        <assetUuid>9cf530b2-8c3e-4742-a1d9-a3344c557802</assetUuid>
        <mimeType>image/png</mimeType>
        <charEncoding isNull="true" />
        <assetTypeCode>W</assetTypeCode>
        <length>15328</length>
        <localLastModification>1456862567629</localLastModification>
        <description isNull="true" />
        <isDocumentationFile>false</isDocumentationFile>
        <guid>guid:000000059232915e:a8e3e338:8ad125713ec:-813b</guid>
        <versionId>0f7752ff-947f-38fc-bcf8-12ab0624ffeb</versionId>
    </managedAsset>
</teamworks>

