<?xml version="1.0" encoding="UTF-8"?>
<teamworks>
    <managedAsset id="61.5ea2a700-201f-3247-9bcc-bea7075f5630" name="button_preview.png">
        <lastModified>1463148019337</lastModified>
        <lastModifiedBy>admind</lastModifiedBy>
        <managedAssetId>61.5ea2a700-201f-3247-9bcc-bea7075f5630</managedAssetId>
        <assetUuid>5fa5a404-fa87-4ef6-8f83-4aaa7b7e2920</assetUuid>
        <mimeType>image/png</mimeType>
        <charEncoding isNull="true" />
        <assetTypeCode>W</assetTypeCode>
        <length>545</length>
        <localLastModification>1456862567618</localLastModification>
        <description isNull="true" />
        <isDocumentationFile>false</isDocumentationFile>
        <guid>guid:00000005ea2a7002:01f32479:bccbea7075f:-5630</guid>
        <versionId>c929a829-8d2c-37a2-814a-328a5bf6f728</versionId>
    </managedAsset>
</teamworks>

