<?xml version="1.0" encoding="UTF-8"?>
<teamworks>
    <managedAsset id="61.591ddb96-72bf-3a81-9ed4-a42f2b68bc27" name="camera.preview.min.js">
        <lastModified>1468886313525</lastModified>
        <lastModifiedBy>admind</lastModifiedBy>
        <managedAssetId>61.591ddb96-72bf-3a81-9ed4-a42f2b68bc27</managedAssetId>
        <assetUuid>de944f0e-a080-40a6-a9e5-449d8d558564</assetUuid>
        <mimeType>application/javascript</mimeType>
        <charEncoding isNull="true" />
        <assetTypeCode>W</assetTypeCode>
        <length>1022</length>
        <localLastModification>1466635373809</localLastModification>
        <description isNull="true" />
        <isDocumentationFile>false</isDocumentationFile>
        <guid>guid:0000000591ddb967:2bf3a819:ed4a42f2b68:-bc27</guid>
        <versionId>48458681-0531-3308-8c5c-74f816b844af</versionId>
    </managedAsset>
</teamworks>

