<?xml version="1.0" encoding="UTF-8"?>
<teamworks>
    <managedAsset id="61.5c2cce6c-061e-30ce-be7f-206497563477" name="image.html">
        <lastModified>1468886313525</lastModified>
        <lastModifiedBy>admind</lastModifiedBy>
        <managedAssetId>61.5c2cce6c-061e-30ce-be7f-206497563477</managedAssetId>
        <assetUuid>fc1d4c3d-1499-4c64-bca1-d39c66b3dcef</assetUuid>
        <mimeType>text/html</mimeType>
        <charEncoding isNull="true" />
        <assetTypeCode>W</assetTypeCode>
        <length>757</length>
        <localLastModification>1466635373807</localLastModification>
        <description isNull="true" />
        <isDocumentationFile>false</isDocumentationFile>
        <guid>guid:00000005c2cce6c0:61e30ceb:e7f20649756:-3477</guid>
        <versionId>30a35ccc-f150-367c-babf-c8ac9095bf3c</versionId>
    </managedAsset>
</teamworks>

