<?xml version="1.0" encoding="UTF-8"?>
<teamworks>
    <managedAsset id="61.50104f5b-8550-3a5b-856f-439671b0ca70" name="dataGrid.html">
        <lastModified>1463148019337</lastModified>
        <lastModifiedBy>admind</lastModifiedBy>
        <managedAssetId>61.50104f5b-8550-3a5b-856f-439671b0ca70</managedAssetId>
        <assetUuid>7c89f947-4468-452b-8bbb-5a9fd88140a1</assetUuid>
        <mimeType>text/html</mimeType>
        <charEncoding isNull="true" />
        <assetTypeCode>W</assetTypeCode>
        <length>290</length>
        <localLastModification>1456862567631</localLastModification>
        <description isNull="true" />
        <isDocumentationFile>false</isDocumentationFile>
        <guid>guid:000000050104f5b8:5503a5b8:56f439671b0:-ca70</guid>
        <versionId>857a7026-0f3d-3944-b81c-ae18d7a5cc4a</versionId>
    </managedAsset>
</teamworks>

