<?xml version="1.0" encoding="UTF-8"?>
<teamworks>
    <managedAsset id="61.59232915-ea8e-3e33-88ad-125713ec813b" name="tabs_palette.png">
        <lastModified>1468886313525</lastModified>
        <lastModifiedBy>admind</lastModifiedBy>
        <managedAssetId>61.59232915-ea8e-3e33-88ad-125713ec813b</managedAssetId>
        <assetUuid>9f7fa963-4b54-47d1-a1f3-a0f510d279ab</assetUuid>
        <mimeType>image/png</mimeType>
        <charEncoding isNull="true" />
        <assetTypeCode>W</assetTypeCode>
        <length>15328</length>
        <localLastModification>1466635373806</localLastModification>
        <description isNull="true" />
        <isDocumentationFile>false</isDocumentationFile>
        <guid>guid:000000059232915e:a8e3e338:8ad125713ec:-813b</guid>
        <versionId>0f7752ff-947f-38fc-bcf8-12ab0624ffeb</versionId>
    </managedAsset>
</teamworks>

