<?xml version="1.0" encoding="UTF-8"?>
<teamworks>
    <managedAsset id="61.6eea3a5e-f821-3342-9632-9a6fa98a6bd7" name="coachview.helper.debug.zip">
        <lastModified>1468886313525</lastModified>
        <lastModifiedBy>admind</lastModifiedBy>
        <managedAssetId>61.6eea3a5e-f821-3342-9632-9a6fa98a6bd7</managedAssetId>
        <assetUuid>4cedbf4a-4d94-4457-87b5-d3f1bfbfb98d</assetUuid>
        <mimeType>application/zip</mimeType>
        <charEncoding isNull="true" />
        <assetTypeCode>W</assetTypeCode>
        <length>1763</length>
        <localLastModification>1466635373792</localLastModification>
        <description isNull="true" />
        <isDocumentationFile>false</isDocumentationFile>
        <guid>guid:00000006eea3a5ef:82133429:6329a6fa98a:-6bd7</guid>
        <versionId>2ff0dd82-6d86-3a5d-a509-f050bc1f8081</versionId>
    </managedAsset>
</teamworks>

