<?xml version="1.0" encoding="UTF-8"?>
<teamworks>
    <managedAsset id="61.69fbc47b-ad3f-3d20-8350-966a7170c452" name="textArea.html">
        <lastModified>1463148019337</lastModified>
        <lastModifiedBy>admind</lastModifiedBy>
        <managedAssetId>61.69fbc47b-ad3f-3d20-8350-966a7170c452</managedAssetId>
        <assetUuid>dc006437-cbfa-4551-b68e-e2ba0eb2dd68</assetUuid>
        <mimeType>text/html</mimeType>
        <charEncoding isNull="true" />
        <assetTypeCode>W</assetTypeCode>
        <length>14528</length>
        <localLastModification>1456862567631</localLastModification>
        <description isNull="true" />
        <isDocumentationFile>false</isDocumentationFile>
        <guid>guid:000000069fbc47ba:d3f3d208:350966a7170:-c452</guid>
        <versionId>cc00f4d8-5ecc-3f1f-a4bb-f7a98569f1d7</versionId>
    </managedAsset>
</teamworks>

