<?xml version="1.0" encoding="UTF-8"?>
<teamworks>
    <managedAsset id="61.6e8c6901-c556-390f-af8f-94d2a92e7eea" name="dateTimePicker_preview.png">
        <lastModified>1468886313525</lastModified>
        <lastModifiedBy>admind</lastModifiedBy>
        <managedAssetId>61.6e8c6901-c556-390f-af8f-94d2a92e7eea</managedAssetId>
        <assetUuid>c5053f02-d6f6-42b5-8c94-dcc040f46c78</assetUuid>
        <mimeType>image/png</mimeType>
        <charEncoding isNull="true" />
        <assetTypeCode>W</assetTypeCode>
        <length>4578</length>
        <localLastModification>1466635373782</localLastModification>
        <description isNull="true" />
        <isDocumentationFile>false</isDocumentationFile>
        <guid>guid:00000006e8c6901c:556390fa:f8f94d2a92e:-7eea</guid>
        <versionId>ed62a1fa-1c14-36b7-8d63-015690718cb7</versionId>
    </managedAsset>
</teamworks>

