<?xml version="1.0" encoding="UTF-8"?>
<teamworks>
    <managedAsset id="61.60b9b411-a6ce-39a6-8532-94f34a1e7e8f" name="coachview.helper.min.zip">
        <lastModified>1468886313525</lastModified>
        <lastModifiedBy>admind</lastModifiedBy>
        <managedAssetId>61.60b9b411-a6ce-39a6-8532-94f34a1e7e8f</managedAssetId>
        <assetUuid>59336366-3cb7-4408-af86-9761def4cf7a</assetUuid>
        <mimeType>application/zip</mimeType>
        <charEncoding isNull="true" />
        <assetTypeCode>W</assetTypeCode>
        <length>1181</length>
        <localLastModification>1466635373781</localLastModification>
        <description isNull="true" />
        <isDocumentationFile>false</isDocumentationFile>
        <guid>guid:000000060b9b411a:6ce39a68:53294f34a1e:-7e8f</guid>
        <versionId>411abfd3-64b2-3455-921c-1d4ee665bd61</versionId>
    </managedAsset>
</teamworks>

