<?xml version="1.0" encoding="UTF-8"?>
<teamworks>
    <managedAsset id="61.67d399e2-19f8-3586-8ce9-259df2b21573" name="radioButtons.preview.min.js">
        <lastModified>1468886313525</lastModified>
        <lastModifiedBy>admind</lastModifiedBy>
        <managedAssetId>61.67d399e2-19f8-3586-8ce9-259df2b21573</managedAssetId>
        <assetUuid>4dee201a-db68-40ad-a33b-8f44d8fc407e</assetUuid>
        <mimeType>application/javascript</mimeType>
        <charEncoding isNull="true" />
        <assetTypeCode>W</assetTypeCode>
        <length>1627</length>
        <localLastModification>1466635373797</localLastModification>
        <description isNull="true" />
        <isDocumentationFile>false</isDocumentationFile>
        <guid>guid:000000067d399e21:9f835868:ce9259df2b2:-1573</guid>
        <versionId>4d69280c-13c3-32f4-a8ef-a5ae7c91993e</versionId>
    </managedAsset>
</teamworks>

