<?xml version="1.0" encoding="UTF-8"?>
<teamworks>
    <managedAsset id="61.6174df45-5018-33c8-a2c4-5077c8a92546" name="textArea_palette.png">
        <lastModified>1468886313525</lastModified>
        <lastModifiedBy>admind</lastModifiedBy>
        <managedAssetId>61.6174df45-5018-33c8-a2c4-5077c8a92546</managedAssetId>
        <assetUuid>6c210bdd-a273-4051-80f2-47449b76833c</assetUuid>
        <mimeType>image/png</mimeType>
        <charEncoding isNull="true" />
        <assetTypeCode>W</assetTypeCode>
        <length>17880</length>
        <localLastModification>1466635373794</localLastModification>
        <description isNull="true" />
        <isDocumentationFile>false</isDocumentationFile>
        <guid>guid:00000006174df455:01833c8a:2c45077c8a9:-2546</guid>
        <versionId>c9c8c100-c3f6-30d2-ad61-c74ba89fbaaf</versionId>
    </managedAsset>
</teamworks>

