<?xml version="1.0" encoding="UTF-8"?>
<teamworks>
    <managedAsset id="61.6c5e26bb-8870-3091-a496-0aaae467ade3" name="outputText.html">
        <lastModified>1463148019337</lastModified>
        <lastModifiedBy>admind</lastModifiedBy>
        <managedAssetId>61.6c5e26bb-8870-3091-a496-0aaae467ade3</managedAssetId>
        <assetUuid>b4b4a221-e20c-4ecf-b88f-41355828b25a</assetUuid>
        <mimeType>text/html</mimeType>
        <charEncoding isNull="true" />
        <assetTypeCode>W</assetTypeCode>
        <length>462</length>
        <localLastModification>1456862567635</localLastModification>
        <description isNull="true" />
        <isDocumentationFile>false</isDocumentationFile>
        <guid>guid:00000006c5e26bb8:8703091a:4960aaae467:-ade3</guid>
        <versionId>55c23946-bcbf-3046-a3f2-5f1a7f3a3ec7</versionId>
    </managedAsset>
</teamworks>

