<?xml version="1.0" encoding="UTF-8"?>
<teamworks>
    <managedAsset id="61.63a7c611-0d56-3a21-ad24-e6e1ef50c1ec" name="table_palette.png">
        <lastModified>1468886313525</lastModified>
        <lastModifiedBy>admind</lastModifiedBy>
        <managedAssetId>61.63a7c611-0d56-3a21-ad24-e6e1ef50c1ec</managedAssetId>
        <assetUuid>353addc3-ff95-470e-b329-dd6d4f30fda9</assetUuid>
        <mimeType>image/png</mimeType>
        <charEncoding isNull="true" />
        <assetTypeCode>W</assetTypeCode>
        <length>1695</length>
        <localLastModification>1466635373796</localLastModification>
        <description isNull="true" />
        <isDocumentationFile>false</isDocumentationFile>
        <guid>guid:000000063a7c6110:d563a21a:d24e6e1ef50:-c1ec</guid>
        <versionId>0baf1ac6-9181-39df-ac6f-7eb6f2484693</versionId>
    </managedAsset>
</teamworks>

