<?xml version="1.0" encoding="UTF-8"?>
<teamworks>
    <managedAsset id="61.7d44c136-0ed9-3ea0-b32c-4e077bea2613" name="section.preview.min.js">
        <lastModified>1463148019337</lastModified>
        <lastModifiedBy>admind</lastModifiedBy>
        <managedAssetId>61.7d44c136-0ed9-3ea0-b32c-4e077bea2613</managedAssetId>
        <assetUuid>8c90eb0b-e520-4670-bf8a-57f06eb6e963</assetUuid>
        <mimeType>application/javascript</mimeType>
        <charEncoding isNull="true" />
        <assetTypeCode>W</assetTypeCode>
        <length>1617</length>
        <localLastModification>1456862567634</localLastModification>
        <description isNull="true" />
        <isDocumentationFile>false</isDocumentationFile>
        <guid>guid:00000007d44c1360:ed93ea0b:32c4e077bea:-2613</guid>
        <versionId>3ba0ea3f-496b-3089-90d8-5adc32c8ccd3</versionId>
    </managedAsset>
</teamworks>

