<?xml version="1.0" encoding="UTF-8"?>
<teamworks>
    <managedAsset id="61.79defc37-f8af-3e6f-8368-9b08df724f0f" name="table_preview.png">
        <lastModified>1463148019337</lastModified>
        <lastModifiedBy>admind</lastModifiedBy>
        <managedAssetId>61.79defc37-f8af-3e6f-8368-9b08df724f0f</managedAssetId>
        <assetUuid>ec2b0d87-cca5-4b97-b0dc-cec318b0895a</assetUuid>
        <mimeType>image/png</mimeType>
        <charEncoding isNull="true" />
        <assetTypeCode>W</assetTypeCode>
        <length>107</length>
        <localLastModification>1456862567623</localLastModification>
        <description isNull="true" />
        <isDocumentationFile>false</isDocumentationFile>
        <guid>guid:000000079defc37f:8af3e6f8:3689b08df72:-4f0f</guid>
        <versionId>2e415ecc-910c-315a-a84c-7491a32eb47c</versionId>
    </managedAsset>
</teamworks>

