<?xml version="1.0" encoding="UTF-8"?>
<teamworks>
    <managedAsset id="61.753ec599-e014-3ac0-9251-63c6aa962a34" name="controls.min.zip">
        <lastModified>1468886313525</lastModified>
        <lastModifiedBy>admind</lastModifiedBy>
        <managedAssetId>61.753ec599-e014-3ac0-9251-63c6aa962a34</managedAssetId>
        <assetUuid>7c5e2f59-27d2-4f3f-b8a5-06903880ca91</assetUuid>
        <mimeType>application/zip</mimeType>
        <charEncoding isNull="true" />
        <assetTypeCode>W</assetTypeCode>
        <length>3755795</length>
        <localLastModification>1466635373807</localLastModification>
        <description isNull="true" />
        <isDocumentationFile>false</isDocumentationFile>
        <guid>guid:0000000753ec599e:0143ac09:25163c6aa96:-2a34</guid>
        <versionId>2a1381a9-ab35-330c-8386-6d0a9331be86</versionId>
    </managedAsset>
</teamworks>

