<?xml version="1.0" encoding="UTF-8"?>
<teamworks>
    <managedAsset id="61.8b6e7791-1669-3a2e-b99a-c27cc27b96c1" name="camera_preview.png">
        <lastModified>1468886313525</lastModified>
        <lastModifiedBy>admind</lastModifiedBy>
        <managedAssetId>61.8b6e7791-1669-3a2e-b99a-c27cc27b96c1</managedAssetId>
        <assetUuid>6f8288f7-427e-40b7-be3d-4b48d7afcd12</assetUuid>
        <mimeType>image/png</mimeType>
        <charEncoding isNull="true" />
        <assetTypeCode>W</assetTypeCode>
        <length>420</length>
        <localLastModification>1466635373809</localLastModification>
        <description isNull="true" />
        <isDocumentationFile>false</isDocumentationFile>
        <guid>guid:00000008b6e77911:6693a2eb:99ac27cc27b:-96c1</guid>
        <versionId>1a5f3502-8529-3ae4-8e48-9661e841c748</versionId>
    </managedAsset>
</teamworks>

