<?xml version="1.0" encoding="UTF-8"?>
<teamworks>
    <managedAsset id="61.8bb1370b-f462-3a15-a80d-ef353d9e5d03" name="singleSelect.html">
        <lastModified>1463148019337</lastModified>
        <lastModifiedBy>admind</lastModifiedBy>
        <managedAssetId>61.8bb1370b-f462-3a15-a80d-ef353d9e5d03</managedAssetId>
        <assetUuid>4976befa-f1bb-4f84-940e-0664fc22b770</assetUuid>
        <mimeType>text/html</mimeType>
        <charEncoding isNull="true" />
        <assetTypeCode>W</assetTypeCode>
        <length>3442</length>
        <localLastModification>1456862567616</localLastModification>
        <description isNull="true" />
        <isDocumentationFile>false</isDocumentationFile>
        <guid>guid:00000008bb1370bf:4623a15a:80def353d9e:-5d03</guid>
        <versionId>e75e07a3-c6db-3cc2-85c9-263e7a4e79cc</versionId>
    </managedAsset>
</teamworks>

