<?xml version="1.0" encoding="UTF-8"?>
<teamworks>
    <managedAsset id="61.8b6e7791-1669-3a2e-b99a-c27cc27b96c1" name="camera_preview.png">
        <lastModified>1463148019337</lastModified>
        <lastModifiedBy>admind</lastModifiedBy>
        <managedAssetId>61.8b6e7791-1669-3a2e-b99a-c27cc27b96c1</managedAssetId>
        <assetUuid>2f617e26-bf26-41a6-8cb1-fb6258b3f8db</assetUuid>
        <mimeType>image/png</mimeType>
        <charEncoding isNull="true" />
        <assetTypeCode>W</assetTypeCode>
        <length>420</length>
        <localLastModification>1456862567627</localLastModification>
        <description isNull="true" />
        <isDocumentationFile>false</isDocumentationFile>
        <guid>guid:00000008b6e77911:6693a2eb:99ac27cc27b:-96c1</guid>
        <versionId>1a5f3502-8529-3ae4-8e48-9661e841c748</versionId>
    </managedAsset>
</teamworks>

