<?xml version="1.0" encoding="UTF-8"?>
<teamworks>
    <managedAsset id="61.8bb1370b-f462-3a15-a80d-ef353d9e5d03" name="singleSelect.html">
        <lastModified>1468886313525</lastModified>
        <lastModifiedBy>admind</lastModifiedBy>
        <managedAssetId>61.8bb1370b-f462-3a15-a80d-ef353d9e5d03</managedAssetId>
        <assetUuid>644e53e2-0437-4567-abca-9bc8a891e9a0</assetUuid>
        <mimeType>text/html</mimeType>
        <charEncoding isNull="true" />
        <assetTypeCode>W</assetTypeCode>
        <length>3442</length>
        <localLastModification>1466635373805</localLastModification>
        <description isNull="true" />
        <isDocumentationFile>false</isDocumentationFile>
        <guid>guid:00000008bb1370bf:4623a15a:80def353d9e:-5d03</guid>
        <versionId>e75e07a3-c6db-3cc2-85c9-263e7a4e79cc</versionId>
    </managedAsset>
</teamworks>

