<?xml version="1.0" encoding="UTF-8"?>
<teamworks>
    <managedAsset id="61.873e817e-64a4-378c-83dc-b09fe7287191" name="dateTimePickerTemplate.html">
        <lastModified>1463148019337</lastModified>
        <lastModifiedBy>admind</lastModifiedBy>
        <managedAssetId>61.873e817e-64a4-378c-83dc-b09fe7287191</managedAssetId>
        <assetUuid>abd6850e-5196-4e3e-9ec7-64718e84f7f1</assetUuid>
        <mimeType>text/html</mimeType>
        <charEncoding isNull="true" />
        <assetTypeCode>W</assetTypeCode>
        <length>7611</length>
        <localLastModification>1456862567630</localLastModification>
        <description isNull="true" />
        <isDocumentationFile>false</isDocumentationFile>
        <guid>guid:0000000873e817e6:4a4378c8:3dcb09fe728:-7191</guid>
        <versionId>8f7ba6d2-14ce-35bd-872a-f4203f5db2f3</versionId>
    </managedAsset>
</teamworks>

