<?xml version="1.0" encoding="UTF-8"?>
<teamworks>
    <managedAsset id="61.947198ba-9816-3cef-885b-93df1c8990ae" name="dateTimePicker.preview.min.js">
        <lastModified>1463148019337</lastModified>
        <lastModifiedBy>admind</lastModifiedBy>
        <managedAssetId>61.947198ba-9816-3cef-885b-93df1c8990ae</managedAssetId>
        <assetUuid>ba8ae6a6-9681-420f-8343-dfe46855f2d3</assetUuid>
        <mimeType>application/javascript</mimeType>
        <charEncoding isNull="true" />
        <assetTypeCode>W</assetTypeCode>
        <length>1631</length>
        <localLastModification>1456862567636</localLastModification>
        <description isNull="true" />
        <isDocumentationFile>false</isDocumentationFile>
        <guid>guid:0000000947198ba9:8163cef8:85b93df1c89:-90ae</guid>
        <versionId>963fe612-b3ea-336e-af7a-039852bdeaaf</versionId>
    </managedAsset>
</teamworks>

