<?xml version="1.0" encoding="UTF-8"?>
<teamworks>
    <managedAsset id="61.9c6a3a95-84f5-3a38-9111-289e7257c497" name="bpm-icons.woff">
        <lastModified>1468886313525</lastModified>
        <lastModifiedBy>admind</lastModifiedBy>
        <managedAssetId>61.9c6a3a95-84f5-3a38-9111-289e7257c497</managedAssetId>
        <assetUuid>2c6f33ab-a1a8-4989-a9cf-d53b3582ba4e</assetUuid>
        <mimeType isNull="true" />
        <charEncoding isNull="true" />
        <assetTypeCode>W</assetTypeCode>
        <length>35596</length>
        <localLastModification>1466635373811</localLastModification>
        <description isNull="true" />
        <isDocumentationFile>false</isDocumentationFile>
        <guid>guid:00000009c6a3a958:4f53a389:111289e7257:-c497</guid>
        <versionId>349e820c-9877-328e-b6e9-53cea20100b1</versionId>
    </managedAsset>
</teamworks>

