<?xml version="1.0" encoding="UTF-8"?>
<teamworks>
    <managedAsset id="61.9ab9fa17-b05f-3bfd-9ae5-a162432fd64a" name="decimal.html">
        <lastModified>1468886313525</lastModified>
        <lastModifiedBy>admind</lastModifiedBy>
        <managedAssetId>61.9ab9fa17-b05f-3bfd-9ae5-a162432fd64a</managedAssetId>
        <assetUuid>d9a55ff1-4802-4d81-9791-c65708b23af0</assetUuid>
        <mimeType>text/html</mimeType>
        <charEncoding isNull="true" />
        <assetTypeCode>W</assetTypeCode>
        <length>1951</length>
        <localLastModification>1466635373804</localLastModification>
        <description isNull="true" />
        <isDocumentationFile>false</isDocumentationFile>
        <guid>guid:00000009ab9fa17b:05f3bfd9:ae5a162432f:-d64a</guid>
        <versionId>c8ba07c6-8e2f-3b08-9e29-dff7530359c3</versionId>
    </managedAsset>
</teamworks>

