<?xml version="1.0" encoding="UTF-8"?>
<teamworks>
    <managedAsset id="61.94fa7b75-94b1-34ba-a3f6-e36bf70bfe71" name="outputText_preview.png">
        <lastModified>1463148019337</lastModified>
        <lastModifiedBy>admind</lastModifiedBy>
        <managedAssetId>61.94fa7b75-94b1-34ba-a3f6-e36bf70bfe71</managedAssetId>
        <assetUuid>75d5b341-68cb-44f4-9a09-e24ca36ccfe5</assetUuid>
        <mimeType>image/png</mimeType>
        <charEncoding isNull="true" />
        <assetTypeCode>W</assetTypeCode>
        <length>107</length>
        <localLastModification>1456862567623</localLastModification>
        <description isNull="true" />
        <isDocumentationFile>false</isDocumentationFile>
        <guid>guid:000000094fa7b759:4b134baa:3f6e36bf70b:-fe71</guid>
        <versionId>10f99c10-9d6f-37ac-9ed7-5644b1d686f2</versionId>
    </managedAsset>
</teamworks>

