<?xml version="1.0" encoding="UTF-8"?>
<teamworks>
    <managedAsset id="61.a5370922-ea31-3eb1-86c7-6a10f6bcb571" name="integer.preview.min.js">
        <lastModified>1463148019337</lastModified>
        <lastModifiedBy>admind</lastModifiedBy>
        <managedAssetId>61.a5370922-ea31-3eb1-86c7-6a10f6bcb571</managedAssetId>
        <assetUuid>26525967-828f-4e83-ae57-a071d237aa15</assetUuid>
        <mimeType>application/javascript</mimeType>
        <charEncoding isNull="true" />
        <assetTypeCode>W</assetTypeCode>
        <length>1617</length>
        <localLastModification>1456862567636</localLastModification>
        <description isNull="true" />
        <isDocumentationFile>false</isDocumentationFile>
        <guid>guid:0000000a5370922e:a313eb18:6c76a10f6bc:-b571</guid>
        <versionId>bd37d55a-559b-38e0-ab91-efeeb68ded3c</versionId>
    </managedAsset>
</teamworks>

