<?xml version="1.0" encoding="UTF-8"?>
<teamworks>
    <managedAsset id="61.aa169f95-194f-3334-b746-3f4ae8d5fe9a" name="image.preview.min.js">
        <lastModified>1463148019337</lastModified>
        <lastModifiedBy>admind</lastModifiedBy>
        <managedAssetId>61.aa169f95-194f-3334-b746-3f4ae8d5fe9a</managedAssetId>
        <assetUuid>3f761820-a574-4faf-b949-a53c7a9bbe07</assetUuid>
        <mimeType>application/javascript</mimeType>
        <charEncoding isNull="true" />
        <assetTypeCode>W</assetTypeCode>
        <length>1613</length>
        <localLastModification>1456862567628</localLastModification>
        <description isNull="true" />
        <isDocumentationFile>false</isDocumentationFile>
        <guid>guid:0000000aa169f951:94f3334b:7463f4ae8d5:-fe9a</guid>
        <versionId>48413f22-0b13-3495-83ae-9f14bd9acf0b</versionId>
    </managedAsset>
</teamworks>

