<?xml version="1.0" encoding="UTF-8"?>
<teamworks>
    <managedAsset id="61.a97f2885-0356-3e1b-a02d-38fae2eafeb1" name="singleSelect.preview.min.js">
        <lastModified>1468886313525</lastModified>
        <lastModifiedBy>admind</lastModifiedBy>
        <managedAssetId>61.a97f2885-0356-3e1b-a02d-38fae2eafeb1</managedAssetId>
        <assetUuid>44ea29ef-ff24-432a-9bf4-4d7e65276bff</assetUuid>
        <mimeType>application/javascript</mimeType>
        <charEncoding isNull="true" />
        <assetTypeCode>W</assetTypeCode>
        <length>1627</length>
        <localLastModification>1466635373792</localLastModification>
        <description isNull="true" />
        <isDocumentationFile>false</isDocumentationFile>
        <guid>guid:0000000a97f28850:3563e1ba:02d38fae2ea:-feb1</guid>
        <versionId>03cd0958-9fb1-3f9d-90fa-4f0acfa4d3c7</versionId>
    </managedAsset>
</teamworks>

