<?xml version="1.0" encoding="UTF-8"?>
<teamworks>
    <managedAsset id="61.af6776ab-a177-3cf0-bd2c-0269badcdd4b" name="image_palette.png">
        <lastModified>1463148019337</lastModified>
        <lastModifiedBy>admind</lastModifiedBy>
        <managedAssetId>61.af6776ab-a177-3cf0-bd2c-0269badcdd4b</managedAssetId>
        <assetUuid>9f309d4c-ce53-469c-be5c-16db9851b271</assetUuid>
        <mimeType>image/png</mimeType>
        <charEncoding isNull="true" />
        <assetTypeCode>W</assetTypeCode>
        <length>17990</length>
        <localLastModification>1456862567617</localLastModification>
        <description isNull="true" />
        <isDocumentationFile>false</isDocumentationFile>
        <guid>guid:0000000af6776aba:1773cf0b:d2c0269badc:-dd4b</guid>
        <versionId>b7f51366-36e6-3b05-a096-881075256093</versionId>
    </managedAsset>
</teamworks>

