<?xml version="1.0" encoding="UTF-8"?>
<teamworks>
    <managedAsset id="61.b5fb63c7-ed72-3e98-a867-9e4be9edeb19" name="select_palette.png">
        <lastModified>1468886313525</lastModified>
        <lastModifiedBy>admind</lastModifiedBy>
        <managedAssetId>61.b5fb63c7-ed72-3e98-a867-9e4be9edeb19</managedAssetId>
        <assetUuid>986a306b-4f5c-43da-a4ca-3347a44d4319</assetUuid>
        <mimeType>image/png</mimeType>
        <charEncoding isNull="true" />
        <assetTypeCode>W</assetTypeCode>
        <length>15951</length>
        <localLastModification>1466635373787</localLastModification>
        <description isNull="true" />
        <isDocumentationFile>false</isDocumentationFile>
        <guid>guid:0000000b5fb63c7e:d723e98a:8679e4be9ed:-eb19</guid>
        <versionId>a3c72fa1-25a8-3002-9d74-319c20721347</versionId>
    </managedAsset>
</teamworks>

