<?xml version="1.0" encoding="UTF-8"?>
<teamworks>
    <managedAsset id="61.bb2930b4-50be-3dfa-b278-c48087d459f8" name="radioButton_preview.png">
        <lastModified>1463148019337</lastModified>
        <lastModifiedBy>admind</lastModifiedBy>
        <managedAssetId>61.bb2930b4-50be-3dfa-b278-c48087d459f8</managedAssetId>
        <assetUuid>7fb5ea01-5e73-416b-9c3e-0449d5039958</assetUuid>
        <mimeType>image/png</mimeType>
        <charEncoding isNull="true" />
        <assetTypeCode>W</assetTypeCode>
        <length>7453</length>
        <localLastModification>1456862567621</localLastModification>
        <description isNull="true" />
        <isDocumentationFile>false</isDocumentationFile>
        <guid>guid:0000000bb2930b45:0be3dfab:278c48087d4:-59f8</guid>
        <versionId>a80643da-f481-35da-ada7-91bb6053b645</versionId>
    </managedAsset>
</teamworks>

