<?xml version="1.0" encoding="UTF-8"?>
<teamworks>
    <managedAsset id="61.bb2930b4-50be-3dfa-b278-c48087d459f8" name="radioButton_preview.png">
        <lastModified>1468886313525</lastModified>
        <lastModifiedBy>admind</lastModifiedBy>
        <managedAssetId>61.bb2930b4-50be-3dfa-b278-c48087d459f8</managedAssetId>
        <assetUuid>4798407f-d663-4a1c-9f2a-bf43c6ddb186</assetUuid>
        <mimeType>image/png</mimeType>
        <charEncoding isNull="true" />
        <assetTypeCode>W</assetTypeCode>
        <length>7453</length>
        <localLastModification>1466635373785</localLastModification>
        <description isNull="true" />
        <isDocumentationFile>false</isDocumentationFile>
        <guid>guid:0000000bb2930b45:0be3dfab:278c48087d4:-59f8</guid>
        <versionId>a80643da-f481-35da-ada7-91bb6053b645</versionId>
    </managedAsset>
</teamworks>

