<?xml version="1.0" encoding="UTF-8"?>
<teamworks>
    <managedAsset id="61.cb69a9d2-ec30-3ae6-8c2f-341134d851b0" name="outputText.preview.min.js">
        <lastModified>1468886313525</lastModified>
        <lastModifiedBy>admind</lastModifiedBy>
        <managedAssetId>61.cb69a9d2-ec30-3ae6-8c2f-341134d851b0</managedAssetId>
        <assetUuid>5fcbfb6f-06f0-4b7e-b3cb-cfcc98db3207</assetUuid>
        <mimeType>application/javascript</mimeType>
        <charEncoding isNull="true" />
        <assetTypeCode>W</assetTypeCode>
        <length>2175</length>
        <localLastModification>1466635373787</localLastModification>
        <description isNull="true" />
        <isDocumentationFile>false</isDocumentationFile>
        <guid>guid:0000000cb69a9d2e:c303ae68:c2f341134d8:-51b0</guid>
        <versionId>f2b35f62-f49f-375c-a6c5-e4abefc78532</versionId>
    </managedAsset>
</teamworks>

