<?xml version="1.0" encoding="UTF-8"?>
<teamworks>
    <managedAsset id="61.c75eaf56-fcbc-3fb4-b658-fda87f75cb72" name="dateTimePicker_palette.png">
        <lastModified>1463148019337</lastModified>
        <lastModifiedBy>admind</lastModifiedBy>
        <managedAssetId>61.c75eaf56-fcbc-3fb4-b658-fda87f75cb72</managedAssetId>
        <assetUuid>ddd1ee7e-f5c8-423f-9f64-c622bebcd06d</assetUuid>
        <mimeType>image/png</mimeType>
        <charEncoding isNull="true" />
        <assetTypeCode>W</assetTypeCode>
        <length>15353</length>
        <localLastModification>1456862567618</localLastModification>
        <description isNull="true" />
        <isDocumentationFile>false</isDocumentationFile>
        <guid>guid:0000000c75eaf56f:cbc3fb4b:658fda87f75:-cb72</guid>
        <versionId>eb6b2825-8cbc-3f93-b389-e50a2f7fc0b8</versionId>
    </managedAsset>
</teamworks>

