<?xml version="1.0" encoding="UTF-8"?>
<teamworks>
    <managedAsset id="61.c039bba1-0f82-372b-b94a-bbe129311573" name="select_preview.png">
        <lastModified>1468886313525</lastModified>
        <lastModifiedBy>admind</lastModifiedBy>
        <managedAssetId>61.c039bba1-0f82-372b-b94a-bbe129311573</managedAssetId>
        <assetUuid>d34df076-051d-4f76-bf46-7fed391e216f</assetUuid>
        <mimeType>image/png</mimeType>
        <charEncoding isNull="true" />
        <assetTypeCode>W</assetTypeCode>
        <length>863</length>
        <localLastModification>1466635373783</localLastModification>
        <description isNull="true" />
        <isDocumentationFile>false</isDocumentationFile>
        <guid>guid:0000000c039bba10:f82372bb:94abbe12931:-1573</guid>
        <versionId>8cae83a2-9b48-30dd-b54d-fd0b8a9cc1cd</versionId>
    </managedAsset>
</teamworks>

