<?xml version="1.0" encoding="UTF-8"?>
<teamworks>
    <managedAsset id="61.c039bba1-0f82-372b-b94a-bbe129311573" name="select_preview.png">
        <lastModified>1463148019337</lastModified>
        <lastModifiedBy>admind</lastModifiedBy>
        <managedAssetId>61.c039bba1-0f82-372b-b94a-bbe129311573</managedAssetId>
        <assetUuid>9a0bf5a6-2aed-498e-be14-b019d263367b</assetUuid>
        <mimeType>image/png</mimeType>
        <charEncoding isNull="true" />
        <assetTypeCode>W</assetTypeCode>
        <length>863</length>
        <localLastModification>1456862567626</localLastModification>
        <description isNull="true" />
        <isDocumentationFile>false</isDocumentationFile>
        <guid>guid:0000000c039bba10:f82372bb:94abbe12931:-1573</guid>
        <versionId>8cae83a2-9b48-30dd-b54d-fd0b8a9cc1cd</versionId>
    </managedAsset>
</teamworks>

