<?xml version="1.0" encoding="UTF-8"?>
<teamworks>
    <managedAsset id="61.cb69a9d2-ec30-3ae6-8c2f-341134d851b0" name="outputText.preview.min.js">
        <lastModified>1463148019337</lastModified>
        <lastModifiedBy>admind</lastModifiedBy>
        <managedAssetId>61.cb69a9d2-ec30-3ae6-8c2f-341134d851b0</managedAssetId>
        <assetUuid>52a0ade2-4934-43e8-ab6a-e48bc4563dc2</assetUuid>
        <mimeType>application/javascript</mimeType>
        <charEncoding isNull="true" />
        <assetTypeCode>W</assetTypeCode>
        <length>2175</length>
        <localLastModification>1456862567622</localLastModification>
        <description isNull="true" />
        <isDocumentationFile>false</isDocumentationFile>
        <guid>guid:0000000cb69a9d2e:c303ae68:c2f341134d8:-51b0</guid>
        <versionId>f2b35f62-f49f-375c-a6c5-e4abefc78532</versionId>
    </managedAsset>
</teamworks>

