<?xml version="1.0" encoding="UTF-8"?>
<teamworks>
    <managedAsset id="61.c75eaf56-fcbc-3fb4-b658-fda87f75cb72" name="dateTimePicker_palette.png">
        <lastModified>1468886313525</lastModified>
        <lastModifiedBy>admind</lastModifiedBy>
        <managedAssetId>61.c75eaf56-fcbc-3fb4-b658-fda87f75cb72</managedAssetId>
        <assetUuid>de57de71-a3e0-4c10-acb2-09cd03c4fd09</assetUuid>
        <mimeType>image/png</mimeType>
        <charEncoding isNull="true" />
        <assetTypeCode>W</assetTypeCode>
        <length>15353</length>
        <localLastModification>1466635373786</localLastModification>
        <description isNull="true" />
        <isDocumentationFile>false</isDocumentationFile>
        <guid>guid:0000000c75eaf56f:cbc3fb4b:658fda87f75:-cb72</guid>
        <versionId>eb6b2825-8cbc-3f93-b389-e50a2f7fc0b8</versionId>
    </managedAsset>
</teamworks>

