<?xml version="1.0" encoding="UTF-8"?>
<teamworks>
    <managedAsset id="61.d5b8d12d-031d-3a48-b49c-a930cd38042a" name="loading-gears-animation.gif">
        <lastModified>1468886313525</lastModified>
        <lastModifiedBy>admind</lastModifiedBy>
        <managedAssetId>61.d5b8d12d-031d-3a48-b49c-a930cd38042a</managedAssetId>
        <assetUuid>3f515ec6-943f-401c-ba1a-5f2432271e77</assetUuid>
        <mimeType>image/gif</mimeType>
        <charEncoding isNull="true" />
        <assetTypeCode>W</assetTypeCode>
        <length>3024</length>
        <localLastModification>1466635373799</localLastModification>
        <description isNull="true" />
        <isDocumentationFile>false</isDocumentationFile>
        <guid>guid:0000000d5b8d12d0:31d3a48b:49ca930cd38:-042a</guid>
        <versionId>bd7d84dc-80dd-33f5-8894-1d110d77b295</versionId>
    </managedAsset>
</teamworks>

