<?xml version="1.0" encoding="UTF-8"?>
<teamworks>
    <managedAsset id="61.d2ccf102-4392-3d80-b516-7a4bdd5e6e5a" name="multipleSelect.preview.min.js">
        <lastModified>1463148019337</lastModified>
        <lastModifiedBy>admind</lastModifiedBy>
        <managedAssetId>61.d2ccf102-4392-3d80-b516-7a4bdd5e6e5a</managedAssetId>
        <assetUuid>6a794027-1801-4e6f-9c7b-a7dac01f8adc</assetUuid>
        <mimeType>application/javascript</mimeType>
        <charEncoding isNull="true" />
        <assetTypeCode>W</assetTypeCode>
        <length>1631</length>
        <localLastModification>1456862567624</localLastModification>
        <description isNull="true" />
        <isDocumentationFile>false</isDocumentationFile>
        <guid>guid:0000000d2ccf1024:3923d80b:5167a4bdd5e:-6e5a</guid>
        <versionId>5acfff7c-fb7e-3ad2-8d82-88484aec3499</versionId>
    </managedAsset>
</teamworks>

