<?xml version="1.0" encoding="UTF-8"?>
<teamworks>
    <managedAsset id="61.fe21f15c-e159-3a3c-abb6-e21c0c764d60" name="bpm-icons.ttf">
        <lastModified>1463148019337</lastModified>
        <lastModifiedBy>admind</lastModifiedBy>
        <managedAssetId>61.fe21f15c-e159-3a3c-abb6-e21c0c764d60</managedAssetId>
        <assetUuid>820a80c8-759e-4589-aa17-b6acc8975abb</assetUuid>
        <mimeType isNull="true" />
        <charEncoding isNull="true" />
        <assetTypeCode>W</assetTypeCode>
        <length>35520</length>
        <localLastModification>1456862567639</localLastModification>
        <description isNull="true" />
        <isDocumentationFile>false</isDocumentationFile>
        <guid>guid:0000000fe21f15ce:1593a3ca:bb6e21c0c76:-4d60</guid>
        <versionId>de8ea68e-b5da-338a-a06c-f67b336aeaa9</versionId>
    </managedAsset>
</teamworks>

