<?xml version="1.0" encoding="UTF-8"?>
<teamworks>
    <managedAsset id="61.fac2d29e-a32f-30fc-a48c-7a2c7c15956a" name="button.preview.min.js">
        <lastModified>1468886313525</lastModified>
        <lastModifiedBy>admind</lastModifiedBy>
        <managedAssetId>61.fac2d29e-a32f-30fc-a48c-7a2c7c15956a</managedAssetId>
        <assetUuid>53e1c937-cd4a-4ad5-91b4-417eed21fcb2</assetUuid>
        <mimeType>application/javascript</mimeType>
        <charEncoding isNull="true" />
        <assetTypeCode>W</assetTypeCode>
        <length>1794</length>
        <localLastModification>1466635373799</localLastModification>
        <description isNull="true" />
        <isDocumentationFile>false</isDocumentationFile>
        <guid>guid:0000000fac2d29ea:32f30fca:48c7a2c7c15:-956a</guid>
        <versionId>873d0d1a-2e55-30e6-9b55-0a53a1576d77</versionId>
    </managedAsset>
</teamworks>

