<?xml version="1.0" encoding="UTF-8"?>
<teamworks>
    <managedAsset id="61.f62e4dfa-e362-3fc1-8c74-9941af2142f7" name="text.html">
        <lastModified>1468886313525</lastModified>
        <lastModifiedBy>admind</lastModifiedBy>
        <managedAssetId>61.f62e4dfa-e362-3fc1-8c74-9941af2142f7</managedAssetId>
        <assetUuid>078084ef-795c-4f6c-8e11-a4d0d359bee2</assetUuid>
        <mimeType>text/html</mimeType>
        <charEncoding isNull="true" />
        <assetTypeCode>W</assetTypeCode>
        <length>1275</length>
        <localLastModification>1466635373786</localLastModification>
        <description isNull="true" />
        <isDocumentationFile>false</isDocumentationFile>
        <guid>guid:0000000f62e4dfae:3623fc18:c749941af21:-42f7</guid>
        <versionId>3cca0862-4f7f-3f2d-b2d4-281f2a6e4497</versionId>
    </managedAsset>
</teamworks>

