<?xml version="1.0" encoding="UTF-8"?>
<teamworks>
    <managedAsset id="61.f11d45e4-07c4-3870-bcef-fbb94ac55316" name="dataGrid_preview.png">
        <lastModified>1468886313525</lastModified>
        <lastModifiedBy>admind</lastModifiedBy>
        <managedAssetId>61.f11d45e4-07c4-3870-bcef-fbb94ac55316</managedAssetId>
        <assetUuid>989ce55b-6fda-42a9-b37d-bdbe3d266bf1</assetUuid>
        <mimeType>image/png</mimeType>
        <charEncoding isNull="true" />
        <assetTypeCode>W</assetTypeCode>
        <length>107</length>
        <localLastModification>1466635373805</localLastModification>
        <description isNull="true" />
        <isDocumentationFile>false</isDocumentationFile>
        <guid>guid:0000000f11d45e40:7c43870b:ceffbb94ac5:-5316</guid>
        <versionId>6d8345be-7a10-345c-b0bd-ede1feb3f7e9</versionId>
    </managedAsset>
</teamworks>

