<?xml version="1.0" encoding="UTF-8"?>
<teamworks>
    <managedAsset id="61.fe21f15c-e159-3a3c-abb6-e21c0c764d60" name="bpm-icons.ttf">
        <lastModified>1468886313525</lastModified>
        <lastModifiedBy>admind</lastModifiedBy>
        <managedAssetId>61.fe21f15c-e159-3a3c-abb6-e21c0c764d60</managedAssetId>
        <assetUuid>9dacaa6b-c17f-4989-a9bf-bb2193371e94</assetUuid>
        <mimeType isNull="true" />
        <charEncoding isNull="true" />
        <assetTypeCode>W</assetTypeCode>
        <length>35520</length>
        <localLastModification>1466635373793</localLastModification>
        <description isNull="true" />
        <isDocumentationFile>false</isDocumentationFile>
        <guid>guid:0000000fe21f15ce:1593a3ca:bb6e21c0c76:-4d60</guid>
        <versionId>de8ea68e-b5da-338a-a06c-f67b336aeaa9</versionId>
    </managedAsset>
</teamworks>

