<?xml version="1.0" encoding="UTF-8"?>
<teamworks>
    <managedAsset id="61.f6b0e2dc-b055-3f85-b509-8ac3c199acb0" name="bpm-icons.eot">
        <lastModified>1468886313525</lastModified>
        <lastModifiedBy>admind</lastModifiedBy>
        <managedAssetId>61.f6b0e2dc-b055-3f85-b509-8ac3c199acb0</managedAssetId>
        <assetUuid>0e3f5169-ebe6-415e-978a-a161ce57ec17</assetUuid>
        <mimeType isNull="true" />
        <charEncoding isNull="true" />
        <assetTypeCode>W</assetTypeCode>
        <length>35692</length>
        <localLastModification>1466635373798</localLastModification>
        <description isNull="true" />
        <isDocumentationFile>false</isDocumentationFile>
        <guid>guid:0000000f6b0e2dcb:0553f85b:5098ac3c199:-acb0</guid>
        <versionId>cccfa92e-14c9-335c-9b92-6b08d9179ae8</versionId>
    </managedAsset>
</teamworks>

