<?xml version="1.0" encoding="UTF-8"?>
<teamworks>
    <coachView id="64.327b1224-e7d9-3d9c-ad44-392f5702827c" name="Table">
        <lastModified>1468886314114</lastModified>
        <lastModifiedBy>admind</lastModifiedBy>
        <coachViewId>64.327b1224-e7d9-3d9c-ad44-392f5702827c</coachViewId>
        <isTemplate>false</isTemplate>
        <layout>&lt;?xml version="1.0" encoding="UTF-8"?&gt;
&lt;layout xmlns:xsi="http://www.w3.org/2001/XMLSchema-instance" xmlns="http://www.ibm.com/bpm/CoachDesignerNG"&gt;
&lt;layoutItem xsi:type="CustomHTML"&gt;
&lt;layoutItemId&gt;CustomHTML1&lt;/layoutItemId&gt;
&lt;configData&gt;
&lt;optionName&gt;@customHTML.contentType&lt;/optionName&gt;
&lt;value&gt;ASSET&lt;/value&gt;
&lt;/configData&gt;
&lt;configData&gt;
&lt;optionName&gt;@customHTML.textContent&lt;/optionName&gt;
&lt;/configData&gt;
&lt;configData&gt;
&lt;optionName&gt;@customHTML.variableContent&lt;/optionName&gt;
&lt;/configData&gt;
&lt;configData&gt;
&lt;optionName&gt;@customHTML.assetContent&lt;/optionName&gt;
&lt;value&gt;61.e0a27735-410a-3b44-9a21-9a68c121a6bd&lt;/value&gt;
&lt;/configData&gt;
&lt;/layoutItem&gt;
&lt;layoutItem xsi:type="CustomHTML"&gt;
&lt;layoutItemId&gt;ValidationAlert&lt;/layoutItemId&gt;
&lt;configData&gt;
&lt;optionName&gt;@customHTML.contentType&lt;/optionName&gt;
&lt;value&gt;ASSET&lt;/value&gt;
&lt;/configData&gt;
&lt;configData&gt;
&lt;optionName&gt;@customHTML.textContent&lt;/optionName&gt;
&lt;/configData&gt;
&lt;configData&gt;
&lt;optionName&gt;@customHTML.variableContent&lt;/optionName&gt;
&lt;/configData&gt;
&lt;configData&gt;
&lt;optionName&gt;@customHTML.assetContent&lt;/optionName&gt;
&lt;value&gt;61.e37c8eaa-0cd4-3b24-a7d5-c0cdcdd58eb2&lt;/value&gt;
&lt;/configData&gt;
&lt;/layoutItem&gt;
&lt;layoutItem xsi:type="ContentBox"&gt;
&lt;layoutItemId&gt;ContentBox1&lt;/layoutItemId&gt;
&lt;configData&gt;
&lt;optionName&gt;@contentBox.repeatingContentManagedByView&lt;/optionName&gt;
&lt;value&gt;true&lt;/value&gt;
&lt;/configData&gt;
&lt;configData&gt;
&lt;optionName&gt;@contentBox.layoutPreview&lt;/optionName&gt;
&lt;value&gt;TABLE&lt;/value&gt;
&lt;/configData&gt;
&lt;/layoutItem&gt;
&lt;/layout&gt;
</layout>
        <paletteIcon>/61.63a7c611-0d56-3a21-ad24-e6e1ef50c1ec</paletteIcon>
        <previewImage isNull="true" />
        <hasLabel>true</hasLabel>
        <labelPosition>4</labelPosition>
        <nineSliceX1Coord>8</nineSliceX1Coord>
        <nineSliceX2Coord>37</nineSliceX2Coord>
        <nineSliceY1Coord>8</nineSliceY1Coord>
        <nineSliceY2Coord>26</nineSliceY2Coord>
        <emitBoundary>false</emitBoundary>
        <isPrototypeFunc>true</isPrototypeFunc>
        <enableDevMode>false</enableDevMode>
        <isMobileReady>true</isMobileReady>
        <loadJsFunction>// set the ng-non-bindable directive to stop compilation of the ContentBoxTemplate
var contentBoxNode = angular.element(this.context.element.querySelector(' div.ContentBox'));
contentBoxNode.attr('ng-non-bindable', 'ng-non-bindable');
coachViewHelper.bootstrap(this, "responsive.coaches", "table", {Explorer: 9});</loadJsFunction>
        <unloadJsFunction></unloadJsFunction>
        <viewJsFunction>coachViewHelper.init();</viewJsFunction>
        <changeJsFunction>coachViewHelper.notify(this);</changeJsFunction>
        <collaborationJsFunction>if (event.type == 'custom') {
//call the coach view's specific collab handler
coachViewHelper.collaborate(this, event);
} else {
//call the super class view to handle the collab event
CoachView.prototype.collaboration.apply(this, arguments);
}</collaborationJsFunction>
        <description>&lt;p&gt;This control is a table in which you can drop content that is suitable for mobile and desktop platforms. Each element that you add to the table results in a column.&lt;/p&gt;</description>
        <validateJsFunction>coachViewHelper.validate(this, event);</validateJsFunction>
        <previewAdvHtml>/61.e0a27735-410a-3b44-9a21-9a68c121a6bd</previewAdvHtml>
        <previewAdvJs>/61.bac79b93-0384-3bb4-ab3f-c2d0ce361cb6</previewAdvJs>
        <useUrlBinding>false</useUrlBinding>
        <guid>guid:0000000327b1224e:7d93d9ca:d44392f5702:-827c</guid>
        <versionId>ec720d3a-ee6d-3f78-9cef-6d20d03ec94a</versionId>
        <bindingType name="list">
            <lastModified isNull="true" />
            <lastModifiedBy isNull="true" />
            <coachViewBindingTypeId>65.88843c04-09d1-3728-b62c-157e6a73c6f1</coachViewBindingTypeId>
            <coachViewId>64.327b1224-e7d9-3d9c-ad44-392f5702827c</coachViewId>
            <isList>true</isList>
            <classId>c6353c54-3d3a-41ac-8ca7-4d0469d35681/12.c09c9b6e-aabd-4897-bef2-ed61db106297</classId>
            <seq isNull="true" />
            <description isNull="true" />
            <guid>guid:000000088843c040:9d13728b:62c157e6a73:-c6f1</guid>
            <versionId>9d50c99a-6543-4e21-bd2b-378a84e14404</versionId>
        </bindingType>
        <configOption name="editModeType">
            <lastModified isNull="true" />
            <lastModifiedBy isNull="true" />
            <coachViewConfigOptionId>66.43268830-1afe-3df6-b198-1eb7c3be41a0</coachViewConfigOptionId>
            <coachViewId>64.327b1224-e7d9-3d9c-ad44-392f5702827c</coachViewId>
            <isList>false</isList>
            <propertyType>OBJECT</propertyType>
            <label>tw.resource.messages.responsive.coaches.table.editMode</label>
            <classId>/12.d9d3a9b5-44e0-3ddc-b31e-c41afb1aa69f</classId>
            <processId isNull="true" />
            <isAdaptive>true</isAdaptive>
            <seq>1</seq>
            <description>tw.resource.messages.responsive.coaches.table.editMode.description</description>
            <groupName isNull="true" />
            <guid>guid:0000000432688301:afe3df6b:1981eb7c3be:-41a0</guid>
            <versionId>b5e4a649-01a0-471c-951c-bd02f789cd37</versionId>
        </configOption>
        <configOption name="disableClickToEditColumns">
            <lastModified isNull="true" />
            <lastModifiedBy isNull="true" />
            <coachViewConfigOptionId>66.8eeb7919-e92d-3432-9f98-a127630aa30b</coachViewConfigOptionId>
            <coachViewId>64.327b1224-e7d9-3d9c-ad44-392f5702827c</coachViewId>
            <isList>false</isList>
            <propertyType>OBJECT</propertyType>
            <label>tw.resource.messages.responsive.coaches.table.editableColumns</label>
            <classId>c6353c54-3d3a-41ac-8ca7-4d0469d35681/12.db884a3c-c533-44b7-bb2d-47bec8ad4022</classId>
            <processId isNull="true" />
            <isAdaptive>false</isAdaptive>
            <seq>2</seq>
            <description>tw.resource.messages.responsive.coaches.table.editableColumns.description</description>
            <groupName isNull="true" />
            <guid>guid:00000008eeb7919e:92d34329:f98a127630a:-a30b</guid>
            <versionId>5af153f0-bd74-49e4-a354-9ad341aaa5df</versionId>
        </configOption>
        <configOption name="hiddenColumns">
            <lastModified isNull="true" />
            <lastModifiedBy isNull="true" />
            <coachViewConfigOptionId>66.b7769a82-2557-3324-8533-1b798b8019ad</coachViewConfigOptionId>
            <coachViewId>64.327b1224-e7d9-3d9c-ad44-392f5702827c</coachViewId>
            <isList>false</isList>
            <propertyType>OBJECT</propertyType>
            <label>tw.resource.messages.responsive.coaches.table.hiddenColumns</label>
            <classId>c6353c54-3d3a-41ac-8ca7-4d0469d35681/12.db884a3c-c533-44b7-bb2d-47bec8ad4022</classId>
            <processId isNull="true" />
            <isAdaptive>true</isAdaptive>
            <seq>3</seq>
            <description>tw.resource.messages.responsive.coaches.table.hiddenColumns.description</description>
            <groupName isNull="true" />
            <guid>guid:0000000b7769a822:55733248:5331b798b80:-19ad</guid>
            <versionId>b74c40a6-3284-42cb-9737-fdb01f250b21</versionId>
        </configOption>
        <configOption name="disableColumnsSelector">
            <lastModified isNull="true" />
            <lastModifiedBy isNull="true" />
            <coachViewConfigOptionId>66.61a3ede5-77a4-3b52-8f32-29934b6bcb5c</coachViewConfigOptionId>
            <coachViewId>64.327b1224-e7d9-3d9c-ad44-392f5702827c</coachViewId>
            <isList>false</isList>
            <propertyType>OBJECT</propertyType>
            <label>tw.resource.messages.responsive.coaches.table.disableColSelect</label>
            <classId>c6353c54-3d3a-41ac-8ca7-4d0469d35681/12.83ff975e-8dbc-42e5-b738-fa8bc08274a2</classId>
            <processId isNull="true" />
            <isAdaptive>true</isAdaptive>
            <seq>4</seq>
            <description>tw.resource.messages.responsive.coaches.table.disableColSelect.description</description>
            <groupName isNull="true" />
            <guid>guid:000000061a3ede57:7a43b528:f3229934b6b:-cb5c</guid>
            <versionId>1bf0c1c5-14f3-4bb9-8322-37063b5f3e5c</versionId>
        </configOption>
        <configOption name="columnWidths">
            <lastModified isNull="true" />
            <lastModifiedBy isNull="true" />
            <coachViewConfigOptionId>66.46f7fe37-7e11-3779-a018-af9a194dc26e</coachViewConfigOptionId>
            <coachViewId>64.327b1224-e7d9-3d9c-ad44-392f5702827c</coachViewId>
            <isList>false</isList>
            <propertyType>OBJECT</propertyType>
            <label>tw.resource.messages.responsive.coaches.table.columnWidths</label>
            <classId>c6353c54-3d3a-41ac-8ca7-4d0469d35681/12.db884a3c-c533-44b7-bb2d-47bec8ad4022</classId>
            <processId isNull="true" />
            <isAdaptive>true</isAdaptive>
            <seq>5</seq>
            <description>tw.resource.messages.responsive.coaches.table.columnWidths.description</description>
            <groupName isNull="true" />
            <guid>guid:000000046f7fe377:e113779a:018af9a194d:-c26e</guid>
            <versionId>c984292b-9524-4066-a153-73fcc56d9903</versionId>
        </configOption>
        <configOption name="columnWidthUnit">
            <lastModified isNull="true" />
            <lastModifiedBy isNull="true" />
            <coachViewConfigOptionId>66.c85eb9d9-6d45-3519-9a8c-0346f3c2d2b2</coachViewConfigOptionId>
            <coachViewId>64.327b1224-e7d9-3d9c-ad44-392f5702827c</coachViewId>
            <isList>false</isList>
            <propertyType>OBJECT</propertyType>
            <label>tw.resource.messages.responsive.coaches.table.columnWidthUnit</label>
            <classId>c6353c54-3d3a-41ac-8ca7-4d0469d35681/12.db884a3c-c533-44b7-bb2d-47bec8ad4022</classId>
            <processId isNull="true" />
            <isAdaptive>false</isAdaptive>
            <seq>6</seq>
            <description>tw.resource.messages.responsive.coaches.table.columnWidthUnit.description</description>
            <groupName isNull="true" />
            <guid>guid:0000000c85eb9d96:d4535199:a8c0346f3c2:-d2b2</guid>
            <versionId>70841258-2535-4be9-be99-7f58be6a746f</versionId>
        </configOption>
        <configOption name="skipLabelVisibility">
            <lastModified isNull="true" />
            <lastModifiedBy isNull="true" />
            <coachViewConfigOptionId>66.99252be1-885e-31d0-b349-6d9fe9fd2e5b</coachViewConfigOptionId>
            <coachViewId>64.327b1224-e7d9-3d9c-ad44-392f5702827c</coachViewId>
            <isList>false</isList>
            <propertyType>OBJECT</propertyType>
            <label>tw.resource.messages.responsive.coaches.table.skipLabel</label>
            <classId>c6353c54-3d3a-41ac-8ca7-4d0469d35681/12.db884a3c-c533-44b7-bb2d-47bec8ad4022</classId>
            <processId isNull="true" />
            <isAdaptive>true</isAdaptive>
            <seq>7</seq>
            <description>tw.resource.messages.responsive.coaches.table.skipLabel.description</description>
            <groupName isNull="true" />
            <guid>guid:000000099252be18:85e31d0b:3496d9fe9fd:-2e5b</guid>
            <versionId>c493cacd-8145-4ef3-bad4-b4436153b6ba</versionId>
        </configOption>
        <configOption name="selectionType">
            <lastModified isNull="true" />
            <lastModifiedBy isNull="true" />
            <coachViewConfigOptionId>66.ccb17805-8944-38cd-88e1-a74be2072a85</coachViewConfigOptionId>
            <coachViewId>64.327b1224-e7d9-3d9c-ad44-392f5702827c</coachViewId>
            <isList>false</isList>
            <propertyType>OBJECT</propertyType>
            <label>tw.resource.messages.responsive.coaches.table.selection</label>
            <classId>/12.cb456a48-0559-3586-a0d2-f2e8261706d9</classId>
            <processId isNull="true" />
            <isAdaptive>false</isAdaptive>
            <seq>8</seq>
            <description>tw.resource.messages.responsive.coaches.table.selection.description</description>
            <groupName isNull="true" />
            <guid>guid:0000000ccb178058:94438cd8:8e1a74be207:-2a85</guid>
            <versionId>d6d3f088-d7cb-4c06-a1bb-2876085c8330</versionId>
        </configOption>
        <configOption name="showAdd">
            <lastModified isNull="true" />
            <lastModifiedBy isNull="true" />
            <coachViewConfigOptionId>66.3e880ab8-fb42-3f8f-8c90-50b9a4390257</coachViewConfigOptionId>
            <coachViewId>64.327b1224-e7d9-3d9c-ad44-392f5702827c</coachViewId>
            <isList>false</isList>
            <propertyType>OBJECT</propertyType>
            <label>tw.resource.messages.responsive.coaches.table.showTableAddButton</label>
            <classId>c6353c54-3d3a-41ac-8ca7-4d0469d35681/12.83ff975e-8dbc-42e5-b738-fa8bc08274a2</classId>
            <processId isNull="true" />
            <isAdaptive>false</isAdaptive>
            <seq>9</seq>
            <description>tw.resource.messages.responsive.coaches.table.showTableAddButton.description</description>
            <groupName isNull="true" />
            <guid>guid:00000003e880ab8f:b423f8f8:c9050b9a439:-0257</guid>
            <versionId>81d3cf1b-8397-4ccf-8c71-d280f5d506b5</versionId>
        </configOption>
        <configOption name="addButtonText">
            <lastModified isNull="true" />
            <lastModifiedBy isNull="true" />
            <coachViewConfigOptionId>66.2e73d44f-c481-3224-b5d2-9d33460c8a65</coachViewConfigOptionId>
            <coachViewId>64.327b1224-e7d9-3d9c-ad44-392f5702827c</coachViewId>
            <isList>false</isList>
            <propertyType>OBJECT</propertyType>
            <label>tw.resource.messages.responsive.coaches.table.addButtonText</label>
            <classId>c6353c54-3d3a-41ac-8ca7-4d0469d35681/12.db884a3c-c533-44b7-bb2d-47bec8ad4022</classId>
            <processId isNull="true" />
            <isAdaptive>false</isAdaptive>
            <seq>10</seq>
            <description>tw.resource.messages.responsive.coaches.table.addButtonText.description</description>
            <groupName isNull="true" />
            <guid>guid:00000002e73d44fc:4813224b:5d29d33460c:-8a65</guid>
            <versionId>37988219-7fd3-4a08-b8bc-b0b8b92cf486</versionId>
        </configOption>
        <configOption name="showDelete">
            <lastModified isNull="true" />
            <lastModifiedBy isNull="true" />
            <coachViewConfigOptionId>66.e5ce5f81-5611-3fcc-9df2-c6631df2430c</coachViewConfigOptionId>
            <coachViewId>64.327b1224-e7d9-3d9c-ad44-392f5702827c</coachViewId>
            <isList>false</isList>
            <propertyType>OBJECT</propertyType>
            <label>tw.resource.messages.responsive.coaches.table.showTableDelButton</label>
            <classId>c6353c54-3d3a-41ac-8ca7-4d0469d35681/12.83ff975e-8dbc-42e5-b738-fa8bc08274a2</classId>
            <processId isNull="true" />
            <isAdaptive>false</isAdaptive>
            <seq>11</seq>
            <description>tw.resource.messages.responsive.coaches.table.showTableDelButton.description</description>
            <groupName isNull="true" />
            <guid>guid:0000000e5ce5f815:6113fcc9:df2c6631df2:-430c</guid>
            <versionId>4f22d829-bd63-438e-ba23-38cec9624e28</versionId>
        </configOption>
        <configOption name="deleteButtonText">
            <lastModified isNull="true" />
            <lastModifiedBy isNull="true" />
            <coachViewConfigOptionId>66.12483e79-7f9d-3450-a1b0-91ee255b7ee4</coachViewConfigOptionId>
            <coachViewId>64.327b1224-e7d9-3d9c-ad44-392f5702827c</coachViewId>
            <isList>false</isList>
            <propertyType>OBJECT</propertyType>
            <label>tw.resource.messages.responsive.coaches.table.delButtonText</label>
            <classId>c6353c54-3d3a-41ac-8ca7-4d0469d35681/12.db884a3c-c533-44b7-bb2d-47bec8ad4022</classId>
            <processId isNull="true" />
            <isAdaptive>false</isAdaptive>
            <seq>12</seq>
            <description>tw.resource.messages.responsive.coaches.table.delButtonText.description</description>
            <groupName isNull="true" />
            <guid>guid:000000012483e797:f9d3450a:1b091ee255b:-7ee4</guid>
            <versionId>195564ec-6221-4dc0-aab5-15208163d4d0</versionId>
        </configOption>
        <configOption name="disableSortColumns">
            <lastModified isNull="true" />
            <lastModifiedBy isNull="true" />
            <coachViewConfigOptionId>66.9629aac3-6813-3a69-920c-c03d4a91c9b9</coachViewConfigOptionId>
            <coachViewId>64.327b1224-e7d9-3d9c-ad44-392f5702827c</coachViewId>
            <isList>false</isList>
            <propertyType>OBJECT</propertyType>
            <label>tw.resource.messages.responsive.coaches.table.disableSortColumns</label>
            <classId>c6353c54-3d3a-41ac-8ca7-4d0469d35681/12.db884a3c-c533-44b7-bb2d-47bec8ad4022</classId>
            <processId isNull="true" />
            <isAdaptive>false</isAdaptive>
            <seq>13</seq>
            <description>tw.resource.messages.responsive.coaches.table.disableSortColumns.description</description>
            <groupName isNull="true" />
            <guid>guid:00000009629aac36:8133a699:20cc03d4a91:-c9b9</guid>
            <versionId>8167a0ab-e008-4020-be3a-4c8f71e684dc</versionId>
        </configOption>
        <configOption name="disableSorting">
            <lastModified isNull="true" />
            <lastModifiedBy isNull="true" />
            <coachViewConfigOptionId>66.75104698-ae7f-3ddc-a206-3ec57d998cf5</coachViewConfigOptionId>
            <coachViewId>64.327b1224-e7d9-3d9c-ad44-392f5702827c</coachViewId>
            <isList>false</isList>
            <propertyType>OBJECT</propertyType>
            <label>tw.resource.messages.responsive.coaches.table.disableSorting</label>
            <classId>c6353c54-3d3a-41ac-8ca7-4d0469d35681/12.83ff975e-8dbc-42e5-b738-fa8bc08274a2</classId>
            <processId isNull="true" />
            <isAdaptive>false</isAdaptive>
            <seq>14</seq>
            <description>tw.resource.messages.responsive.coaches.table.disableSorting.description</description>
            <groupName isNull="true" />
            <guid>guid:000000075104698a:e7f3ddca:2063ec57d99:-8cf5</guid>
            <versionId>14a37364-c8f0-4303-a303-988c28d38c1b</versionId>
        </configOption>
        <configOption name="enablePagination">
            <lastModified isNull="true" />
            <lastModifiedBy isNull="true" />
            <coachViewConfigOptionId>66.93458957-4f0e-30ee-89be-7937e1c59782</coachViewConfigOptionId>
            <coachViewId>64.327b1224-e7d9-3d9c-ad44-392f5702827c</coachViewId>
            <isList>false</isList>
            <propertyType>OBJECT</propertyType>
            <label>tw.resource.messages.responsive.coaches.table.enablePagination</label>
            <classId>c6353c54-3d3a-41ac-8ca7-4d0469d35681/12.83ff975e-8dbc-42e5-b738-fa8bc08274a2</classId>
            <processId isNull="true" />
            <isAdaptive>false</isAdaptive>
            <seq>15</seq>
            <description>tw.resource.messages.responsive.coaches.table.enablePagination.description</description>
            <groupName isNull="true" />
            <guid>guid:0000000934589574:f0e30ee8:9be7937e1c5:-9782</guid>
            <versionId>d1312c23-645d-42f2-bfff-245d42d6619c</versionId>
        </configOption>
        <configOption name="rowsPerPage">
            <lastModified isNull="true" />
            <lastModifiedBy isNull="true" />
            <coachViewConfigOptionId>66.4620d6af-cf01-3966-b983-8064c59103cd</coachViewConfigOptionId>
            <coachViewId>64.327b1224-e7d9-3d9c-ad44-392f5702827c</coachViewId>
            <isList>false</isList>
            <propertyType>OBJECT</propertyType>
            <label>tw.resource.messages.responsive.coaches.table.rowsPerPage</label>
            <classId>c6353c54-3d3a-41ac-8ca7-4d0469d35681/12.3fa0d7a0-828a-4d60-99cc-db5ed143fc2d</classId>
            <processId isNull="true" />
            <isAdaptive>true</isAdaptive>
            <seq>16</seq>
            <description>tw.resource.messages.responsive.coaches.table.rowsPerPage.description</description>
            <groupName isNull="true" />
            <guid>guid:00000004620d6afc:f013966b:9838064c591:-03cd</guid>
            <versionId>095461c0-4e8c-400b-ba41-236a9d6fd7a4</versionId>
        </configOption>
        <configOption name="hideBorder">
            <lastModified isNull="true" />
            <lastModifiedBy isNull="true" />
            <coachViewConfigOptionId>66.94f1d144-fd75-3536-bdb5-5b4ca09cb747</coachViewConfigOptionId>
            <coachViewId>64.327b1224-e7d9-3d9c-ad44-392f5702827c</coachViewId>
            <isList>false</isList>
            <propertyType>OBJECT</propertyType>
            <label>tw.resource.messages.responsive.coaches.table.hideBorder</label>
            <classId>c6353c54-3d3a-41ac-8ca7-4d0469d35681/12.83ff975e-8dbc-42e5-b738-fa8bc08274a2</classId>
            <processId isNull="true" />
            <isAdaptive>false</isAdaptive>
            <seq>17</seq>
            <description>tw.resource.messages.responsive.coaches.table.hideBorder.description</description>
            <groupName>tw.resource.messages.responsive.coaches.style</groupName>
            <guid>guid:000000094f1d144f:d753536b:db55b4ca09c:-b747</guid>
            <versionId>da5194d3-af7a-4483-b6d2-b40ac135fe84</versionId>
        </configOption>
        <dynamicStyle>
            <lastModified isNull="true" />
            <lastModifiedBy isNull="true" />
            <coachViewDynamicStyleId>73.b3a8ad63-7983-33b1-8e04-dce840879856</coachViewDynamicStyleId>
            <coachViewId>64.327b1224-e7d9-3d9c-ad44-392f5702827c</coachViewId>
            <filePath>scripts/controls.less</filePath>
            <assetUuid>/61.753ec599-e014-3ac0-9251-63c6aa962a34</assetUuid>
            <seq>0</seq>
            <guid>guid:0000000b3a8ad637:98333b18:e04dce84087:-9856</guid>
            <versionId>c38f59e2-d233-4125-8fb6-f4915e983a58</versionId>
        </dynamicStyle>
        <inlineScript name="Inline CSS">
            <lastModified isNull="true" />
            <lastModifiedBy isNull="true" />
            <coachViewInlineScriptId>68.0f7d0ede-40d0-3980-8973-b846ee1fd6b1</coachViewInlineScriptId>
            <coachViewId>64.327b1224-e7d9-3d9c-ad44-392f5702827c</coachViewId>
            <scriptType>CSS</scriptType>
            <scriptBlock isNull="true" />
            <seq>0</seq>
            <description isNull="true" />
            <guid>guid:00000000f7d0ede4:0d039808:973b846ee1f:-d6b1</guid>
            <versionId>5c724086-7377-4a4d-bc17-33508ba63f94</versionId>
        </inlineScript>
        <inlineScript name="Inline Javascript">
            <lastModified isNull="true" />
            <lastModifiedBy isNull="true" />
            <coachViewInlineScriptId>68.b2c916f7-fb2f-36e7-861f-22266a8bde94</coachViewInlineScriptId>
            <coachViewId>64.327b1224-e7d9-3d9c-ad44-392f5702827c</coachViewId>
            <scriptType>JS</scriptType>
            <scriptBlock>
/*
@dojoConfigUpdateStart
dojoConfig.packages.push({
name: 'com.ibm.bpm.coach.angular',
location: dojoConfig.isDebug ?
com_ibm_bpm_coach.getManagedAssetUrl('coachview.helper.debug.zip', com_ibm_bpm_coach.assetType_WEB, 'SYSRC')
: com_ibm_bpm_coach.getManagedAssetUrl('coachview.helper.min.zip', com_ibm_bpm_coach.assetType_WEB, 'SYSRC')
});
@dojoConfigUpdateEnd
*/
</scriptBlock>
            <seq>1</seq>
            <description isNull="true" />
            <guid>guid:0000000b2c916f7f:b2f36e78:61f22266a8b:-de94</guid>
            <versionId>952d8855-335f-4b38-bd95-759019b695d7</versionId>
        </inlineScript>
        <inlineScript name="Header HTML">
            <lastModified isNull="true" />
            <lastModifiedBy isNull="true" />
            <coachViewInlineScriptId>68.e7bedd77-274d-3edd-a721-6248f4143b1f</coachViewInlineScriptId>
            <coachViewId>64.327b1224-e7d9-3d9c-ad44-392f5702827c</coachViewId>
            <scriptType>HTML</scriptType>
            <scriptBlock isNull="true" />
            <seq>2</seq>
            <description isNull="true" />
            <guid>guid:0000000e7bedd772:74d3edda:7216248f414:-3b1f</guid>
            <versionId>9c5b38ee-8ff3-48dc-a77a-ae07d59b0880</versionId>
        </inlineScript>
        <localization>
            <lastModified isNull="true" />
            <lastModifiedBy isNull="true" />
            <coachViewLocalResId>69.2c1d3336-d724-33a9-a11a-2d2a758dfbdf</coachViewLocalResId>
            <coachViewId>64.327b1224-e7d9-3d9c-ad44-392f5702827c</coachViewId>
            <resourceBundleGroupId>/50.b17076cd-8a20-376f-9c7d-379adea7aabc</resourceBundleGroupId>
            <seq>1</seq>
            <guid>guid:00000002c1d3336d:72433a9a:11a2d2a758d:-fbdf</guid>
            <versionId>255544c2-abed-49e1-9072-820dbd40d05e</versionId>
        </localization>
        <amdDependency>
            <lastModified isNull="true" />
            <lastModifiedBy isNull="true" />
            <coachViewAmdDepId>70.008121d8-f6d6-4ac9-9404-f991d5948daf</coachViewAmdDepId>
            <coachViewId>64.327b1224-e7d9-3d9c-ad44-392f5702827c</coachViewId>
            <moduleId>com.ibm.bpm.coach.angular/scripts/coachViewHelper</moduleId>
            <functionArgument>coachViewHelper</functionArgument>
            <seq>0</seq>
            <guid>guid:0000000eab24b063:1223cb2a:b9394565a9d:-5b26</guid>
            <versionId>507a3d0a-c7a0-4138-884a-c428abf17f55</versionId>
        </amdDependency>
    </coachView>
</teamworks>

