<?xml version="1.0" encoding="UTF-8"?>
<teamworks>
    <coachView id="64.5aca3cb1-f4ce-3b4a-a305-c045839893b9" name="Image">
        <lastModified>1468886314114</lastModified>
        <lastModifiedBy>admind</lastModifiedBy>
        <coachViewId>64.5aca3cb1-f4ce-3b4a-a305-c045839893b9</coachViewId>
        <isTemplate>false</isTemplate>
        <layout>&lt;?xml version="1.0" encoding="UTF-8"?&gt;
&lt;layout xmlns:xsi="http://www.w3.org/2001/XMLSchema-instance" xmlns="http://www.ibm.com/bpm/CoachDesignerNG"&gt;
&lt;layoutItem xsi:type="CustomHTML"&gt;
&lt;layoutItemId&gt;CustomHTML1&lt;/layoutItemId&gt;
&lt;configData&gt;
&lt;optionName&gt;@customHTML.contentType&lt;/optionName&gt;
&lt;value&gt;ASSET&lt;/value&gt;
&lt;/configData&gt;
&lt;configData&gt;
&lt;optionName&gt;@customHTML.textContent&lt;/optionName&gt;
&lt;/configData&gt;
&lt;configData&gt;
&lt;optionName&gt;@customHTML.variableContent&lt;/optionName&gt;
&lt;/configData&gt;
&lt;configData&gt;
&lt;optionName&gt;@customHTML.assetContent&lt;/optionName&gt;
&lt;value&gt;61.5c2cce6c-061e-30ce-be7f-206497563477&lt;/value&gt;
&lt;/configData&gt;
&lt;/layoutItem&gt;
&lt;layoutItem xsi:type="CustomHTML"&gt;
&lt;layoutItemId&gt;ValidationAlert&lt;/layoutItemId&gt;
&lt;configData&gt;
&lt;optionName&gt;@customHTML.contentType&lt;/optionName&gt;
&lt;value&gt;ASSET&lt;/value&gt;
&lt;/configData&gt;
&lt;configData&gt;
&lt;optionName&gt;@customHTML.textContent&lt;/optionName&gt;
&lt;/configData&gt;
&lt;configData&gt;
&lt;optionName&gt;@customHTML.variableContent&lt;/optionName&gt;
&lt;/configData&gt;
&lt;configData&gt;
&lt;optionName&gt;@customHTML.assetContent&lt;/optionName&gt;
&lt;value&gt;61.e37c8eaa-0cd4-3b24-a7d5-c0cdcdd58eb2&lt;/value&gt;
&lt;/configData&gt;
&lt;/layoutItem&gt;
&lt;/layout&gt;
</layout>
        <paletteIcon>/61.af6776ab-a177-3cf0-bd2c-0269badcdd4b</paletteIcon>
        <previewImage>/61.72d74f52-059f-39f6-a6a4-7fe061be560d</previewImage>
        <hasLabel>true</hasLabel>
        <labelPosition>0</labelPosition>
        <nineSliceX1Coord isNull="true" />
        <nineSliceX2Coord isNull="true" />
        <nineSliceY1Coord isNull="true" />
        <nineSliceY2Coord isNull="true" />
        <emitBoundary>false</emitBoundary>
        <isPrototypeFunc>true</isPrototypeFunc>
        <enableDevMode>false</enableDevMode>
        <isMobileReady>true</isMobileReady>
        <loadJsFunction>coachViewHelper.bootstrap(this, "responsive.coaches", "image", {Explorer: 9});</loadJsFunction>
        <unloadJsFunction></unloadJsFunction>
        <viewJsFunction>coachViewHelper.init();</viewJsFunction>
        <changeJsFunction>coachViewHelper.notify(this);</changeJsFunction>
        <collaborationJsFunction isNull="true" />
        <description>&lt;p&gt;This control is an image instance that is suitable for mobile and desktop platforms.&lt;/p&gt;</description>
        <validateJsFunction isNull="true" />
        <previewAdvHtml>/61.5c2cce6c-061e-30ce-be7f-206497563477</previewAdvHtml>
        <previewAdvJs>/61.aa169f95-194f-3334-b746-3f4ae8d5fe9a</previewAdvJs>
        <useUrlBinding>true</useUrlBinding>
        <guid>guid:00000005aca3cb1f:4ce3b4aa:305c0458398:-93b9</guid>
        <versionId>aba97ebb-39a4-3888-b208-f986ba0fc0a8</versionId>
        <bindingType name="image">
            <lastModified isNull="true" />
            <lastModifiedBy isNull="true" />
            <coachViewBindingTypeId>65.c3457c79-edd1-3331-9542-30d59575ad3c</coachViewBindingTypeId>
            <coachViewId>64.5aca3cb1-f4ce-3b4a-a305-c045839893b9</coachViewId>
            <isList>false</isList>
            <classId>c6353c54-3d3a-41ac-8ca7-4d0469d35681/12.010f99b3-dd03-4f3d-938f-55f109a8bbb7</classId>
            <seq isNull="true" />
            <description isNull="true" />
            <guid>guid:0000000c3457c79e:dd133319:54230d59575:-ad3c</guid>
            <versionId>949e03f1-a547-425f-b9ae-7f6b23cd7e32</versionId>
        </bindingType>
        <configOption name="imageUrl">
            <lastModified isNull="true" />
            <lastModifiedBy isNull="true" />
            <coachViewConfigOptionId>66.1ac533f0-302c-3383-b9dc-a59635909f61</coachViewConfigOptionId>
            <coachViewId>64.5aca3cb1-f4ce-3b4a-a305-c045839893b9</coachViewId>
            <isList>false</isList>
            <propertyType>OBJECT</propertyType>
            <label>tw.resource.messages.responsive.coaches.image</label>
            <classId>c6353c54-3d3a-41ac-8ca7-4d0469d35681/12.010f99b3-dd03-4f3d-938f-55f109a8bbb7</classId>
            <processId isNull="true" />
            <isAdaptive>true</isAdaptive>
            <seq>1</seq>
            <description>tw.resource.messages.responsive.coaches.image.description</description>
            <groupName isNull="true" />
            <guid>guid:00000001ac533f03:02c3383b:9dca5963590:-9f61</guid>
            <versionId>193567cc-fd2b-4911-b532-04a92d96ec5f</versionId>
        </configOption>
        <configOption name="alternateText">
            <lastModified isNull="true" />
            <lastModifiedBy isNull="true" />
            <coachViewConfigOptionId>66.988d191b-d344-3106-b0f4-68c393909ef7</coachViewConfigOptionId>
            <coachViewId>64.5aca3cb1-f4ce-3b4a-a305-c045839893b9</coachViewId>
            <isList>false</isList>
            <propertyType>OBJECT</propertyType>
            <label>tw.resource.messages.responsive.coaches.imageDescription</label>
            <classId>c6353c54-3d3a-41ac-8ca7-4d0469d35681/12.db884a3c-c533-44b7-bb2d-47bec8ad4022</classId>
            <processId isNull="true" />
            <isAdaptive>false</isAdaptive>
            <seq>2</seq>
            <description>tw.resource.messages.responsive.coaches.imageDescription.description</description>
            <groupName isNull="true" />
            <guid>guid:0000000988d191bd:3443106b:0f468c39390:-9ef7</guid>
            <versionId>cc62305f-0b9e-458d-a802-53608413d8a6</versionId>
        </configOption>
        <configOption name="caption">
            <lastModified isNull="true" />
            <lastModifiedBy isNull="true" />
            <coachViewConfigOptionId>66.31d53c54-ce93-3b02-84b3-fdb38043a216</coachViewConfigOptionId>
            <coachViewId>64.5aca3cb1-f4ce-3b4a-a305-c045839893b9</coachViewId>
            <isList>false</isList>
            <propertyType>OBJECT</propertyType>
            <label>tw.resource.messages.responsive.coaches.caption</label>
            <classId>c6353c54-3d3a-41ac-8ca7-4d0469d35681/12.db884a3c-c533-44b7-bb2d-47bec8ad4022</classId>
            <processId isNull="true" />
            <isAdaptive>true</isAdaptive>
            <seq>3</seq>
            <description>tw.resource.messages.responsive.coaches.caption.description</description>
            <groupName isNull="true" />
            <guid>guid:000000031d53c54c:e933b028:4b3fdb38043:-a216</guid>
            <versionId>305cb9d0-6c68-45d9-859f-87a043a8c7c8</versionId>
        </configOption>
        <configOption name="captionVerticalPosition">
            <lastModified isNull="true" />
            <lastModifiedBy isNull="true" />
            <coachViewConfigOptionId>66.fcc238b5-2130-311f-bfe3-45b89d20dfb9</coachViewConfigOptionId>
            <coachViewId>64.5aca3cb1-f4ce-3b4a-a305-c045839893b9</coachViewId>
            <isList>false</isList>
            <propertyType>OBJECT</propertyType>
            <label>tw.resource.messages.responsive.coaches.labelVertical</label>
            <classId>/12.2fa3646a-8aab-3dcd-80e9-87809f422555</classId>
            <processId isNull="true" />
            <isAdaptive>true</isAdaptive>
            <seq>4</seq>
            <description>tw.resource.messages.responsive.coaches.captionPosition.description</description>
            <groupName isNull="true" />
            <guid>guid:0000000fcc238b52:130311fb:fe345b89d20:-dfb9</guid>
            <versionId>4d3068b3-b660-43b0-be56-9c67026800a2</versionId>
        </configOption>
        <configOption name="captionHorizontalPosition">
            <lastModified isNull="true" />
            <lastModifiedBy isNull="true" />
            <coachViewConfigOptionId>66.ac7948b8-80ec-3ea4-b9d1-4d8527d18ce4</coachViewConfigOptionId>
            <coachViewId>64.5aca3cb1-f4ce-3b4a-a305-c045839893b9</coachViewId>
            <isList>false</isList>
            <propertyType>OBJECT</propertyType>
            <label>tw.resource.messages.responsive.coaches.labelHorizontal</label>
            <classId>/12.a77cf9a8-a438-35e7-857b-ec11c4a4998e</classId>
            <processId isNull="true" />
            <isAdaptive>true</isAdaptive>
            <seq>5</seq>
            <description>tw.resource.messages.responsive.coaches.captionAlignment.description</description>
            <groupName isNull="true" />
            <guid>guid:0000000ac7948b88:0ec3ea4b:9d14d8527d1:-8ce4</guid>
            <versionId>5a6c34d8-0e76-4071-b0f8-f407853d4999</versionId>
        </configOption>
        <dynamicStyle>
            <lastModified isNull="true" />
            <lastModifiedBy isNull="true" />
            <coachViewDynamicStyleId>73.03c062bf-5922-37dd-812d-6a529e86a5c0</coachViewDynamicStyleId>
            <coachViewId>64.5aca3cb1-f4ce-3b4a-a305-c045839893b9</coachViewId>
            <filePath>scripts/controls.less</filePath>
            <assetUuid>/61.753ec599-e014-3ac0-9251-63c6aa962a34</assetUuid>
            <seq>0</seq>
            <guid>guid:000000003c062bf5:92237dd8:12d6a529e86:-a5c0</guid>
            <versionId>ec4e5833-6822-41cd-b335-7c49bc8f2d1b</versionId>
        </dynamicStyle>
        <inlineScript name="Inline CSS">
            <lastModified isNull="true" />
            <lastModifiedBy isNull="true" />
            <coachViewInlineScriptId>68.03a5f6c9-9d3d-3f63-b6f8-1facb7134330</coachViewInlineScriptId>
            <coachViewId>64.5aca3cb1-f4ce-3b4a-a305-c045839893b9</coachViewId>
            <scriptType>CSS</scriptType>
            <scriptBlock isNull="true" />
            <seq>0</seq>
            <description isNull="true" />
            <guid>guid:000000003a5f6c99:d3d3f63b:6f81facb713:-4330</guid>
            <versionId>00acb3f1-2173-4ebd-8d94-6e88bcdc404c</versionId>
        </inlineScript>
        <inlineScript name="Inline Javascript">
            <lastModified isNull="true" />
            <lastModifiedBy isNull="true" />
            <coachViewInlineScriptId>68.d706f2e7-f7b1-3d59-9db5-2a31de846d84</coachViewInlineScriptId>
            <coachViewId>64.5aca3cb1-f4ce-3b4a-a305-c045839893b9</coachViewId>
            <scriptType>JS</scriptType>
            <scriptBlock>
/*
@dojoConfigUpdateStart
dojoConfig.packages.push({
name: 'com.ibm.bpm.coach.angular',
location: dojoConfig.isDebug ?
com_ibm_bpm_coach.getManagedAssetUrl('coachview.helper.debug.zip', com_ibm_bpm_coach.assetType_WEB, 'SYSRC')
: com_ibm_bpm_coach.getManagedAssetUrl('coachview.helper.min.zip', com_ibm_bpm_coach.assetType_WEB, 'SYSRC')
});
@dojoConfigUpdateEnd
*/
</scriptBlock>
            <seq>1</seq>
            <description isNull="true" />
            <guid>guid:0000000d706f2e7f:7b13d599:db52a31de84:-6d84</guid>
            <versionId>36c63931-90da-4147-af15-4fe05daae44d</versionId>
        </inlineScript>
        <inlineScript name="Header HTML">
            <lastModified isNull="true" />
            <lastModifiedBy isNull="true" />
            <coachViewInlineScriptId>68.c0e9fe23-4c40-32c9-8f4d-fbe20f8452dc</coachViewInlineScriptId>
            <coachViewId>64.5aca3cb1-f4ce-3b4a-a305-c045839893b9</coachViewId>
            <scriptType>HTML</scriptType>
            <scriptBlock isNull="true" />
            <seq>2</seq>
            <description isNull="true" />
            <guid>guid:0000000c0e9fe234:c4032c98:f4dfbe20f84:-52dc</guid>
            <versionId>d85c696c-fb2c-48dd-af51-1e76a7348361</versionId>
        </inlineScript>
        <localization>
            <lastModified isNull="true" />
            <lastModifiedBy isNull="true" />
            <coachViewLocalResId>69.89a353ac-0bea-358c-816b-7c97694ae3d5</coachViewLocalResId>
            <coachViewId>64.5aca3cb1-f4ce-3b4a-a305-c045839893b9</coachViewId>
            <resourceBundleGroupId>/50.b17076cd-8a20-376f-9c7d-379adea7aabc</resourceBundleGroupId>
            <seq>1</seq>
            <guid>guid:000000089a353ac0:bea358c8:16b7c97694a:-e3d5</guid>
            <versionId>bb780622-bffc-4498-84a3-a057e56ba7cc</versionId>
        </localization>
        <amdDependency>
            <lastModified isNull="true" />
            <lastModifiedBy isNull="true" />
            <coachViewAmdDepId>70.bffb7409-8ee8-4bc8-bfb0-1e5f9250c1a4</coachViewAmdDepId>
            <coachViewId>64.5aca3cb1-f4ce-3b4a-a305-c045839893b9</coachViewId>
            <moduleId>com.ibm.bpm.coach.angular/scripts/coachViewHelper</moduleId>
            <functionArgument>coachViewHelper</functionArgument>
            <seq>0</seq>
            <guid>guid:0000000ce86e603a:2bb331a9:67b10418246:-995b</guid>
            <versionId>13190424-6c9d-4ab1-9dfb-2650e7a5071c</versionId>
        </amdDependency>
    </coachView>
</teamworks>

