<?xml version="1.0" encoding="UTF-8"?>
<teamworks>
    <coachView id="64.793390a8-b833-37e0-a188-c65859a9a583" name="Date Time Picker">
        <lastModified>1463148019556</lastModified>
        <lastModifiedBy>admind</lastModifiedBy>
        <coachViewId>64.793390a8-b833-37e0-a188-c65859a9a583</coachViewId>
        <isTemplate>false</isTemplate>
        <layout>&lt;?xml version="1.0" encoding="UTF-8"?&gt;
&lt;layout xmlns:xsi="http://www.w3.org/2001/XMLSchema-instance" xmlns="http://www.ibm.com/bpm/CoachDesignerNG"&gt;
&lt;layoutItem xsi:type="CustomHTML"&gt;
&lt;layoutItemId&gt;CustomHTML1&lt;/layoutItemId&gt;
&lt;configData&gt;
&lt;optionName&gt;@customHTML.contentType&lt;/optionName&gt;
&lt;value&gt;ASSET&lt;/value&gt;
&lt;/configData&gt;
&lt;configData&gt;
&lt;optionName&gt;@customHTML.textContent&lt;/optionName&gt;
&lt;/configData&gt;
&lt;configData&gt;
&lt;optionName&gt;@customHTML.variableContent&lt;/optionName&gt;
&lt;/configData&gt;
&lt;configData&gt;
&lt;optionName&gt;@customHTML.assetContent&lt;/optionName&gt;
&lt;value&gt;61.5c2a4e4f-6924-33ae-b258-b5690aa31035&lt;/value&gt;
&lt;/configData&gt;
&lt;/layoutItem&gt;
&lt;layoutItem xsi:type="CustomHTML"&gt;
&lt;layoutItemId&gt;ValidationAlert&lt;/layoutItemId&gt;
&lt;configData&gt;
&lt;optionName&gt;@customHTML.contentType&lt;/optionName&gt;
&lt;value&gt;ASSET&lt;/value&gt;
&lt;/configData&gt;
&lt;configData&gt;
&lt;optionName&gt;@customHTML.textContent&lt;/optionName&gt;
&lt;/configData&gt;
&lt;configData&gt;
&lt;optionName&gt;@customHTML.variableContent&lt;/optionName&gt;
&lt;/configData&gt;
&lt;configData&gt;
&lt;optionName&gt;@customHTML.assetContent&lt;/optionName&gt;
&lt;value&gt;61.e37c8eaa-0cd4-3b24-a7d5-c0cdcdd58eb2&lt;/value&gt;
&lt;/configData&gt;
&lt;/layoutItem&gt;
&lt;/layout&gt;
</layout>
        <paletteIcon>/61.c75eaf56-fcbc-3fb4-b658-fda87f75cb72</paletteIcon>
        <previewImage>/61.6e8c6901-c556-390f-af8f-94d2a92e7eea</previewImage>
        <hasLabel>true</hasLabel>
        <labelPosition>0</labelPosition>
        <nineSliceX1Coord isNull="true" />
        <nineSliceX2Coord isNull="true" />
        <nineSliceY1Coord isNull="true" />
        <nineSliceY2Coord isNull="true" />
        <emitBoundary>false</emitBoundary>
        <isPrototypeFunc>true</isPrototypeFunc>
        <enableDevMode>false</enableDevMode>
        <isMobileReady>true</isMobileReady>
        <loadJsFunction>coachViewHelper.bootstrap(this, "responsive.coaches", "dateTimePicker", {Explorer: 9});</loadJsFunction>
        <unloadJsFunction></unloadJsFunction>
        <viewJsFunction>coachViewHelper.init();</viewJsFunction>
        <changeJsFunction>coachViewHelper.notify(this);</changeJsFunction>
        <collaborationJsFunction isNull="true" />
        <description>&lt;p&gt;This control is a user interface in which the user can view and enter dates and times. The user interface is suitable for mobile and desktop platforms.&lt;/p&gt;&lt;br&gt;&lt;p&gt;If a browser has a native date and time picker, the Date Time Picker control uses it. For this reason, users must set their language preference in both their BPM profile and in the browser for correct behavior. If a browser does not have a native date and time picker, the control uses its own date and time picker. &lt;/p&gt;</description>
        <validateJsFunction>coachViewHelper.validate(this, event);</validateJsFunction>
        <previewAdvHtml>/61.5c2a4e4f-6924-33ae-b258-b5690aa31035</previewAdvHtml>
        <previewAdvJs>/61.947198ba-9816-3cef-885b-93df1c8990ae</previewAdvJs>
        <useUrlBinding>false</useUrlBinding>
        <guid>guid:0000000793390a8b:83337e0a:188c65859a9:-a583</guid>
        <versionId>0b1c9617-58c3-3c98-9ac3-e0fac159854f</versionId>
        <bindingType name="date">
            <lastModified isNull="true" />
            <lastModifiedBy isNull="true" />
            <coachViewBindingTypeId>65.b7a1d6ce-7974-33f1-9849-1adc3ab58fd6</coachViewBindingTypeId>
            <coachViewId>64.793390a8-b833-37e0-a188-c65859a9a583</coachViewId>
            <isList>false</isList>
            <classId>c6353c54-3d3a-41ac-8ca7-4d0469d35681/12.68474ab0-d56f-47ee-b7e9-510b45a2a8be</classId>
            <seq isNull="true" />
            <description isNull="true" />
            <guid>guid:0000000b7a1d6ce7:97433f19:8491adc3ab5:-8fd6</guid>
            <versionId>567fff7b-adde-498e-92d1-aabe1ba03971</versionId>
        </bindingType>
        <configOption name="dateFormat">
            <lastModified isNull="true" />
            <lastModifiedBy isNull="true" />
            <coachViewConfigOptionId>66.dc2a8cb7-2102-3c4d-8787-c87e961d2636</coachViewConfigOptionId>
            <coachViewId>64.793390a8-b833-37e0-a188-c65859a9a583</coachViewId>
            <isList>false</isList>
            <propertyType>OBJECT</propertyType>
            <label>tw.resource.messages.responsive.coaches.dateFormat</label>
            <classId>c6353c54-3d3a-41ac-8ca7-4d0469d35681/12.db884a3c-c533-44b7-bb2d-47bec8ad4022</classId>
            <processId isNull="true" />
            <isAdaptive>true</isAdaptive>
            <seq>1</seq>
            <description>tw.resource.messages.responsive.coaches.dateFormat.description</description>
            <groupName isNull="true" />
            <guid>guid:0000000dc2a8cb72:1023c4d8:787c87e961d:-2636</guid>
            <versionId>933fbf9f-421a-42dd-bccc-479b55680747</versionId>
        </configOption>
        <configOption name="placeholder">
            <lastModified isNull="true" />
            <lastModifiedBy isNull="true" />
            <coachViewConfigOptionId>66.7c72c759-529b-377f-9a14-0a1ce43ec966</coachViewConfigOptionId>
            <coachViewId>64.793390a8-b833-37e0-a188-c65859a9a583</coachViewId>
            <isList>false</isList>
            <propertyType>OBJECT</propertyType>
            <label>tw.resource.messages.responsive.coaches.placeholder</label>
            <classId>c6353c54-3d3a-41ac-8ca7-4d0469d35681/12.db884a3c-c533-44b7-bb2d-47bec8ad4022</classId>
            <processId isNull="true" />
            <isAdaptive>false</isAdaptive>
            <seq>2</seq>
            <description>tw.resource.messages.responsive.coaches.placeholder.description</description>
            <groupName isNull="true" />
            <guid>guid:00000007c72c7595:29b377f9:a140a1ce43e:-c966</guid>
            <versionId>02c5ecb6-3850-42ed-bf99-3d8023e78ced</versionId>
        </configOption>
        <configOption name="showCalendar">
            <lastModified isNull="true" />
            <lastModifiedBy isNull="true" />
            <coachViewConfigOptionId>66.7578f8e2-fc1f-3c8d-9197-6f795302525a</coachViewConfigOptionId>
            <coachViewId>64.793390a8-b833-37e0-a188-c65859a9a583</coachViewId>
            <isList>false</isList>
            <propertyType>OBJECT</propertyType>
            <label>tw.resource.messages.responsive.coaches.showCalendar</label>
            <classId>/12.448e4be1-7d04-37cf-8f20-2fd2f89ec6df</classId>
            <processId isNull="true" />
            <isAdaptive>true</isAdaptive>
            <seq>3</seq>
            <description>tw.resource.messages.responsive.coaches.showCalendar.description</description>
            <groupName isNull="true" />
            <guid>guid:00000007578f8e2f:c1f3c8d9:1976f795302:-525a</guid>
            <versionId>228d83f0-b1b1-42d5-a48b-7685f25fb7c2</versionId>
        </configOption>
        <configOption name="calendarType">
            <lastModified isNull="true" />
            <lastModifiedBy isNull="true" />
            <coachViewConfigOptionId>66.29b0b01f-c53c-3f43-8d9d-71a5475440d2</coachViewConfigOptionId>
            <coachViewId>64.793390a8-b833-37e0-a188-c65859a9a583</coachViewId>
            <isList>false</isList>
            <propertyType>OBJECT</propertyType>
            <label>tw.resource.messages.responsive.coaches.calendarType</label>
            <classId>/12.167a89d8-583b-39d0-a900-725722605273</classId>
            <processId isNull="true" />
            <isAdaptive>false</isAdaptive>
            <seq>4</seq>
            <description>tw.resource.messages.responsive.coaches.calendarType.description</description>
            <groupName isNull="true" />
            <guid>guid:000000029b0b01fc:53c3f438:d9d71a54754:-40d2</guid>
            <versionId>ae3ea236-de87-408b-8202-d12834eea4d9</versionId>
        </configOption>
        <configOption name="includeTimePicker">
            <lastModified isNull="true" />
            <lastModifiedBy isNull="true" />
            <coachViewConfigOptionId>66.32d45751-df54-393a-9f3c-db11a9a30df7</coachViewConfigOptionId>
            <coachViewId>64.793390a8-b833-37e0-a188-c65859a9a583</coachViewId>
            <isList>false</isList>
            <propertyType>OBJECT</propertyType>
            <label>tw.resource.messages.responsive.coaches.includeTimePicker</label>
            <classId>c6353c54-3d3a-41ac-8ca7-4d0469d35681/12.83ff975e-8dbc-42e5-b738-fa8bc08274a2</classId>
            <processId isNull="true" />
            <isAdaptive>true</isAdaptive>
            <seq>5</seq>
            <description isNull="true" />
            <groupName isNull="true" />
            <guid>guid:000000032d45751d:f54393a9:f3cdb11a9a3:-0df7</guid>
            <versionId>e4dd85e6-0740-4526-90e9-46270dda95b8</versionId>
        </configOption>
        <configOption name="blackoutDates">
            <lastModified isNull="true" />
            <lastModifiedBy isNull="true" />
            <coachViewConfigOptionId>66.902d8925-17fb-3654-90ad-c93de7d933ec</coachViewConfigOptionId>
            <coachViewId>64.793390a8-b833-37e0-a188-c65859a9a583</coachViewId>
            <isList>true</isList>
            <propertyType>OBJECT</propertyType>
            <label>tw.resource.messages.responsive.coaches.blackoutDates</label>
            <classId>c6353c54-3d3a-41ac-8ca7-4d0469d35681/12.68474ab0-d56f-47ee-b7e9-510b45a2a8be</classId>
            <processId isNull="true" />
            <isAdaptive>false</isAdaptive>
            <seq>6</seq>
            <description>tw.resource.messages.responsive.coaches.blackoutDates.description</description>
            <groupName isNull="true" />
            <guid>guid:0000000902d89251:7fb36549:0adc93de7d9:-33ec</guid>
            <versionId>12d46226-9bec-4fe7-8165-8dd9ae5f01d1</versionId>
        </configOption>
        <configOption name="textSize">
            <lastModified isNull="true" />
            <lastModifiedBy isNull="true" />
            <coachViewConfigOptionId>66.86a93f32-ab62-345a-9fd6-af8bfd0b09c4</coachViewConfigOptionId>
            <coachViewId>64.793390a8-b833-37e0-a188-c65859a9a583</coachViewId>
            <isList>false</isList>
            <propertyType>OBJECT</propertyType>
            <label>tw.resource.messages.responsive.coaches.textSize</label>
            <classId>/12.0b2df65b-a634-34b8-96f8-7da0de513dde</classId>
            <processId isNull="true" />
            <isAdaptive>true</isAdaptive>
            <seq>7</seq>
            <description>tw.resource.messages.responsive.coaches.textSize.description</description>
            <groupName>tw.resource.messages.responsive.coaches.style</groupName>
            <guid>guid:000000086a93f32a:b62345a9:fd6af8bfd0b:-09c4</guid>
            <versionId>e5b9cc8f-a823-42ba-98f8-f7b542b2edbf</versionId>
        </configOption>
        <dynamicStyle>
            <lastModified isNull="true" />
            <lastModifiedBy isNull="true" />
            <coachViewDynamicStyleId>73.747c23f7-af2a-3c15-b90e-3dd6a783e626</coachViewDynamicStyleId>
            <coachViewId>64.793390a8-b833-37e0-a188-c65859a9a583</coachViewId>
            <filePath>scripts/controls.less</filePath>
            <assetUuid>/61.753ec599-e014-3ac0-9251-63c6aa962a34</assetUuid>
            <seq>0</seq>
            <guid>guid:0000000747c23f7a:f2a3c15b:90e3dd6a783:-e626</guid>
            <versionId>d151de4c-3299-4038-b77b-cf39a472845d</versionId>
        </dynamicStyle>
        <inlineScript name="Inline CSS">
            <lastModified isNull="true" />
            <lastModifiedBy isNull="true" />
            <coachViewInlineScriptId>68.59dbb14e-a0ed-3f6c-a3c1-b2a9eb023983</coachViewInlineScriptId>
            <coachViewId>64.793390a8-b833-37e0-a188-c65859a9a583</coachViewId>
            <scriptType>CSS</scriptType>
            <scriptBlock isNull="true" />
            <seq>0</seq>
            <description isNull="true" />
            <guid>guid:000000059dbb14ea:0ed3f6ca:3c1b2a9eb02:-3983</guid>
            <versionId>90bd11a8-9794-4466-b034-93fb94ac82ca</versionId>
        </inlineScript>
        <inlineScript name="Inline Javascript">
            <lastModified isNull="true" />
            <lastModifiedBy isNull="true" />
            <coachViewInlineScriptId>68.c9535e2a-8bea-3f22-9d6a-52630a25d8f7</coachViewInlineScriptId>
            <coachViewId>64.793390a8-b833-37e0-a188-c65859a9a583</coachViewId>
            <scriptType>JS</scriptType>
            <scriptBlock>
/*
@dojoConfigUpdateStart
dojoConfig.packages.push({
name: 'com.ibm.bpm.coach.angular',
location: dojoConfig.isDebug ?
com_ibm_bpm_coach.getManagedAssetUrl('coachview.helper.debug.zip', com_ibm_bpm_coach.assetType_WEB, 'SYSRC')
: com_ibm_bpm_coach.getManagedAssetUrl('coachview.helper.min.zip', com_ibm_bpm_coach.assetType_WEB, 'SYSRC')
});
@dojoConfigUpdateEnd
*/
</scriptBlock>
            <seq>1</seq>
            <description isNull="true" />
            <guid>guid:0000000c9535e2a8:bea3f229:d6a52630a25:-d8f7</guid>
            <versionId>0adf7427-5b0b-433b-8530-8a59053a7993</versionId>
        </inlineScript>
        <inlineScript name="Header HTML">
            <lastModified isNull="true" />
            <lastModifiedBy isNull="true" />
            <coachViewInlineScriptId>68.67fc2d86-4171-37ed-b99f-1026f2057671</coachViewInlineScriptId>
            <coachViewId>64.793390a8-b833-37e0-a188-c65859a9a583</coachViewId>
            <scriptType>HTML</scriptType>
            <scriptBlock isNull="true" />
            <seq>2</seq>
            <description isNull="true" />
            <guid>guid:000000067fc2d864:17137edb:99f1026f205:-7671</guid>
            <versionId>f18c7805-4d2f-482f-8e87-d826081d6272</versionId>
        </inlineScript>
        <localization>
            <lastModified isNull="true" />
            <lastModifiedBy isNull="true" />
            <coachViewLocalResId>69.a18bc9eb-d8e6-39fe-a5ab-0b297477ee37</coachViewLocalResId>
            <coachViewId>64.793390a8-b833-37e0-a188-c65859a9a583</coachViewId>
            <resourceBundleGroupId>/50.b17076cd-8a20-376f-9c7d-379adea7aabc</resourceBundleGroupId>
            <seq>1</seq>
            <guid>guid:0000000a18bc9ebd:8e639fea:5ab0b297477:-ee37</guid>
            <versionId>eabd5e24-476a-47a4-8cd8-fc8da73dddc6</versionId>
        </localization>
        <amdDependency>
            <lastModified isNull="true" />
            <lastModifiedBy isNull="true" />
            <coachViewAmdDepId>70.e669113b-0069-4167-9718-217a866d617c</coachViewAmdDepId>
            <coachViewId>64.793390a8-b833-37e0-a188-c65859a9a583</coachViewId>
            <moduleId>com.ibm.bpm.coach.angular/scripts/coachViewHelper</moduleId>
            <functionArgument>coachViewHelper</functionArgument>
            <seq>0</seq>
            <guid>guid:00000002af5b4c18:e3238bbb:3a664702b52:-b2d9</guid>
            <versionId>c8799e73-138b-4ce7-9186-239ee087f125</versionId>
        </amdDependency>
        <amdDependency>
            <lastModified isNull="true" />
            <lastModifiedBy isNull="true" />
            <coachViewAmdDepId>70.59798b98-5566-491e-9634-d2352ff29070</coachViewAmdDepId>
            <coachViewId>64.793390a8-b833-37e0-a188-c65859a9a583</coachViewId>
            <moduleId>dojo/date/locale</moduleId>
            <functionArgument>dateLocale</functionArgument>
            <seq>1</seq>
            <guid>guid:0000000d164ca9b6:55c3a0da:7981789dd2a:-d9c6</guid>
            <versionId>05359d67-4fee-4bdc-9b48-a33359aae00e</versionId>
        </amdDependency>
        <amdDependency>
            <lastModified isNull="true" />
            <lastModifiedBy isNull="true" />
            <coachViewAmdDepId>70.a0a4597c-6ad2-4e1c-a3a3-733f5f5f7404</coachViewAmdDepId>
            <coachViewId>64.793390a8-b833-37e0-a188-c65859a9a583</coachViewId>
            <moduleId>dojox/date/hebrew</moduleId>
            <functionArgument>hebrew</functionArgument>
            <seq>2</seq>
            <guid>guid:000000083401659a:2e332af9:bace70d3715:-722e</guid>
            <versionId>52f51636-8e5a-4646-979c-ec050f7c4b74</versionId>
        </amdDependency>
        <amdDependency>
            <lastModified isNull="true" />
            <lastModifiedBy isNull="true" />
            <coachViewAmdDepId>70.c7e9ddfc-3af9-41d6-b008-7c328eb2a757</coachViewAmdDepId>
            <coachViewId>64.793390a8-b833-37e0-a188-c65859a9a583</coachViewId>
            <moduleId>dojox/date/hebrew/Date</moduleId>
            <functionArgument>hebrewDate</functionArgument>
            <seq>3</seq>
            <guid>guid:0000000fcdfe776a:62134adb:2182b951a43:-11b9</guid>
            <versionId>c2589b14-62a6-4f8e-a2d4-1447e00ac31e</versionId>
        </amdDependency>
        <amdDependency>
            <lastModified isNull="true" />
            <lastModifiedBy isNull="true" />
            <coachViewAmdDepId>70.695194a6-6234-4867-87f3-84e64208da98</coachViewAmdDepId>
            <coachViewId>64.793390a8-b833-37e0-a188-c65859a9a583</coachViewId>
            <moduleId>dojox/date/hebrew/locale</moduleId>
            <functionArgument>hebrewLocale</functionArgument>
            <seq>4</seq>
            <guid>guid:0000000dce7c685f:80d34b69:f2f4b1cc26e:-9117</guid>
            <versionId>ee16972f-363b-4c01-9ed2-3602a1a21b0e</versionId>
        </amdDependency>
        <amdDependency>
            <lastModified isNull="true" />
            <lastModifiedBy isNull="true" />
            <coachViewAmdDepId>70.5f5d2897-12a7-4cb7-92de-7e8431b35d91</coachViewAmdDepId>
            <coachViewId>64.793390a8-b833-37e0-a188-c65859a9a583</coachViewId>
            <moduleId>dojox/date/islamic</moduleId>
            <functionArgument>islamic</functionArgument>
            <seq>5</seq>
            <guid>guid:000000055e3bf001:0033d44b:8926dc9e210:-b455</guid>
            <versionId>85c8ea50-e5e0-4348-9880-30cdc6b95a3a</versionId>
        </amdDependency>
        <amdDependency>
            <lastModified isNull="true" />
            <lastModifiedBy isNull="true" />
            <coachViewAmdDepId>70.4805068c-5691-47a4-8941-79d11e55166b</coachViewAmdDepId>
            <coachViewId>64.793390a8-b833-37e0-a188-c65859a9a583</coachViewId>
            <moduleId>dojox/date/islamic/Date</moduleId>
            <functionArgument>islamicDate</functionArgument>
            <seq>6</seq>
            <guid>guid:0000000de10fc6e5:4c23ca09:19fb96c3879:-21b7</guid>
            <versionId>ce2f0ea6-11fe-49a9-9e71-9b08c0c3d3e3</versionId>
        </amdDependency>
        <amdDependency>
            <lastModified isNull="true" />
            <lastModifiedBy isNull="true" />
            <coachViewAmdDepId>70.035ebb7c-f47d-417e-b775-a71f5dbb9dce</coachViewAmdDepId>
            <coachViewId>64.793390a8-b833-37e0-a188-c65859a9a583</coachViewId>
            <moduleId>dojox/date/islamic/locale</moduleId>
            <functionArgument>islamicLocale</functionArgument>
            <seq>7</seq>
            <guid>guid:000000013d83d201:e13345db:acebfae941d:-bbd4</guid>
            <versionId>cd3afaf8-21d8-4306-88ee-37a5affdfa0b</versionId>
        </amdDependency>
    </coachView>
</teamworks>

