<?xml version="1.0" encoding="UTF-8"?>
<teamworks>
    <coachView id="64.7dd3c74e-9dfb-333b-ace8-c59caaeef256" name="Checkbox">
        <lastModified>1463148019556</lastModified>
        <lastModifiedBy>admind</lastModifiedBy>
        <coachViewId>64.7dd3c74e-9dfb-333b-ace8-c59caaeef256</coachViewId>
        <isTemplate>false</isTemplate>
        <layout>&lt;?xml version="1.0" encoding="UTF-8"?&gt;
&lt;layout xmlns:xsi="http://www.w3.org/2001/XMLSchema-instance" xmlns="http://www.ibm.com/bpm/CoachDesignerNG"&gt;
&lt;layoutItem xsi:type="CustomHTML"&gt;
&lt;layoutItemId&gt;CustomHTML1&lt;/layoutItemId&gt;
&lt;configData&gt;
&lt;optionName&gt;@customHTML.contentType&lt;/optionName&gt;
&lt;value&gt;ASSET&lt;/value&gt;
&lt;/configData&gt;
&lt;configData&gt;
&lt;optionName&gt;@customHTML.textContent&lt;/optionName&gt;
&lt;/configData&gt;
&lt;configData&gt;
&lt;optionName&gt;@customHTML.variableContent&lt;/optionName&gt;
&lt;/configData&gt;
&lt;configData&gt;
&lt;optionName&gt;@customHTML.assetContent&lt;/optionName&gt;
&lt;value&gt;61.3b1424a2-b053-3d27-9238-554243ce8bff&lt;/value&gt;
&lt;/configData&gt;
&lt;/layoutItem&gt;
&lt;layoutItem xsi:type="CustomHTML"&gt;
&lt;layoutItemId&gt;ValidationAlert&lt;/layoutItemId&gt;
&lt;configData&gt;
&lt;optionName&gt;@customHTML.contentType&lt;/optionName&gt;
&lt;value&gt;ASSET&lt;/value&gt;
&lt;/configData&gt;
&lt;configData&gt;
&lt;optionName&gt;@customHTML.textContent&lt;/optionName&gt;
&lt;/configData&gt;
&lt;configData&gt;
&lt;optionName&gt;@customHTML.variableContent&lt;/optionName&gt;
&lt;/configData&gt;
&lt;configData&gt;
&lt;optionName&gt;@customHTML.assetContent&lt;/optionName&gt;
&lt;value&gt;61.e37c8eaa-0cd4-3b24-a7d5-c0cdcdd58eb2&lt;/value&gt;
&lt;/configData&gt;
&lt;/layoutItem&gt;
&lt;/layout&gt;
</layout>
        <paletteIcon>/61.d17c108e-8ff8-3c2f-8f2c-58da7a59e9cc</paletteIcon>
        <previewImage>/61.99c1806e-d42c-32fc-9c55-4f0e01f8d238</previewImage>
        <hasLabel>true</hasLabel>
        <labelPosition>0</labelPosition>
        <nineSliceX1Coord isNull="true" />
        <nineSliceX2Coord isNull="true" />
        <nineSliceY1Coord isNull="true" />
        <nineSliceY2Coord isNull="true" />
        <emitBoundary>false</emitBoundary>
        <isPrototypeFunc>true</isPrototypeFunc>
        <enableDevMode>false</enableDevMode>
        <isMobileReady>true</isMobileReady>
        <loadJsFunction>coachViewHelper.bootstrap(this, "responsive.coaches", "checkbox", {Explorer: 9});</loadJsFunction>
        <unloadJsFunction></unloadJsFunction>
        <viewJsFunction>coachViewHelper.init();</viewJsFunction>
        <changeJsFunction>coachViewHelper.notify(this);</changeJsFunction>
        <collaborationJsFunction isNull="true" />
        <description>&lt;p&gt;This control is a user interface in which the user makes a binary choice. The user interface is a check box, a set of two radio buttons, or slider instance that is suitable for mobile and desktop platforms. The &lt;b&gt;Show as&lt;/b&gt; configuration property determines the type of user interface.&lt;/p&gt;</description>
        <validateJsFunction>coachViewHelper.validate(this, event);</validateJsFunction>
        <previewAdvHtml>/61.3b1424a2-b053-3d27-9238-554243ce8bff</previewAdvHtml>
        <previewAdvJs>/61.5f6754c0-d96e-3cb2-ab5b-af0b73a9d182</previewAdvJs>
        <useUrlBinding>false</useUrlBinding>
        <guid>guid:00000007dd3c74e9:dfb333ba:ce8c59caaee:-f256</guid>
        <versionId>3bb57147-6d63-3685-b150-6a69edcfe5c7</versionId>
        <bindingType name="enabled">
            <lastModified isNull="true" />
            <lastModifiedBy isNull="true" />
            <coachViewBindingTypeId>65.c6a6f9ac-3293-3ac7-914e-7858d979f694</coachViewBindingTypeId>
            <coachViewId>64.7dd3c74e-9dfb-333b-ace8-c59caaeef256</coachViewId>
            <isList>false</isList>
            <classId>c6353c54-3d3a-41ac-8ca7-4d0469d35681/12.83ff975e-8dbc-42e5-b738-fa8bc08274a2</classId>
            <seq isNull="true" />
            <description isNull="true" />
            <guid>guid:0000000c6a6f9ac3:2933ac79:14e7858d979:-f694</guid>
            <versionId>307ad828-ec3c-4f56-8c7d-c6f7d63125b3</versionId>
        </bindingType>
        <configOption name="showAs">
            <lastModified isNull="true" />
            <lastModifiedBy isNull="true" />
            <coachViewConfigOptionId>66.160370a7-6f18-32e8-bf08-ba46165d1cbd</coachViewConfigOptionId>
            <coachViewId>64.7dd3c74e-9dfb-333b-ace8-c59caaeef256</coachViewId>
            <isList>false</isList>
            <propertyType>OBJECT</propertyType>
            <label>tw.resource.messages.responsive.coaches.showAs</label>
            <classId>/12.de37500c-5fb7-3e29-a254-87125567f9b4</classId>
            <processId isNull="true" />
            <isAdaptive>true</isAdaptive>
            <seq>1</seq>
            <description>tw.resource.messages.responsive.coaches.showAs.description</description>
            <groupName isNull="true" />
            <guid>guid:0000000160370a76:f1832e8b:f08ba46165d:-1cbd</guid>
            <versionId>40f3f4fa-d5bc-4f43-992a-f447a37bd429</versionId>
        </configOption>
        <configOption name="trueLabel">
            <lastModified isNull="true" />
            <lastModifiedBy isNull="true" />
            <coachViewConfigOptionId>66.c07ccec1-a504-3496-847f-ab7d47541896</coachViewConfigOptionId>
            <coachViewId>64.7dd3c74e-9dfb-333b-ace8-c59caaeef256</coachViewId>
            <isList>false</isList>
            <propertyType>OBJECT</propertyType>
            <label>tw.resource.messages.responsive.coaches.trueLabel</label>
            <classId>c6353c54-3d3a-41ac-8ca7-4d0469d35681/12.db884a3c-c533-44b7-bb2d-47bec8ad4022</classId>
            <processId isNull="true" />
            <isAdaptive>true</isAdaptive>
            <seq>2</seq>
            <description>tw.resource.messages.responsive.coaches.trueLabel.description</description>
            <groupName isNull="true" />
            <guid>guid:0000000c07ccec1a:50434968:47fab7d4754:-1896</guid>
            <versionId>d00d4040-befa-4412-9bb6-4759711d7a60</versionId>
        </configOption>
        <configOption name="falseLabel">
            <lastModified isNull="true" />
            <lastModifiedBy isNull="true" />
            <coachViewConfigOptionId>66.abc377ab-64fd-3de2-9375-d0c469922bb2</coachViewConfigOptionId>
            <coachViewId>64.7dd3c74e-9dfb-333b-ace8-c59caaeef256</coachViewId>
            <isList>false</isList>
            <propertyType>OBJECT</propertyType>
            <label>tw.resource.messages.responsive.coaches.falseLabel</label>
            <classId>c6353c54-3d3a-41ac-8ca7-4d0469d35681/12.db884a3c-c533-44b7-bb2d-47bec8ad4022</classId>
            <processId isNull="true" />
            <isAdaptive>true</isAdaptive>
            <seq>3</seq>
            <description>tw.resource.messages.responsive.coaches.falseLabel.description</description>
            <groupName isNull="true" />
            <guid>guid:0000000abc377ab6:4fd3de29:375d0c46992:-2bb2</guid>
            <versionId>d84c50e4-0a17-4319-88d7-fe4de2b3090a</versionId>
        </configOption>
        <configOption name="switchColorOn">
            <lastModified isNull="true" />
            <lastModifiedBy isNull="true" />
            <coachViewConfigOptionId>66.83f6923f-864c-3e9c-9de6-7463969f44bb</coachViewConfigOptionId>
            <coachViewId>64.7dd3c74e-9dfb-333b-ace8-c59caaeef256</coachViewId>
            <isList>false</isList>
            <propertyType>OBJECT</propertyType>
            <label>tw.resource.messages.responsive.coaches.switchOnColors</label>
            <classId>/12.31957116-b4d2-3e59-a7a0-3102368d1930</classId>
            <processId isNull="true" />
            <isAdaptive>false</isAdaptive>
            <seq>4</seq>
            <description>tw.resource.messages.responsive.coaches.switchOnColors.description</description>
            <groupName>tw.resource.messages.responsive.coaches.style</groupName>
            <guid>guid:000000083f6923f8:64c3e9c9:de67463969f:-44bb</guid>
            <versionId>af0dfe1f-7377-4508-afdc-05fcf447ec9a</versionId>
        </configOption>
        <configOption name="switchColorOff">
            <lastModified isNull="true" />
            <lastModifiedBy isNull="true" />
            <coachViewConfigOptionId>66.95e3ae88-82d1-327f-8d23-3d03c0de90ad</coachViewConfigOptionId>
            <coachViewId>64.7dd3c74e-9dfb-333b-ace8-c59caaeef256</coachViewId>
            <isList>false</isList>
            <propertyType>OBJECT</propertyType>
            <label>tw.resource.messages.responsive.coaches.switchOffColors</label>
            <classId>/12.7a925484-4087-3d92-94ef-b2f2f9d4975c</classId>
            <processId isNull="true" />
            <isAdaptive>false</isAdaptive>
            <seq>5</seq>
            <description>tw.resource.messages.responsive.coaches.switchOffColors.description</description>
            <groupName>tw.resource.messages.responsive.coaches.style</groupName>
            <guid>guid:000000095e3ae888:2d1327f8:d233d03c0de:-90ad</guid>
            <versionId>da1f9d7c-47e7-4fab-a7ba-86ac7fc70010</versionId>
        </configOption>
        <configOption name="textSize">
            <lastModified isNull="true" />
            <lastModifiedBy isNull="true" />
            <coachViewConfigOptionId>66.d04d8e95-1414-3e60-8408-bfdb54e3f462</coachViewConfigOptionId>
            <coachViewId>64.7dd3c74e-9dfb-333b-ace8-c59caaeef256</coachViewId>
            <isList>false</isList>
            <propertyType>OBJECT</propertyType>
            <label>tw.resource.messages.responsive.coaches.textSize</label>
            <classId>/12.0b2df65b-a634-34b8-96f8-7da0de513dde</classId>
            <processId isNull="true" />
            <isAdaptive>true</isAdaptive>
            <seq>6</seq>
            <description>tw.resource.messages.responsive.coaches.textSize.description</description>
            <groupName>tw.resource.messages.responsive.coaches.style</groupName>
            <guid>guid:0000000d04d8e951:4143e608:408bfdb54e3:-f462</guid>
            <versionId>a3665bb4-5d2a-4eae-a028-76c8ec3fc8ff</versionId>
        </configOption>
        <dynamicStyle>
            <lastModified isNull="true" />
            <lastModifiedBy isNull="true" />
            <coachViewDynamicStyleId>73.1a29e9b3-012c-3f5e-8833-561dfd155b19</coachViewDynamicStyleId>
            <coachViewId>64.7dd3c74e-9dfb-333b-ace8-c59caaeef256</coachViewId>
            <filePath>scripts/controls.less</filePath>
            <assetUuid>/61.753ec599-e014-3ac0-9251-63c6aa962a34</assetUuid>
            <seq>0</seq>
            <guid>guid:00000001a29e9b30:12c3f5e8:833561dfd15:-5b19</guid>
            <versionId>f90e7b71-07d1-46e4-992d-bb78137b7d40</versionId>
        </dynamicStyle>
        <inlineScript name="Inline CSS">
            <lastModified isNull="true" />
            <lastModifiedBy isNull="true" />
            <coachViewInlineScriptId>68.ff0c2033-710c-358b-ba8d-1427f66e1c30</coachViewInlineScriptId>
            <coachViewId>64.7dd3c74e-9dfb-333b-ace8-c59caaeef256</coachViewId>
            <scriptType>CSS</scriptType>
            <scriptBlock isNull="true" />
            <seq>0</seq>
            <description isNull="true" />
            <guid>guid:0000000ff0c20337:10c358bb:a8d1427f66e:-1c30</guid>
            <versionId>8ad96dc3-c8f8-4bfc-941f-2e55da91527f</versionId>
        </inlineScript>
        <inlineScript name="Inline Javascript">
            <lastModified isNull="true" />
            <lastModifiedBy isNull="true" />
            <coachViewInlineScriptId>68.f78d8516-1a2e-30b5-9a06-d09103afad10</coachViewInlineScriptId>
            <coachViewId>64.7dd3c74e-9dfb-333b-ace8-c59caaeef256</coachViewId>
            <scriptType>JS</scriptType>
            <scriptBlock>
/*
@dojoConfigUpdateStart
dojoConfig.packages.push({
name: 'com.ibm.bpm.coach.angular',
location: dojoConfig.isDebug ?
com_ibm_bpm_coach.getManagedAssetUrl('coachview.helper.debug.zip', com_ibm_bpm_coach.assetType_WEB, 'SYSRC')
: com_ibm_bpm_coach.getManagedAssetUrl('coachview.helper.min.zip', com_ibm_bpm_coach.assetType_WEB, 'SYSRC')
});
@dojoConfigUpdateEnd
*/
</scriptBlock>
            <seq>1</seq>
            <description isNull="true" />
            <guid>guid:0000000f78d85161:a2e30b59:a06d09103af:-ad10</guid>
            <versionId>810d85c2-a09f-45e9-b0db-a2a535c85d79</versionId>
        </inlineScript>
        <inlineScript name="Header HTML">
            <lastModified isNull="true" />
            <lastModifiedBy isNull="true" />
            <coachViewInlineScriptId>68.f6f57835-5448-3302-a61b-f399846aea68</coachViewInlineScriptId>
            <coachViewId>64.7dd3c74e-9dfb-333b-ace8-c59caaeef256</coachViewId>
            <scriptType>HTML</scriptType>
            <scriptBlock isNull="true" />
            <seq>2</seq>
            <description isNull="true" />
            <guid>guid:0000000f6f578355:4483302a:61bf399846a:-ea68</guid>
            <versionId>8f32ab0a-2367-4275-9725-b81463f292a0</versionId>
        </inlineScript>
        <localization>
            <lastModified isNull="true" />
            <lastModifiedBy isNull="true" />
            <coachViewLocalResId>69.32f873a4-0e42-3456-b544-7a0ddfb0354d</coachViewLocalResId>
            <coachViewId>64.7dd3c74e-9dfb-333b-ace8-c59caaeef256</coachViewId>
            <resourceBundleGroupId>/50.b17076cd-8a20-376f-9c7d-379adea7aabc</resourceBundleGroupId>
            <seq>1</seq>
            <guid>guid:000000032f873a40:e423456b:5447a0ddfb0:-354d</guid>
            <versionId>e9fdf4f2-505c-46f4-a148-d98895b79027</versionId>
        </localization>
        <amdDependency>
            <lastModified isNull="true" />
            <lastModifiedBy isNull="true" />
            <coachViewAmdDepId>70.40888957-3d31-472e-9d30-aad5d421f578</coachViewAmdDepId>
            <coachViewId>64.7dd3c74e-9dfb-333b-ace8-c59caaeef256</coachViewId>
            <moduleId>com.ibm.bpm.coach.angular/scripts/coachViewHelper</moduleId>
            <functionArgument>coachViewHelper</functionArgument>
            <seq>0</seq>
            <guid>guid:0000000710a0a157:5a539179:b135e983f57:-e7df</guid>
            <versionId>19f6d6d3-70d7-4bb7-b61c-939b07be28c5</versionId>
        </amdDependency>
    </coachView>
</teamworks>

