<?xml version="1.0" encoding="UTF-8"?>
<teamworks>
    <coachView id="64.a3647e09-6f8c-3697-842e-83c0a1de5a90" name="Decimal">
        <lastModified>1468886314114</lastModified>
        <lastModifiedBy>admind</lastModifiedBy>
        <coachViewId>64.a3647e09-6f8c-3697-842e-83c0a1de5a90</coachViewId>
        <isTemplate>false</isTemplate>
        <layout>&lt;?xml version="1.0" encoding="UTF-8"?&gt;
&lt;layout xmlns:xsi="http://www.w3.org/2001/XMLSchema-instance" xmlns="http://www.ibm.com/bpm/CoachDesignerNG"&gt;
&lt;layoutItem xsi:type="CustomHTML"&gt;
&lt;layoutItemId&gt;CustomHTML1&lt;/layoutItemId&gt;
&lt;configData&gt;
&lt;optionName&gt;@customHTML.contentType&lt;/optionName&gt;
&lt;value&gt;ASSET&lt;/value&gt;
&lt;/configData&gt;
&lt;configData&gt;
&lt;optionName&gt;@customHTML.textContent&lt;/optionName&gt;
&lt;/configData&gt;
&lt;configData&gt;
&lt;optionName&gt;@customHTML.variableContent&lt;/optionName&gt;
&lt;/configData&gt;
&lt;configData&gt;
&lt;optionName&gt;@customHTML.assetContent&lt;/optionName&gt;
&lt;value&gt;61.9ab9fa17-b05f-3bfd-9ae5-a162432fd64a&lt;/value&gt;
&lt;/configData&gt;
&lt;/layoutItem&gt;
&lt;layoutItem xsi:type="CustomHTML"&gt;
&lt;layoutItemId&gt;ValidationAlert&lt;/layoutItemId&gt;
&lt;configData&gt;
&lt;optionName&gt;@customHTML.contentType&lt;/optionName&gt;
&lt;value&gt;ASSET&lt;/value&gt;
&lt;/configData&gt;
&lt;configData&gt;
&lt;optionName&gt;@customHTML.textContent&lt;/optionName&gt;
&lt;/configData&gt;
&lt;configData&gt;
&lt;optionName&gt;@customHTML.variableContent&lt;/optionName&gt;
&lt;/configData&gt;
&lt;configData&gt;
&lt;optionName&gt;@customHTML.assetContent&lt;/optionName&gt;
&lt;value&gt;61.e37c8eaa-0cd4-3b24-a7d5-c0cdcdd58eb2&lt;/value&gt;
&lt;/configData&gt;
&lt;/layoutItem&gt;
&lt;/layout&gt;
</layout>
        <paletteIcon>/61.ae01f481-0844-3f50-b8eb-af557a7edc13</paletteIcon>
        <previewImage>/61.3a6be9c3-2b79-382a-9669-6843d87da45c</previewImage>
        <hasLabel>true</hasLabel>
        <labelPosition>0</labelPosition>
        <nineSliceX1Coord isNull="true" />
        <nineSliceX2Coord isNull="true" />
        <nineSliceY1Coord isNull="true" />
        <nineSliceY2Coord isNull="true" />
        <emitBoundary>false</emitBoundary>
        <isPrototypeFunc>true</isPrototypeFunc>
        <enableDevMode>false</enableDevMode>
        <isMobileReady>true</isMobileReady>
        <loadJsFunction>coachViewHelper.bootstrap(this, "responsive.coaches", "decimal", {Explorer: 9});</loadJsFunction>
        <unloadJsFunction></unloadJsFunction>
        <viewJsFunction>coachViewHelper.init();</viewJsFunction>
        <changeJsFunction>coachViewHelper.notify(this);</changeJsFunction>
        <collaborationJsFunction isNull="true" />
        <description>&lt;p&gt;This control is a field instance in which users can view and edit decimal values. The field is suitable for mobile and desktop platforms &lt;/p&gt;&lt;br&gt;&lt;p&gt;If you are using the instance for monetary amounts, use the currency configuration options to apply the correct formatting to the field. See the documentation or the hover help for the three currency options for information.&lt;/p&gt;</description>
        <validateJsFunction>coachViewHelper.validate(this, event);</validateJsFunction>
        <previewAdvHtml>/61.9ab9fa17-b05f-3bfd-9ae5-a162432fd64a</previewAdvHtml>
        <previewAdvJs>/61.26cc44c4-34a9-317a-a93e-a15f0f87d82f</previewAdvJs>
        <useUrlBinding>false</useUrlBinding>
        <guid>guid:0000000a3647e096:f8c36978:42e83c0a1de:-5a90</guid>
        <versionId>dba9306b-f9d2-3143-b5bb-8d12ac1ba9cb</versionId>
        <bindingType name="decimal">
            <lastModified isNull="true" />
            <lastModifiedBy isNull="true" />
            <coachViewBindingTypeId>65.f5d63cbe-765d-3028-be30-c4b2b2abee90</coachViewBindingTypeId>
            <coachViewId>64.a3647e09-6f8c-3697-842e-83c0a1de5a90</coachViewId>
            <isList>false</isList>
            <classId>c6353c54-3d3a-41ac-8ca7-4d0469d35681/12.536b2aa5-a30f-4eca-87fa-3a28066753ee</classId>
            <seq isNull="true" />
            <description isNull="true" />
            <guid>guid:0000000f5d63cbe7:65d3028b:e30c4b2b2ab:-ee90</guid>
            <versionId>7b2950d2-4b32-4a71-95de-bb4f33ae40b7</versionId>
        </bindingType>
        <configOption name="currency">
            <lastModified isNull="true" />
            <lastModifiedBy isNull="true" />
            <coachViewConfigOptionId>66.e886db9b-7352-3d09-949c-322df9b8329c</coachViewConfigOptionId>
            <coachViewId>64.a3647e09-6f8c-3697-842e-83c0a1de5a90</coachViewId>
            <isList>false</isList>
            <propertyType>OBJECT</propertyType>
            <label>tw.resource.messages.responsive.coaches.currency</label>
            <classId>/12.883932bc-3b38-3616-870e-cc5e23b58a36</classId>
            <processId isNull="true" />
            <isAdaptive>false</isAdaptive>
            <seq>1</seq>
            <description>tw.resource.messages.responsive.coaches.currency.description</description>
            <groupName isNull="true" />
            <guid>guid:0000000e886db9b7:3523d099:49c322df9b8:-329c</guid>
            <versionId>71a7618f-6420-437d-8e5c-b1cbfd0fa2f5</versionId>
        </configOption>
        <configOption name="currencyCode">
            <lastModified isNull="true" />
            <lastModifiedBy isNull="true" />
            <coachViewConfigOptionId>66.9ff0ff54-8642-3fc7-9955-fae304847b8c</coachViewConfigOptionId>
            <coachViewId>64.a3647e09-6f8c-3697-842e-83c0a1de5a90</coachViewId>
            <isList>false</isList>
            <propertyType>OBJECT</propertyType>
            <label>tw.resource.messages.responsive.coaches.otherCurrency</label>
            <classId>c6353c54-3d3a-41ac-8ca7-4d0469d35681/12.db884a3c-c533-44b7-bb2d-47bec8ad4022</classId>
            <processId isNull="true" />
            <isAdaptive>false</isAdaptive>
            <seq>2</seq>
            <description>tw.resource.messages.responsive.coaches.otherCurrency.description</description>
            <groupName isNull="true" />
            <guid>guid:00000009ff0ff548:6423fc79:955fae30484:-7b8c</guid>
            <versionId>51f49cb3-cf05-47aa-a194-c87f73875233</versionId>
        </configOption>
        <configOption name="currencySymbol">
            <lastModified isNull="true" />
            <lastModifiedBy isNull="true" />
            <coachViewConfigOptionId>66.f7d6023c-0dc8-383f-a349-1756a189c504</coachViewConfigOptionId>
            <coachViewId>64.a3647e09-6f8c-3697-842e-83c0a1de5a90</coachViewId>
            <isList>false</isList>
            <propertyType>OBJECT</propertyType>
            <label>tw.resource.messages.responsive.coaches.currencySymbol</label>
            <classId>c6353c54-3d3a-41ac-8ca7-4d0469d35681/12.db884a3c-c533-44b7-bb2d-47bec8ad4022</classId>
            <processId isNull="true" />
            <isAdaptive>false</isAdaptive>
            <seq>3</seq>
            <description>tw.resource.messages.responsive.coaches.currencySymbol.description</description>
            <groupName isNull="true" />
            <guid>guid:0000000f7d6023c0:dc8383fa:3491756a189:-c504</guid>
            <versionId>6c902647-456c-4256-8d70-378283d6fac7</versionId>
        </configOption>
        <configOption name="hideThousandsSeparators">
            <lastModified isNull="true" />
            <lastModifiedBy isNull="true" />
            <coachViewConfigOptionId>66.b33a1bf2-1108-3695-ad49-fc160288efec</coachViewConfigOptionId>
            <coachViewId>64.a3647e09-6f8c-3697-842e-83c0a1de5a90</coachViewId>
            <isList>false</isList>
            <propertyType>OBJECT</propertyType>
            <label>tw.resource.messages.responsive.coaches.hideThousandsSeparators</label>
            <classId>c6353c54-3d3a-41ac-8ca7-4d0469d35681/12.83ff975e-8dbc-42e5-b738-fa8bc08274a2</classId>
            <processId isNull="true" />
            <isAdaptive>false</isAdaptive>
            <seq>4</seq>
            <description>tw.resource.messages.responsive.coaches.hideThousandsSeparators.description</description>
            <groupName isNull="true" />
            <guid>guid:0000000b33a1bf21:1083695a:d49fc160288:-efec</guid>
            <versionId>34cde0ce-0ed1-4a3d-af87-272f41705975</versionId>
        </configOption>
        <configOption name="decimalPlaces">
            <lastModified isNull="true" />
            <lastModifiedBy isNull="true" />
            <coachViewConfigOptionId>66.26b0105c-3c35-3576-85c6-c81631044d27</coachViewConfigOptionId>
            <coachViewId>64.a3647e09-6f8c-3697-842e-83c0a1de5a90</coachViewId>
            <isList>false</isList>
            <propertyType>OBJECT</propertyType>
            <label>tw.resource.messages.responsive.coaches.decimalPlaces</label>
            <classId>c6353c54-3d3a-41ac-8ca7-4d0469d35681/12.3fa0d7a0-828a-4d60-99cc-db5ed143fc2d</classId>
            <processId isNull="true" />
            <isAdaptive>false</isAdaptive>
            <seq>5</seq>
            <description>tw.resource.messages.responsive.coaches.decimalPlaces.description</description>
            <groupName isNull="true" />
            <guid>guid:000000026b0105c3:c3535768:5c6c8163104:-4d27</guid>
            <versionId>4f643164-db81-4b9c-8ad7-597e700ed40e</versionId>
        </configOption>
        <configOption name="minimumValue">
            <lastModified isNull="true" />
            <lastModifiedBy isNull="true" />
            <coachViewConfigOptionId>66.da782efa-1dc3-3fa5-a29a-1b64cfce79e6</coachViewConfigOptionId>
            <coachViewId>64.a3647e09-6f8c-3697-842e-83c0a1de5a90</coachViewId>
            <isList>false</isList>
            <propertyType>OBJECT</propertyType>
            <label>tw.resource.messages.responsive.coaches.minValue</label>
            <classId>c6353c54-3d3a-41ac-8ca7-4d0469d35681/12.536b2aa5-a30f-4eca-87fa-3a28066753ee</classId>
            <processId isNull="true" />
            <isAdaptive>false</isAdaptive>
            <seq>6</seq>
            <description>tw.resource.messages.responsive.coaches.minValue.description</description>
            <groupName isNull="true" />
            <guid>guid:0000000da782efa1:dc33fa5a:29a1b64cfce:-79e6</guid>
            <versionId>4240956d-8ccc-41d2-a828-faefa1920b48</versionId>
        </configOption>
        <configOption name="maximumValue">
            <lastModified isNull="true" />
            <lastModifiedBy isNull="true" />
            <coachViewConfigOptionId>66.b0b86cb9-ae2d-3586-a981-4ae87bf3a768</coachViewConfigOptionId>
            <coachViewId>64.a3647e09-6f8c-3697-842e-83c0a1de5a90</coachViewId>
            <isList>false</isList>
            <propertyType>OBJECT</propertyType>
            <label>tw.resource.messages.responsive.coaches.maxValue</label>
            <classId>c6353c54-3d3a-41ac-8ca7-4d0469d35681/12.536b2aa5-a30f-4eca-87fa-3a28066753ee</classId>
            <processId isNull="true" />
            <isAdaptive>false</isAdaptive>
            <seq>7</seq>
            <description>tw.resource.messages.responsive.coaches.maxValue.description</description>
            <groupName isNull="true" />
            <guid>guid:0000000b0b86cb9a:e2d3586a:9814ae87bf3:-a768</guid>
            <versionId>82c76b48-5248-4602-8517-7a49e88c25d2</versionId>
        </configOption>
        <configOption name="stepSize">
            <lastModified isNull="true" />
            <lastModifiedBy isNull="true" />
            <coachViewConfigOptionId>66.4327e1b4-3b26-3b06-a21a-1897f440d761</coachViewConfigOptionId>
            <coachViewId>64.a3647e09-6f8c-3697-842e-83c0a1de5a90</coachViewId>
            <isList>false</isList>
            <propertyType>OBJECT</propertyType>
            <label>tw.resource.messages.responsive.coaches.stepSize</label>
            <classId>c6353c54-3d3a-41ac-8ca7-4d0469d35681/12.536b2aa5-a30f-4eca-87fa-3a28066753ee</classId>
            <processId isNull="true" />
            <isAdaptive>false</isAdaptive>
            <seq>8</seq>
            <description>tw.resource.messages.responsive.coaches.stepSize.description</description>
            <groupName isNull="true" />
            <guid>guid:00000004327e1b43:b263b06a:21a1897f440:-d761</guid>
            <versionId>eac45209-e727-4487-8e91-1d238c0ccfa3</versionId>
        </configOption>
        <configOption name="placeholder">
            <lastModified isNull="true" />
            <lastModifiedBy isNull="true" />
            <coachViewConfigOptionId>66.a1ffc926-c2e2-3e2f-8af0-4c6ccbbf2af7</coachViewConfigOptionId>
            <coachViewId>64.a3647e09-6f8c-3697-842e-83c0a1de5a90</coachViewId>
            <isList>false</isList>
            <propertyType>OBJECT</propertyType>
            <label>tw.resource.messages.responsive.coaches.placeholder</label>
            <classId>c6353c54-3d3a-41ac-8ca7-4d0469d35681/12.db884a3c-c533-44b7-bb2d-47bec8ad4022</classId>
            <processId isNull="true" />
            <isAdaptive>false</isAdaptive>
            <seq>9</seq>
            <description>tw.resource.messages.responsive.coaches.placeholder.description</description>
            <groupName isNull="true" />
            <guid>guid:0000000a1ffc926c:2e23e2f8:af04c6ccbbf:-2af7</guid>
            <versionId>39a660ce-6a3b-4207-98bc-3f9161863062</versionId>
        </configOption>
        <configOption name="textSize">
            <lastModified isNull="true" />
            <lastModifiedBy isNull="true" />
            <coachViewConfigOptionId>66.c7584fef-77f1-3570-bdb8-b4c71e816fc1</coachViewConfigOptionId>
            <coachViewId>64.a3647e09-6f8c-3697-842e-83c0a1de5a90</coachViewId>
            <isList>false</isList>
            <propertyType>OBJECT</propertyType>
            <label>tw.resource.messages.responsive.coaches.textSize</label>
            <classId>/12.0b2df65b-a634-34b8-96f8-7da0de513dde</classId>
            <processId isNull="true" />
            <isAdaptive>true</isAdaptive>
            <seq>10</seq>
            <description>tw.resource.messages.responsive.coaches.textSize.description</description>
            <groupName>tw.resource.messages.responsive.coaches.style</groupName>
            <guid>guid:0000000c7584fef7:7f13570b:db8b4c71e81:-6fc1</guid>
            <versionId>376beb56-d28f-426d-b0d7-d3b7ce261418</versionId>
        </configOption>
        <dynamicStyle>
            <lastModified isNull="true" />
            <lastModifiedBy isNull="true" />
            <coachViewDynamicStyleId>73.d2f2c745-7aba-3561-8716-e551dbcf3383</coachViewDynamicStyleId>
            <coachViewId>64.a3647e09-6f8c-3697-842e-83c0a1de5a90</coachViewId>
            <filePath>scripts/controls.less</filePath>
            <assetUuid>/61.753ec599-e014-3ac0-9251-63c6aa962a34</assetUuid>
            <seq>0</seq>
            <guid>guid:0000000d2f2c7457:aba35618:716e551dbcf:-3383</guid>
            <versionId>1324ac86-a6f3-4efe-aa04-f42bdf08b5a0</versionId>
        </dynamicStyle>
        <inlineScript name="Inline CSS">
            <lastModified isNull="true" />
            <lastModifiedBy isNull="true" />
            <coachViewInlineScriptId>68.c7d39d00-2e60-39ed-aa9b-9db2b6f0f37f</coachViewInlineScriptId>
            <coachViewId>64.a3647e09-6f8c-3697-842e-83c0a1de5a90</coachViewId>
            <scriptType>CSS</scriptType>
            <scriptBlock isNull="true" />
            <seq>0</seq>
            <description isNull="true" />
            <guid>guid:0000000c7d39d002:e6039eda:a9b9db2b6f0:-f37f</guid>
            <versionId>f081b5ca-0a42-472d-864a-b6ca27e8c0d2</versionId>
        </inlineScript>
        <inlineScript name="Inline Javascript">
            <lastModified isNull="true" />
            <lastModifiedBy isNull="true" />
            <coachViewInlineScriptId>68.bb429ae3-53cb-3fe6-b704-e2ff3418a917</coachViewInlineScriptId>
            <coachViewId>64.a3647e09-6f8c-3697-842e-83c0a1de5a90</coachViewId>
            <scriptType>JS</scriptType>
            <scriptBlock>
/*
@dojoConfigUpdateStart
dojoConfig.packages.push({
name: 'com.ibm.bpm.coach.angular',
location: dojoConfig.isDebug ?
com_ibm_bpm_coach.getManagedAssetUrl('coachview.helper.debug.zip', com_ibm_bpm_coach.assetType_WEB, 'SYSRC')
: com_ibm_bpm_coach.getManagedAssetUrl('coachview.helper.min.zip', com_ibm_bpm_coach.assetType_WEB, 'SYSRC')
});
@dojoConfigUpdateEnd
*/
</scriptBlock>
            <seq>1</seq>
            <description isNull="true" />
            <guid>guid:0000000bb429ae35:3cb3fe6b:704e2ff3418:-a917</guid>
            <versionId>fbc57243-9f7f-4cca-8e98-ac96e27b480d</versionId>
        </inlineScript>
        <inlineScript name="Header HTML">
            <lastModified isNull="true" />
            <lastModifiedBy isNull="true" />
            <coachViewInlineScriptId>68.5cbb477e-68e1-3787-9b59-26f45c43527b</coachViewInlineScriptId>
            <coachViewId>64.a3647e09-6f8c-3697-842e-83c0a1de5a90</coachViewId>
            <scriptType>HTML</scriptType>
            <scriptBlock isNull="true" />
            <seq>2</seq>
            <description isNull="true" />
            <guid>guid:00000005cbb477e6:8e137879:b5926f45c43:-527b</guid>
            <versionId>4eb85f1d-ddc4-4c14-bf25-b684175b2ecb</versionId>
        </inlineScript>
        <localization>
            <lastModified isNull="true" />
            <lastModifiedBy isNull="true" />
            <coachViewLocalResId>69.ad914132-5f59-31d3-9f03-1beef13a8858</coachViewLocalResId>
            <coachViewId>64.a3647e09-6f8c-3697-842e-83c0a1de5a90</coachViewId>
            <resourceBundleGroupId>/50.b17076cd-8a20-376f-9c7d-379adea7aabc</resourceBundleGroupId>
            <seq>1</seq>
            <guid>guid:0000000ad9141325:f5931d39:f031beef13a:-8858</guid>
            <versionId>7b2a093b-f256-49f0-91bc-a9cf4ac1a6e8</versionId>
        </localization>
        <amdDependency>
            <lastModified isNull="true" />
            <lastModifiedBy isNull="true" />
            <coachViewAmdDepId>70.512683aa-b4fc-4026-88ad-3428b02a1390</coachViewAmdDepId>
            <coachViewId>64.a3647e09-6f8c-3697-842e-83c0a1de5a90</coachViewId>
            <moduleId>com.ibm.bpm.coach.angular/scripts/coachViewHelper</moduleId>
            <functionArgument>coachViewHelper</functionArgument>
            <seq>0</seq>
            <guid>guid:0000000b1077a32a:85930778:fa3fb2bc0d3:-7774</guid>
            <versionId>edd45176-b11a-4be8-a1a7-6c7ea3c489c8</versionId>
        </amdDependency>
    </coachView>
</teamworks>

