<?xml version="1.0" encoding="UTF-8"?>
<teamworks>
    <coachView id="64.c9d7242d-e16e-3569-8045-764ca9c222a4" name="Radio Buttons">
        <lastModified>1463148019556</lastModified>
        <lastModifiedBy>admind</lastModifiedBy>
        <coachViewId>64.c9d7242d-e16e-3569-8045-764ca9c222a4</coachViewId>
        <isTemplate>false</isTemplate>
        <layout>&lt;?xml version="1.0" encoding="UTF-8"?&gt;
&lt;layout xmlns:xsi="http://www.w3.org/2001/XMLSchema-instance" xmlns="http://www.ibm.com/bpm/CoachDesignerNG"&gt;
&lt;layoutItem xsi:type="CustomHTML"&gt;
&lt;layoutItemId&gt;CustomHTML1&lt;/layoutItemId&gt;
&lt;configData&gt;
&lt;optionName&gt;@customHTML.contentType&lt;/optionName&gt;
&lt;value&gt;ASSET&lt;/value&gt;
&lt;/configData&gt;
&lt;configData&gt;
&lt;optionName&gt;@customHTML.textContent&lt;/optionName&gt;
&lt;/configData&gt;
&lt;configData&gt;
&lt;optionName&gt;@customHTML.variableContent&lt;/optionName&gt;
&lt;/configData&gt;
&lt;configData&gt;
&lt;optionName&gt;@customHTML.assetContent&lt;/optionName&gt;
&lt;value&gt;61.426c224b-553b-3416-ba4a-09cd00c8da97&lt;/value&gt;
&lt;/configData&gt;
&lt;/layoutItem&gt;
&lt;layoutItem xsi:type="CustomHTML"&gt;
&lt;layoutItemId&gt;ValidationAlert&lt;/layoutItemId&gt;
&lt;configData&gt;
&lt;optionName&gt;@customHTML.contentType&lt;/optionName&gt;
&lt;value&gt;ASSET&lt;/value&gt;
&lt;/configData&gt;
&lt;configData&gt;
&lt;optionName&gt;@customHTML.textContent&lt;/optionName&gt;
&lt;/configData&gt;
&lt;configData&gt;
&lt;optionName&gt;@customHTML.variableContent&lt;/optionName&gt;
&lt;/configData&gt;
&lt;configData&gt;
&lt;optionName&gt;@customHTML.assetContent&lt;/optionName&gt;
&lt;value&gt;61.e37c8eaa-0cd4-3b24-a7d5-c0cdcdd58eb2&lt;/value&gt;
&lt;/configData&gt;
&lt;/layoutItem&gt;
&lt;/layout&gt;
</layout>
        <paletteIcon>/61.491541f5-0dae-3e57-90fc-84480c87d751</paletteIcon>
        <previewImage>/61.bb2930b4-50be-3dfa-b278-c48087d459f8</previewImage>
        <hasLabel>true</hasLabel>
        <labelPosition>0</labelPosition>
        <nineSliceX1Coord isNull="true" />
        <nineSliceX2Coord isNull="true" />
        <nineSliceY1Coord isNull="true" />
        <nineSliceY2Coord isNull="true" />
        <emitBoundary>false</emitBoundary>
        <isPrototypeFunc>true</isPrototypeFunc>
        <enableDevMode>false</enableDevMode>
        <isMobileReady>true</isMobileReady>
        <loadJsFunction>coachViewHelper.bootstrap(this, "responsive.coaches", "radioButtons", {Explorer: 9});</loadJsFunction>
        <unloadJsFunction></unloadJsFunction>
        <viewJsFunction>coachViewHelper.init();</viewJsFunction>
        <changeJsFunction>coachViewHelper.notify(this);</changeJsFunction>
        <collaborationJsFunction isNull="true" />
        <description>&lt;p&gt;This control is a set of radio buttons that are suitable for mobile and desktop platforms. To provide the radio buttons in the set, bind the control instance to a list object or specify a selection service as a configuration property.&lt;/p&gt;</description>
        <validateJsFunction>coachViewHelper.validate(this, event);</validateJsFunction>
        <previewAdvHtml>/61.426c224b-553b-3416-ba4a-09cd00c8da97</previewAdvHtml>
        <previewAdvJs>/61.67d399e2-19f8-3586-8ce9-259df2b21573</previewAdvJs>
        <useUrlBinding>false</useUrlBinding>
        <guid>guid:0000000c9d7242de:16e35698:045764ca9c2:-22a4</guid>
        <versionId>bd8a4d81-984d-3d55-86a0-e6067d786f49</versionId>
        <bindingType name="selectedObject">
            <lastModified isNull="true" />
            <lastModifiedBy isNull="true" />
            <coachViewBindingTypeId>65.12160c62-9e73-3c5c-ac26-f8683f16534a</coachViewBindingTypeId>
            <coachViewId>64.c9d7242d-e16e-3569-8045-764ca9c222a4</coachViewId>
            <isList>false</isList>
            <classId>c6353c54-3d3a-41ac-8ca7-4d0469d35681/12.c09c9b6e-aabd-4897-bef2-ed61db106297</classId>
            <seq isNull="true" />
            <description isNull="true" />
            <guid>guid:000000012160c629:e733c5ca:c26f8683f16:-534a</guid>
            <versionId>e60f2d8b-dc00-4daa-ad02-1092c26de5b7</versionId>
        </bindingType>
        <configOption name="selectionList">
            <lastModified isNull="true" />
            <lastModifiedBy isNull="true" />
            <coachViewConfigOptionId>66.1a7238d5-eb94-3350-8867-2168b169cb72</coachViewConfigOptionId>
            <coachViewId>64.c9d7242d-e16e-3569-8045-764ca9c222a4</coachViewId>
            <isList>true</isList>
            <propertyType>OBJECT</propertyType>
            <label>tw.resource.messages.responsive.coaches.selectionList</label>
            <classId>c6353c54-3d3a-41ac-8ca7-4d0469d35681/12.c09c9b6e-aabd-4897-bef2-ed61db106297</classId>
            <processId isNull="true" />
            <isAdaptive>false</isAdaptive>
            <seq>1</seq>
            <description>tw.resource.messages.responsive.coaches.radioButtonSelectionList.description</description>
            <groupName isNull="true" />
            <guid>guid:00000001a7238d5e:b9433508:8672168b169:-cb72</guid>
            <versionId>f0f32328-c9b4-4ec4-a3d8-15e0065f0179</versionId>
        </configOption>
        <configOption name="selectionService">
            <lastModified isNull="true" />
            <lastModifiedBy isNull="true" />
            <coachViewConfigOptionId>66.2abbea54-7d04-3585-9aa1-33204ae2f070</coachViewConfigOptionId>
            <coachViewId>64.c9d7242d-e16e-3569-8045-764ca9c222a4</coachViewId>
            <isList>false</isList>
            <propertyType>SERVICE</propertyType>
            <label>tw.resource.messages.responsive.coaches.selectionService</label>
            <classId isNull="true" />
            <processId>/1.af91df95-3cd7-3441-93a7-15a5b764b3bf</processId>
            <isAdaptive>false</isAdaptive>
            <seq>2</seq>
            <description>tw.resource.messages.responsive.coaches.selectionService.description</description>
            <groupName isNull="true" />
            <guid>guid:00000002abbea547:d0435859:aa133204ae2:-f070</guid>
            <versionId>74eea485-e8d6-49bc-8e83-e442e018f8c3</versionId>
        </configOption>
        <configOption name="selectionServiceInputText">
            <lastModified isNull="true" />
            <lastModifiedBy isNull="true" />
            <coachViewConfigOptionId>66.7eeaea05-622b-3d0b-9a1f-32e97be84eee</coachViewConfigOptionId>
            <coachViewId>64.c9d7242d-e16e-3569-8045-764ca9c222a4</coachViewId>
            <isList>false</isList>
            <propertyType>OBJECT</propertyType>
            <label>tw.resource.messages.responsive.coaches.serviceInputText</label>
            <classId>c6353c54-3d3a-41ac-8ca7-4d0469d35681/12.db884a3c-c533-44b7-bb2d-47bec8ad4022</classId>
            <processId isNull="true" />
            <isAdaptive>false</isAdaptive>
            <seq>3</seq>
            <description>tw.resource.messages.responsive.coaches.serviceInputText.description</description>
            <groupName isNull="true" />
            <guid>guid:00000007eeaea056:22b3d0b9:a1f32e97be8:-4eee</guid>
            <versionId>6413ec46-8368-4502-8aa7-6d180f76290a</versionId>
        </configOption>
        <configOption name="displayNameProperty">
            <lastModified isNull="true" />
            <lastModifiedBy isNull="true" />
            <coachViewConfigOptionId>66.71dca9d7-ffdf-3176-a75f-5fa7415a6781</coachViewConfigOptionId>
            <coachViewId>64.c9d7242d-e16e-3569-8045-764ca9c222a4</coachViewId>
            <isList>false</isList>
            <propertyType>OBJECT</propertyType>
            <label>tw.resource.messages.responsive.coaches.displayNameProperty</label>
            <classId>c6353c54-3d3a-41ac-8ca7-4d0469d35681/12.db884a3c-c533-44b7-bb2d-47bec8ad4022</classId>
            <processId isNull="true" />
            <isAdaptive>false</isAdaptive>
            <seq>4</seq>
            <description>tw.resource.messages.responsive.coaches.displayNameProperty.description</description>
            <groupName isNull="true" />
            <guid>guid:000000071dca9d7f:fdf3176a:75f5fa7415a:-6781</guid>
            <versionId>6f92646c-9df6-4454-ba7a-67948de3990d</versionId>
        </configOption>
        <configOption name="disableSort">
            <lastModified isNull="true" />
            <lastModifiedBy isNull="true" />
            <coachViewConfigOptionId>66.4479adca-c739-3fb2-91df-c2239576d9a2</coachViewConfigOptionId>
            <coachViewId>64.c9d7242d-e16e-3569-8045-764ca9c222a4</coachViewId>
            <isList>false</isList>
            <propertyType>OBJECT</propertyType>
            <label>tw.resource.messages.responsive.coaches.disableSort</label>
            <classId>c6353c54-3d3a-41ac-8ca7-4d0469d35681/12.83ff975e-8dbc-42e5-b738-fa8bc08274a2</classId>
            <processId isNull="true" />
            <isAdaptive>false</isAdaptive>
            <seq>5</seq>
            <description>tw.resource.messages.responsive.coaches.disableSort.description</description>
            <groupName isNull="true" />
            <guid>guid:00000004479adcac:7393fb29:1dfc2239576:-d9a2</guid>
            <versionId>faa0145c-796c-4ba2-81cd-42793847e245</versionId>
        </configOption>
        <configOption name="layout">
            <lastModified isNull="true" />
            <lastModifiedBy isNull="true" />
            <coachViewConfigOptionId>66.8052a80e-9824-3352-93c5-5b8be485adc6</coachViewConfigOptionId>
            <coachViewId>64.c9d7242d-e16e-3569-8045-764ca9c222a4</coachViewId>
            <isList>false</isList>
            <propertyType>OBJECT</propertyType>
            <label>tw.resource.messages.responsive.coaches.layout</label>
            <classId>/12.36f59e58-3183-3588-aad5-bccd2a71746a</classId>
            <processId isNull="true" />
            <isAdaptive>true</isAdaptive>
            <seq>6</seq>
            <description>tw.resource.messages.responsive.coaches.layout.description</description>
            <groupName isNull="true" />
            <guid>guid:00000008052a80e9:82433529:3c55b8be485:-adc6</guid>
            <versionId>7a920431-908f-4417-baf9-e4213838c112</versionId>
        </configOption>
        <configOption name="textSize">
            <lastModified isNull="true" />
            <lastModifiedBy isNull="true" />
            <coachViewConfigOptionId>66.3d9a0499-2905-36fa-ba63-b5c81c2272d9</coachViewConfigOptionId>
            <coachViewId>64.c9d7242d-e16e-3569-8045-764ca9c222a4</coachViewId>
            <isList>false</isList>
            <propertyType>OBJECT</propertyType>
            <label>tw.resource.messages.responsive.coaches.textSize</label>
            <classId>/12.0b2df65b-a634-34b8-96f8-7da0de513dde</classId>
            <processId isNull="true" />
            <isAdaptive>true</isAdaptive>
            <seq>7</seq>
            <description>tw.resource.messages.responsive.coaches.textSize.description</description>
            <groupName>tw.resource.messages.responsive.coaches.style</groupName>
            <guid>guid:00000003d9a04992:90536fab:a63b5c81c22:-72d9</guid>
            <versionId>c4e37f98-c60f-4e69-9681-e7bb2dbe3f92</versionId>
        </configOption>
        <dynamicStyle>
            <lastModified isNull="true" />
            <lastModifiedBy isNull="true" />
            <coachViewDynamicStyleId>73.efe851fe-96ce-3007-8f37-7899f370895c</coachViewDynamicStyleId>
            <coachViewId>64.c9d7242d-e16e-3569-8045-764ca9c222a4</coachViewId>
            <filePath>scripts/controls.less</filePath>
            <assetUuid>/61.753ec599-e014-3ac0-9251-63c6aa962a34</assetUuid>
            <seq>0</seq>
            <guid>guid:0000000efe851fe9:6ce30078:f377899f370:-895c</guid>
            <versionId>9156b48b-9487-42eb-8312-73019c5dc657</versionId>
        </dynamicStyle>
        <inlineScript name="Inline CSS">
            <lastModified isNull="true" />
            <lastModifiedBy isNull="true" />
            <coachViewInlineScriptId>68.af254418-0fbb-343e-af17-21ac81f62953</coachViewInlineScriptId>
            <coachViewId>64.c9d7242d-e16e-3569-8045-764ca9c222a4</coachViewId>
            <scriptType>CSS</scriptType>
            <scriptBlock isNull="true" />
            <seq>0</seq>
            <description isNull="true" />
            <guid>guid:0000000af2544180:fbb343ea:f1721ac81f6:-2953</guid>
            <versionId>d857c943-a11d-481b-8785-aa5a993b9117</versionId>
        </inlineScript>
        <inlineScript name="Inline Javascript">
            <lastModified isNull="true" />
            <lastModifiedBy isNull="true" />
            <coachViewInlineScriptId>68.0995b9be-25b0-333d-95a9-0300f500161e</coachViewInlineScriptId>
            <coachViewId>64.c9d7242d-e16e-3569-8045-764ca9c222a4</coachViewId>
            <scriptType>JS</scriptType>
            <scriptBlock>
/*
@dojoConfigUpdateStart
dojoConfig.packages.push({
name: 'com.ibm.bpm.coach.angular',
location: dojoConfig.isDebug ?
com_ibm_bpm_coach.getManagedAssetUrl('coachview.helper.debug.zip', com_ibm_bpm_coach.assetType_WEB, 'SYSRC')
: com_ibm_bpm_coach.getManagedAssetUrl('coachview.helper.min.zip', com_ibm_bpm_coach.assetType_WEB, 'SYSRC')
});
@dojoConfigUpdateEnd
*/
</scriptBlock>
            <seq>1</seq>
            <description isNull="true" />
            <guid>guid:00000000995b9be2:5b0333d9:5a90300f500:-161e</guid>
            <versionId>d989efb5-9915-44a3-8a5f-e74b9b5a7c10</versionId>
        </inlineScript>
        <inlineScript name="Header HTML">
            <lastModified isNull="true" />
            <lastModifiedBy isNull="true" />
            <coachViewInlineScriptId>68.1dd5403f-f68e-3865-945a-6931caeff1a5</coachViewInlineScriptId>
            <coachViewId>64.c9d7242d-e16e-3569-8045-764ca9c222a4</coachViewId>
            <scriptType>HTML</scriptType>
            <scriptBlock isNull="true" />
            <seq>2</seq>
            <description isNull="true" />
            <guid>guid:00000001dd5403ff:68e38659:45a6931caef:-f1a5</guid>
            <versionId>1515cf69-e06f-46b5-b1de-a3bf6dc8b078</versionId>
        </inlineScript>
        <localization>
            <lastModified isNull="true" />
            <lastModifiedBy isNull="true" />
            <coachViewLocalResId>69.abd060df-aa9d-3b43-b6c6-3f47fc551366</coachViewLocalResId>
            <coachViewId>64.c9d7242d-e16e-3569-8045-764ca9c222a4</coachViewId>
            <resourceBundleGroupId>/50.b17076cd-8a20-376f-9c7d-379adea7aabc</resourceBundleGroupId>
            <seq>1</seq>
            <guid>guid:0000000abd060dfa:a9d3b43b:6c63f47fc55:-1366</guid>
            <versionId>6a571837-2562-4ba7-963d-3f0a5fc8140b</versionId>
        </localization>
        <amdDependency>
            <lastModified isNull="true" />
            <lastModifiedBy isNull="true" />
            <coachViewAmdDepId>70.13c337d0-f80e-4d07-b4f8-d11730ff81e2</coachViewAmdDepId>
            <coachViewId>64.c9d7242d-e16e-3569-8045-764ca9c222a4</coachViewId>
            <moduleId>com.ibm.bpm.coach.angular/scripts/coachViewHelper</moduleId>
            <functionArgument>coachViewHelper</functionArgument>
            <seq>0</seq>
            <guid>guid:000000003171983b:f873b1eb:d55d84a18ab:-ba6f</guid>
            <versionId>5476a458-a997-4d19-ab8b-ddcbbcd368eb</versionId>
        </amdDependency>
    </coachView>
</teamworks>

