<?xml version="1.0" encoding="UTF-8"?>
<teamworks>
    <coachView id="64.ff572ddb-42fa-35ce-acb1-33d8412ae2cb" name="Integer">
        <lastModified>1468886314114</lastModified>
        <lastModifiedBy>admind</lastModifiedBy>
        <coachViewId>64.ff572ddb-42fa-35ce-acb1-33d8412ae2cb</coachViewId>
        <isTemplate>false</isTemplate>
        <layout>&lt;?xml version="1.0" encoding="UTF-8"?&gt;
&lt;layout xmlns:xsi="http://www.w3.org/2001/XMLSchema-instance" xmlns="http://www.ibm.com/bpm/CoachDesignerNG"&gt;
&lt;layoutItem xsi:type="CustomHTML"&gt;
&lt;layoutItemId&gt;CustomHTML1&lt;/layoutItemId&gt;
&lt;configData&gt;
&lt;optionName&gt;@customHTML.contentType&lt;/optionName&gt;
&lt;value&gt;ASSET&lt;/value&gt;
&lt;/configData&gt;
&lt;configData&gt;
&lt;optionName&gt;@customHTML.textContent&lt;/optionName&gt;
&lt;/configData&gt;
&lt;configData&gt;
&lt;optionName&gt;@customHTML.variableContent&lt;/optionName&gt;
&lt;/configData&gt;
&lt;configData&gt;
&lt;optionName&gt;@customHTML.assetContent&lt;/optionName&gt;
&lt;value&gt;61.21f9b3d4-0176-3464-974a-4fc58dfee58b&lt;/value&gt;
&lt;/configData&gt;
&lt;/layoutItem&gt;
&lt;layoutItem xsi:type="CustomHTML"&gt;
&lt;layoutItemId&gt;ValidationAlert&lt;/layoutItemId&gt;
&lt;configData&gt;
&lt;optionName&gt;@customHTML.contentType&lt;/optionName&gt;
&lt;value&gt;ASSET&lt;/value&gt;
&lt;/configData&gt;
&lt;configData&gt;
&lt;optionName&gt;@customHTML.textContent&lt;/optionName&gt;
&lt;/configData&gt;
&lt;configData&gt;
&lt;optionName&gt;@customHTML.variableContent&lt;/optionName&gt;
&lt;/configData&gt;
&lt;configData&gt;
&lt;optionName&gt;@customHTML.assetContent&lt;/optionName&gt;
&lt;value&gt;61.e37c8eaa-0cd4-3b24-a7d5-c0cdcdd58eb2&lt;/value&gt;
&lt;/configData&gt;
&lt;/layoutItem&gt;
&lt;/layout&gt;
</layout>
        <paletteIcon>/61.ae01f481-0844-3f50-b8eb-af557a7edc13</paletteIcon>
        <previewImage>/61.3a6be9c3-2b79-382a-9669-6843d87da45c</previewImage>
        <hasLabel>true</hasLabel>
        <labelPosition>0</labelPosition>
        <nineSliceX1Coord isNull="true" />
        <nineSliceX2Coord isNull="true" />
        <nineSliceY1Coord isNull="true" />
        <nineSliceY2Coord isNull="true" />
        <emitBoundary>false</emitBoundary>
        <isPrototypeFunc>true</isPrototypeFunc>
        <enableDevMode>false</enableDevMode>
        <isMobileReady>true</isMobileReady>
        <loadJsFunction>coachViewHelper.bootstrap(this, "responsive.coaches", "integer", {Explorer: 9});</loadJsFunction>
        <unloadJsFunction></unloadJsFunction>
        <viewJsFunction>coachViewHelper.init();</viewJsFunction>
        <changeJsFunction>coachViewHelper.notify(this);</changeJsFunction>
        <collaborationJsFunction isNull="true" />
        <description>&lt;p&gt;This control is a field instance in which the users can view and enter an integer value. The field is suitable for mobile and desktop platforms. If you want a field for monetary amounts, use the Decimal control instead.&lt;/p&gt;</description>
        <validateJsFunction>coachViewHelper.validate(this, event);</validateJsFunction>
        <previewAdvHtml>/61.21f9b3d4-0176-3464-974a-4fc58dfee58b</previewAdvHtml>
        <previewAdvJs>/61.a5370922-ea31-3eb1-86c7-6a10f6bcb571</previewAdvJs>
        <useUrlBinding>false</useUrlBinding>
        <guid>guid:0000000ff572ddb4:2fa35cea:cb133d8412a:-e2cb</guid>
        <versionId>d9fd4871-ba67-37cc-94f4-cc8000f8ecba</versionId>
        <bindingType name="number">
            <lastModified isNull="true" />
            <lastModifiedBy isNull="true" />
            <coachViewBindingTypeId>65.bb118dfa-1411-36d4-beb0-90edc880f85e</coachViewBindingTypeId>
            <coachViewId>64.ff572ddb-42fa-35ce-acb1-33d8412ae2cb</coachViewId>
            <isList>false</isList>
            <classId>c6353c54-3d3a-41ac-8ca7-4d0469d35681/12.3fa0d7a0-828a-4d60-99cc-db5ed143fc2d</classId>
            <seq isNull="true" />
            <description isNull="true" />
            <guid>guid:0000000bb118dfa1:41136d4b:eb090edc880:-f85e</guid>
            <versionId>a81d7c70-7e02-4509-8847-a8af543bdee3</versionId>
        </bindingType>
        <configOption name="hideThousandsSeparators">
            <lastModified isNull="true" />
            <lastModifiedBy isNull="true" />
            <coachViewConfigOptionId>66.6eee6f8e-0abc-3f4b-88c7-3d1bb730cf20</coachViewConfigOptionId>
            <coachViewId>64.ff572ddb-42fa-35ce-acb1-33d8412ae2cb</coachViewId>
            <isList>false</isList>
            <propertyType>OBJECT</propertyType>
            <label>tw.resource.messages.responsive.coaches.hideThousandsSeparators</label>
            <classId>c6353c54-3d3a-41ac-8ca7-4d0469d35681/12.83ff975e-8dbc-42e5-b738-fa8bc08274a2</classId>
            <processId isNull="true" />
            <isAdaptive>false</isAdaptive>
            <seq>1</seq>
            <description>tw.resource.messages.responsive.coaches.hideThousandsSeparators.description</description>
            <groupName isNull="true" />
            <guid>guid:00000006eee6f8e0:abc3f4b8:8c73d1bb730:-cf20</guid>
            <versionId>49e0d727-b9ae-47d5-8eea-bd28e7541b0f</versionId>
        </configOption>
        <configOption name="minimumValue">
            <lastModified isNull="true" />
            <lastModifiedBy isNull="true" />
            <coachViewConfigOptionId>66.442b179d-ad31-380f-85ab-91c2d9f853dc</coachViewConfigOptionId>
            <coachViewId>64.ff572ddb-42fa-35ce-acb1-33d8412ae2cb</coachViewId>
            <isList>false</isList>
            <propertyType>OBJECT</propertyType>
            <label>tw.resource.messages.responsive.coaches.minValue</label>
            <classId>c6353c54-3d3a-41ac-8ca7-4d0469d35681/12.3fa0d7a0-828a-4d60-99cc-db5ed143fc2d</classId>
            <processId isNull="true" />
            <isAdaptive>false</isAdaptive>
            <seq>2</seq>
            <description>tw.resource.messages.responsive.coaches.minValue.description</description>
            <groupName isNull="true" />
            <guid>guid:0000000442b179da:d31380f8:5ab91c2d9f8:-53dc</guid>
            <versionId>cc29f0d1-9f17-4dbd-9fea-6c612aebad91</versionId>
        </configOption>
        <configOption name="maximumValue">
            <lastModified isNull="true" />
            <lastModifiedBy isNull="true" />
            <coachViewConfigOptionId>66.6477a4ef-a03c-3ba1-b003-2c08f59614a4</coachViewConfigOptionId>
            <coachViewId>64.ff572ddb-42fa-35ce-acb1-33d8412ae2cb</coachViewId>
            <isList>false</isList>
            <propertyType>OBJECT</propertyType>
            <label>tw.resource.messages.responsive.coaches.maxValue</label>
            <classId>c6353c54-3d3a-41ac-8ca7-4d0469d35681/12.3fa0d7a0-828a-4d60-99cc-db5ed143fc2d</classId>
            <processId isNull="true" />
            <isAdaptive>false</isAdaptive>
            <seq>3</seq>
            <description>tw.resource.messages.responsive.coaches.maxValue.description</description>
            <groupName isNull="true" />
            <guid>guid:00000006477a4efa:03c3ba1b:0032c08f596:-14a4</guid>
            <versionId>c8d71591-874b-41f4-8615-43f86849716e</versionId>
        </configOption>
        <configOption name="stepSize">
            <lastModified isNull="true" />
            <lastModifiedBy isNull="true" />
            <coachViewConfigOptionId>66.d60a1df8-2176-3fd2-8318-502a8e9dd42d</coachViewConfigOptionId>
            <coachViewId>64.ff572ddb-42fa-35ce-acb1-33d8412ae2cb</coachViewId>
            <isList>false</isList>
            <propertyType>OBJECT</propertyType>
            <label>tw.resource.messages.responsive.coaches.stepSize</label>
            <classId>c6353c54-3d3a-41ac-8ca7-4d0469d35681/12.3fa0d7a0-828a-4d60-99cc-db5ed143fc2d</classId>
            <processId isNull="true" />
            <isAdaptive>false</isAdaptive>
            <seq>4</seq>
            <description>tw.resource.messages.responsive.coaches.stepSize.description</description>
            <groupName isNull="true" />
            <guid>guid:0000000d60a1df82:1763fd28:318502a8e9d:-d42d</guid>
            <versionId>1ae30b1d-0163-4e17-ac53-73fd501f7310</versionId>
        </configOption>
        <configOption name="placeholder">
            <lastModified isNull="true" />
            <lastModifiedBy isNull="true" />
            <coachViewConfigOptionId>66.715426b1-2203-3dce-9131-4e53be970c9d</coachViewConfigOptionId>
            <coachViewId>64.ff572ddb-42fa-35ce-acb1-33d8412ae2cb</coachViewId>
            <isList>false</isList>
            <propertyType>OBJECT</propertyType>
            <label>tw.resource.messages.responsive.coaches.placeholder</label>
            <classId>c6353c54-3d3a-41ac-8ca7-4d0469d35681/12.db884a3c-c533-44b7-bb2d-47bec8ad4022</classId>
            <processId isNull="true" />
            <isAdaptive>false</isAdaptive>
            <seq>5</seq>
            <description>tw.resource.messages.responsive.coaches.placeholder.description</description>
            <groupName isNull="true" />
            <guid>guid:0000000715426b12:2033dce9:1314e53be97:-0c9d</guid>
            <versionId>d5da6da3-b807-47ab-a1f0-bc1daabd39c9</versionId>
        </configOption>
        <configOption name="textSize">
            <lastModified isNull="true" />
            <lastModifiedBy isNull="true" />
            <coachViewConfigOptionId>66.4a96c348-31c8-3601-b69b-adef2a5da5bf</coachViewConfigOptionId>
            <coachViewId>64.ff572ddb-42fa-35ce-acb1-33d8412ae2cb</coachViewId>
            <isList>false</isList>
            <propertyType>OBJECT</propertyType>
            <label>tw.resource.messages.responsive.coaches.textSize</label>
            <classId>/12.0b2df65b-a634-34b8-96f8-7da0de513dde</classId>
            <processId isNull="true" />
            <isAdaptive>true</isAdaptive>
            <seq>6</seq>
            <description>tw.resource.messages.responsive.coaches.textSize.description</description>
            <groupName>tw.resource.messages.responsive.coaches.style</groupName>
            <guid>guid:00000004a96c3483:1c83601b:69badef2a5d:-a5bf</guid>
            <versionId>e5fcf48f-57c9-40d1-add1-24db5121ccef</versionId>
        </configOption>
        <dynamicStyle>
            <lastModified isNull="true" />
            <lastModifiedBy isNull="true" />
            <coachViewDynamicStyleId>73.981bfb22-46ad-370a-be98-905646f840b5</coachViewDynamicStyleId>
            <coachViewId>64.ff572ddb-42fa-35ce-acb1-33d8412ae2cb</coachViewId>
            <filePath>scripts/controls.less</filePath>
            <assetUuid>/61.753ec599-e014-3ac0-9251-63c6aa962a34</assetUuid>
            <seq>0</seq>
            <guid>guid:0000000981bfb224:6ad370ab:e98905646f8:-40b5</guid>
            <versionId>84b06c96-d3c5-4fb2-a093-9ede867f8c2f</versionId>
        </dynamicStyle>
        <inlineScript name="Inline CSS">
            <lastModified isNull="true" />
            <lastModifiedBy isNull="true" />
            <coachViewInlineScriptId>68.db6cf899-9b7c-3614-84b4-14bc3d8acf86</coachViewInlineScriptId>
            <coachViewId>64.ff572ddb-42fa-35ce-acb1-33d8412ae2cb</coachViewId>
            <scriptType>CSS</scriptType>
            <scriptBlock isNull="true" />
            <seq>0</seq>
            <description isNull="true" />
            <guid>guid:0000000db6cf8999:b7c36148:4b414bc3d8a:-cf86</guid>
            <versionId>97a0ae60-cccb-48cc-b771-5af571856d8d</versionId>
        </inlineScript>
        <inlineScript name="Inline Javascript">
            <lastModified isNull="true" />
            <lastModifiedBy isNull="true" />
            <coachViewInlineScriptId>68.a6ba2391-d6f8-3826-9598-3a311ca6fcee</coachViewInlineScriptId>
            <coachViewId>64.ff572ddb-42fa-35ce-acb1-33d8412ae2cb</coachViewId>
            <scriptType>JS</scriptType>
            <scriptBlock>
/*
@dojoConfigUpdateStart
dojoConfig.packages.push({
name: 'com.ibm.bpm.coach.angular',
location: dojoConfig.isDebug ?
com_ibm_bpm_coach.getManagedAssetUrl('coachview.helper.debug.zip', com_ibm_bpm_coach.assetType_WEB, 'SYSRC')
: com_ibm_bpm_coach.getManagedAssetUrl('coachview.helper.min.zip', com_ibm_bpm_coach.assetType_WEB, 'SYSRC')
});
@dojoConfigUpdateEnd
*/
</scriptBlock>
            <seq>1</seq>
            <description isNull="true" />
            <guid>guid:0000000a6ba2391d:6f838269:5983a311ca6:-fcee</guid>
            <versionId>d4ff18bd-f720-4a12-95e3-e4f9227708c4</versionId>
        </inlineScript>
        <inlineScript name="Header HTML">
            <lastModified isNull="true" />
            <lastModifiedBy isNull="true" />
            <coachViewInlineScriptId>68.16ffb9b7-e6fb-3132-bd43-95db577172bb</coachViewInlineScriptId>
            <coachViewId>64.ff572ddb-42fa-35ce-acb1-33d8412ae2cb</coachViewId>
            <scriptType>HTML</scriptType>
            <scriptBlock isNull="true" />
            <seq>2</seq>
            <description isNull="true" />
            <guid>guid:000000016ffb9b7e:6fb3132b:d4395db5771:-72bb</guid>
            <versionId>5a02986e-7a47-456d-bf87-56dde807946b</versionId>
        </inlineScript>
        <localization>
            <lastModified isNull="true" />
            <lastModifiedBy isNull="true" />
            <coachViewLocalResId>69.65c80d6c-047c-3fc9-9b49-e9fe3137d80c</coachViewLocalResId>
            <coachViewId>64.ff572ddb-42fa-35ce-acb1-33d8412ae2cb</coachViewId>
            <resourceBundleGroupId>/50.b17076cd-8a20-376f-9c7d-379adea7aabc</resourceBundleGroupId>
            <seq>1</seq>
            <guid>guid:000000065c80d6c0:47c3fc99:b49e9fe3137:-d80c</guid>
            <versionId>283b3a1f-94d9-471d-a152-bf50bf4f474d</versionId>
        </localization>
        <amdDependency>
            <lastModified isNull="true" />
            <lastModifiedBy isNull="true" />
            <coachViewAmdDepId>70.e9393f02-c94a-4ce2-b948-586c17283e70</coachViewAmdDepId>
            <coachViewId>64.ff572ddb-42fa-35ce-acb1-33d8412ae2cb</coachViewId>
            <moduleId>com.ibm.bpm.coach.angular/scripts/coachViewHelper</moduleId>
            <functionArgument>coachViewHelper</functionArgument>
            <seq>0</seq>
            <guid>guid:0000000d8561575f:ff13b71a:4a9e3dd70db:-1364</guid>
            <versionId>c34d7605-e671-44a8-88b8-5a38c9e0386a</versionId>
        </amdDependency>
    </coachView>
</teamworks>

