<?xml version="1.0" encoding="UTF-8"?>
<teamworks>
    <process id="1.06489120-14ae-46d9-aff9-20ea88530b35" name="Validate XML File">
        <lastModified>1361372673512</lastModified>
        <lastModifiedBy>Internal TW Admin user</lastModifiedBy>
        <processId>1.06489120-14ae-46d9-aff9-20ea88530b35</processId>
        <image isNull="true" />
        <tabGroup isNull="true" />
        <startingProcessItemId>2025.7bab4366-ea39-4e3a-b28c-d63fb33bfbcf</startingProcessItemId>
        <isRootProcess>false</isRootProcess>
        <processType>4</processType>
        <isErrorHandlerEnabled>false</isErrorHandlerEnabled>
        <errorHandlerItemId isNull="true" />
        <isLoggingVariables>false</isLoggingVariables>
        <isTransactional>false</isTransactional>
        <processTimingLevel isNull="true" />
        <participantRef isNull="true" />
        <exposedType isNull="true" />
        <isTrackingEnabled>true</isTrackingEnabled>
        <xmlData isNull="true" />
        <cachingType>false</cachingType>
        <itemLabel isNull="true" />
        <cacheLength>43200</cacheLength>
        <mobileReady>false</mobileReady>
        <sboSyncEnabled>true</sboSyncEnabled>
        <externalId isNull="true" />
        <isSecured>false</isSecured>
        <description>Validates XML from a file</description>
        <guid>guid:12be50909032b80c:18f81ea7:11f41c537ad:-61c6</guid>
        <versionId>025cee5f-a012-44f1-a782-dcb4c07152b4</versionId>
        <dependencySummary isNull="true" />
        <processParameter name="filePath">
            <lastModified isNull="true" />
            <lastModifiedBy isNull="true" />
            <processParameterId>2055.76b575fc-75da-4657-af8a-b0104a2d846a</processParameterId>
            <processId>1.06489120-14ae-46d9-aff9-20ea88530b35</processId>
            <parameterType>1</parameterType>
            <isArrayOf>false</isArrayOf>
            <classId>/12.db884a3c-c533-44b7-bb2d-47bec8ad4022</classId>
            <seq>1</seq>
            <hasDefault>false</hasDefault>
            <defaultValue isNull="true" />
            <isLocked>false</isLocked>
            <description>XML file to evaluate</description>
            <guid>guid:12be50909032b80c:18f81ea7:11f41c537ad:-6190</guid>
            <versionId>34c7ddc1-83ff-4849-8358-1aee84d40e07</versionId>
        </processParameter>
        <processParameter name="isValid">
            <lastModified isNull="true" />
            <lastModifiedBy isNull="true" />
            <processParameterId>2055.dea1d5cb-41b9-49a2-b9d8-fb058f7b9cce</processParameterId>
            <processId>1.06489120-14ae-46d9-aff9-20ea88530b35</processId>
            <parameterType>2</parameterType>
            <isArrayOf>false</isArrayOf>
            <classId>/12.83ff975e-8dbc-42e5-b738-fa8bc08274a2</classId>
            <seq>2</seq>
            <hasDefault>false</hasDefault>
            <defaultValue isNull="true" />
            <isLocked>false</isLocked>
            <description isNull="true" />
            <guid>guid:12be50909032b80c:18f81ea7:11f41c537ad:-616d</guid>
            <versionId>56304163-feb1-4189-abd2-03ef4242c62c</versionId>
        </processParameter>
        <processParameter name="errorMessage">
            <lastModified isNull="true" />
            <lastModifiedBy isNull="true" />
            <processParameterId>2055.d1179b63-503c-40a4-be78-6a990c03ae6a</processParameterId>
            <processId>1.06489120-14ae-46d9-aff9-20ea88530b35</processId>
            <parameterType>2</parameterType>
            <isArrayOf>false</isArrayOf>
            <classId>/12.db884a3c-c533-44b7-bb2d-47bec8ad4022</classId>
            <seq>3</seq>
            <hasDefault>false</hasDefault>
            <defaultValue isNull="true" />
            <isLocked>false</isLocked>
            <description isNull="true" />
            <guid>guid:12be50909032b80c:18f81ea7:11f41c537ad:-6166</guid>
            <versionId>d6894c4f-3f73-4baf-b966-21279ce49296</versionId>
        </processParameter>
        <processVariable name="results">
            <lastModified isNull="true" />
            <lastModifiedBy isNull="true" />
            <processVariableId>2056.31017f1d-ef18-4d1a-8b33-4f7111f3359a</processVariableId>
            <description isNull="true" />
            <processId>1.06489120-14ae-46d9-aff9-20ea88530b35</processId>
            <namespace>2</namespace>
            <seq>1</seq>
            <isArrayOf>false</isArrayOf>
            <classId>/12.90c5b1d3-3fa1-4b3b-ab27-220b0652dc55</classId>
            <hasDefault>false</hasDefault>
            <defaultValue isNull="true" />
            <guid>guid:12be50909032b80c:18f81ea7:11f41c537ad:-614b</guid>
            <versionId>442bed08-970e-45df-b14f-90ea457ab007</versionId>
        </processVariable>
        <item>
            <lastModified isNull="true" />
            <lastModifiedBy isNull="true" />
            <processItemId>2025.7650c879-8156-44ca-8aca-a60ae16ccfc6</processItemId>
            <processId>1.06489120-14ae-46d9-aff9-20ea88530b35</processId>
            <name>Extract XML Validation Results</name>
            <tWComponentName>SubProcess</tWComponentName>
            <tWComponentId>3012.15150b8c-10aa-404a-9c4a-496678cce35c</tWComponentId>
            <isLogEnabled>false</isLogEnabled>
            <isTraceEnabled>false</isTraceEnabled>
            <traceCategory isNull="true" />
            <traceLevel isNull="true" />
            <traceMessage isNull="true" />
            <traceSymbolTable isNull="true" />
            <isExecutionContextTraced>false</isExecutionContextTraced>
            <saveExecutionContext>false</saveExecutionContext>
            <documentation isNull="true" />
            <isErrorHandlerEnabled>false</isErrorHandlerEnabled>
            <errorHandlerItemId isNull="true" />
            <guid>guid:12be50909032b80c:18f81ea7:11f41c537ad:-5cf8</guid>
            <versionId>3efac5d2-e2c8-4ce4-ac8b-338a280c0185</versionId>
            <layoutData x="272" y="85">
                <errorLink>
                    <controlPoints />
                    <showEndState>false</showEndState>
                    <showName>false</showName>
                </errorLink>
            </layoutData>
            <TWComponent>
                <lastModified isNull="true" />
                <lastModifiedBy isNull="true" />
                <subProcessId>3012.15150b8c-10aa-404a-9c4a-496678cce35c</subProcessId>
                <attachedProcessRef>/1.10bc573c-8696-4342-b22b-73f01ecacaf6</attachedProcessRef>
                <guid>guid:12be50909032b80c:18f81ea7:11f41c537ad:-5cf7</guid>
                <versionId>38498f1a-dde2-4ba2-992a-49787699587d</versionId>
                <parameterMapping name="errorMessage">
                    <lastModified isNull="true" />
                    <lastModifiedBy isNull="true" />
                    <parameterMappingId>2054.a1eb9fa6-7518-4c40-8ce3-d85d64c296a5</parameterMappingId>
                    <processParameterId>2055.5bf2c6e3-3908-4ae5-a55c-cb682e990c47</processParameterId>
                    <parameterMappingParentId>3012.15150b8c-10aa-404a-9c4a-496678cce35c</parameterMappingParentId>
                    <useDefault>false</useDefault>
                    <value>tw.local.errorMessage</value>
                    <classRef>/12.db884a3c-c533-44b7-bb2d-47bec8ad4022</classRef>
                    <isList>false</isList>
                    <isInput>false</isInput>
                    <guid>guid:12be50909032b80c:18f81ea7:11f41c537ad:-5ce3</guid>
                    <versionId>16097353-ea47-430f-8a50-12b22f4b5d60</versionId>
                    <description isNull="true" />
                </parameterMapping>
                <parameterMapping name="isValid">
                    <lastModified isNull="true" />
                    <lastModifiedBy isNull="true" />
                    <parameterMappingId>2054.97311e4d-46a4-4e15-bcb2-9e50326de5e7</parameterMappingId>
                    <processParameterId>2055.a4f8e847-12e0-468f-a18d-0a80cabc7f8a</processParameterId>
                    <parameterMappingParentId>3012.15150b8c-10aa-404a-9c4a-496678cce35c</parameterMappingParentId>
                    <useDefault>false</useDefault>
                    <value>tw.local.isValid</value>
                    <classRef>/12.83ff975e-8dbc-42e5-b738-fa8bc08274a2</classRef>
                    <isList>false</isList>
                    <isInput>false</isInput>
                    <guid>guid:12be50909032b80c:18f81ea7:11f41c537ad:-5ce4</guid>
                    <versionId>58041856-2b8d-4b04-8814-e49b91c38739</versionId>
                    <description isNull="true" />
                </parameterMapping>
                <parameterMapping name="results">
                    <lastModified isNull="true" />
                    <lastModifiedBy isNull="true" />
                    <parameterMappingId>2054.21a7dfad-b4b2-4766-ab23-4bf2108bc6ae</parameterMappingId>
                    <processParameterId>2055.70bf4cef-a511-41ae-b6ad-2142118c11c8</processParameterId>
                    <parameterMappingParentId>3012.15150b8c-10aa-404a-9c4a-496678cce35c</parameterMappingParentId>
                    <useDefault>false</useDefault>
                    <value>tw.local.results</value>
                    <classRef>/12.90c5b1d3-3fa1-4b3b-ab27-220b0652dc55</classRef>
                    <isList>false</isList>
                    <isInput>true</isInput>
                    <guid>guid:12be50909032b80c:18f81ea7:11f41c537ad:-5ce5</guid>
                    <versionId>c3cbb573-8dd9-4a73-8c2a-a1732d98877d</versionId>
                    <description isNull="true" />
                </parameterMapping>
            </TWComponent>
        </item>
        <item>
            <lastModified isNull="true" />
            <lastModifiedBy isNull="true" />
            <processItemId>2025.7bab4366-ea39-4e3a-b28c-d63fb33bfbcf</processItemId>
            <processId>1.06489120-14ae-46d9-aff9-20ea88530b35</processId>
            <name>Validate XML</name>
            <tWComponentName>JavaConnector</tWComponentName>
            <tWComponentId>3022.fde1a9f9-4181-41e4-8ff0-f689d2af0a17</tWComponentId>
            <isLogEnabled>false</isLogEnabled>
            <isTraceEnabled>false</isTraceEnabled>
            <traceCategory isNull="true" />
            <traceLevel isNull="true" />
            <traceMessage isNull="true" />
            <traceSymbolTable isNull="true" />
            <isExecutionContextTraced>false</isExecutionContextTraced>
            <saveExecutionContext>false</saveExecutionContext>
            <documentation isNull="true" />
            <isErrorHandlerEnabled>false</isErrorHandlerEnabled>
            <errorHandlerItemId isNull="true" />
            <guid>guid:12be50909032b80c:18f81ea7:11f41c537ad:-61b3</guid>
            <versionId>7fd414c0-eb6b-4bc5-88f5-1e2d20875726</versionId>
            <layoutData x="121" y="85">
                <errorLink>
                    <controlPoints />
                    <showEndState>false</showEndState>
                    <showName>false</showName>
                </errorLink>
            </layoutData>
            <TWComponent>
                <lastModified isNull="true" />
                <lastModifiedBy isNull="true" />
                <javaConnectorId>3022.fde1a9f9-4181-41e4-8ff0-f689d2af0a17</javaConnectorId>
                <definition>&lt;connector&gt;
  &lt;javaClassName&gt;teamworks.SimpleXMLValidator&lt;/javaClassName&gt;
  &lt;methodName&gt;validate&lt;/methodName&gt;
  &lt;inputRecord&gt;
    &lt;element type="java.io.File" nativeType="java.io.File" parameter="Parameter 0" argument="tw.local.filePath" description="*File Containing XML" /&gt;
  &lt;/inputRecord&gt;
  &lt;outputRecord&gt;
    &lt;element type="java.util.HashMap" nativeType="java.util.HashMap" parameter="Return Value" argument="tw.local.results" description="" /&gt;
  &lt;/outputRecord&gt;
&lt;/connector&gt;</definition>
                <guid>guid:12be50909032b80c:18f81ea7:11f41c537ad:-61b4</guid>
                <versionId>e572239e-b525-48af-b4ea-9a1d5cd6f554</versionId>
            </TWComponent>
        </item>
        <item>
            <lastModified isNull="true" />
            <lastModifiedBy isNull="true" />
            <processItemId>2025.7020ccc9-ef4c-4dfe-bf67-fa168bd3e6c2</processItemId>
            <processId>1.06489120-14ae-46d9-aff9-20ea88530b35</processId>
            <name>End</name>
            <tWComponentName>ExitPoint</tWComponentName>
            <tWComponentId>3008.534e0fe4-c2d9-4b73-a860-318658b0a6ae</tWComponentId>
            <isLogEnabled>false</isLogEnabled>
            <isTraceEnabled>false</isTraceEnabled>
            <traceCategory isNull="true" />
            <traceLevel isNull="true" />
            <traceMessage isNull="true" />
            <traceSymbolTable isNull="true" />
            <isExecutionContextTraced>false</isExecutionContextTraced>
            <saveExecutionContext>true</saveExecutionContext>
            <documentation isNull="true" />
            <isErrorHandlerEnabled>false</isErrorHandlerEnabled>
            <errorHandlerItemId isNull="true" />
            <guid>guid:12be50909032b80c:18f81ea7:11f41c537ad:-61c4</guid>
            <versionId>8d27d137-1f09-4a85-90c1-bca677c1f467</versionId>
            <layoutData x="411" y="100">
                <errorLink>
                    <controlPoints />
                    <showEndState>false</showEndState>
                    <showName>false</showName>
                </errorLink>
            </layoutData>
            <TWComponent>
                <lastModified isNull="true" />
                <lastModifiedBy isNull="true" />
                <exitPointId>3008.534e0fe4-c2d9-4b73-a860-318658b0a6ae</exitPointId>
                <haltProcess>false</haltProcess>
                <guid>guid:12be50909032b80c:18f81ea7:11f41c537ad:-61c3</guid>
                <versionId>1d35ed1f-4dc3-40fd-a770-51803cf6a81e</versionId>
            </TWComponent>
        </item>
        <startingProcessItemId>2025.7bab4366-ea39-4e3a-b28c-d63fb33bfbcf</startingProcessItemId>
        <errorHandlerItemId isNull="true" />
        <layoutData noConversion="true">
            <errorLink>
                <controlPoints />
                <showEndState>false</showEndState>
                <showName>false</showName>
            </errorLink>
        </layoutData>
        <startPoint>
            <layoutData x="20" y="100">
                <errorLink>
                    <controlPoints />
                    <showEndState>false</showEndState>
                    <showName>false</showName>
                </errorLink>
            </layoutData>
        </startPoint>
        <startLink>
            <fromPort locationId="rightCenter" portType="1" />
            <toPort locationId="leftCenter" portType="2" />
            <layoutData>
                <controlPoints />
                <showEndState>false</showEndState>
                <showName>false</showName>
            </layoutData>
        </startLink>
        <link name="Untitled">
            <lastModified isNull="true" />
            <lastModifiedBy isNull="true" />
            <processLinkId>2027.21a14300-2e50-48ec-a280-fc389a02af79</processLinkId>
            <processId>1.06489120-14ae-46d9-aff9-20ea88530b35</processId>
            <description isNull="true" />
            <fromProcessItemId>2025.7650c879-8156-44ca-8aca-a60ae16ccfc6</fromProcessItemId>
            <endStateId>guid:12be50909032b80c:18f81ea7:11f41c537ad:-5d62</endStateId>
            <toProcessItemId>2025.7020ccc9-ef4c-4dfe-bf67-fa168bd3e6c2</toProcessItemId>
            <guid>guid:12be50909032b80c:18f81ea7:11f41c537ad:-5cef</guid>
            <versionId>0d48d188-1af8-47f7-b7a4-81cae42adfe6</versionId>
            <layoutData>
                <controlPoints />
                <showEndState>false</showEndState>
                <showName>false</showName>
            </layoutData>
            <fromItemPort locationId="rightCenter" portType="1" />
            <toItemPort locationId="leftCenter" portType="2" />
            <fromProcessItemId>2025.7650c879-8156-44ca-8aca-a60ae16ccfc6</fromProcessItemId>
            <toProcessItemId>2025.7020ccc9-ef4c-4dfe-bf67-fa168bd3e6c2</toProcessItemId>
        </link>
        <link name="Untitled">
            <lastModified isNull="true" />
            <lastModifiedBy isNull="true" />
            <processLinkId>2027.f48d1b5b-fa2a-451e-80ba-1d8ed2e3f6b4</processLinkId>
            <processId>1.06489120-14ae-46d9-aff9-20ea88530b35</processId>
            <description isNull="true" />
            <fromProcessItemId>2025.7bab4366-ea39-4e3a-b28c-d63fb33bfbcf</fromProcessItemId>
            <endStateId>Out</endStateId>
            <toProcessItemId>2025.7650c879-8156-44ca-8aca-a60ae16ccfc6</toProcessItemId>
            <guid>guid:12be50909032b80c:18f81ea7:11f41c537ad:-5cf3</guid>
            <versionId>8f64c81d-8085-46bf-890f-8f426496ab7c</versionId>
            <layoutData>
                <controlPoints />
                <showEndState>false</showEndState>
                <showName>false</showName>
            </layoutData>
            <fromItemPort locationId="rightCenter" portType="1" />
            <toItemPort locationId="leftCenter" portType="2" />
            <fromProcessItemId>2025.7bab4366-ea39-4e3a-b28c-d63fb33bfbcf</fromProcessItemId>
            <toProcessItemId>2025.7650c879-8156-44ca-8aca-a60ae16ccfc6</toProcessItemId>
        </link>
    </process>
</teamworks>

