<?xml version="1.0" encoding="UTF-8"?>
<teamworks>
    <process id="1.08fb5950-1ab1-4a11-82d4-07a1913561a1" name="Email Get System Default Properties">
        <lastModified>1361412273512</lastModified>
        <lastModifiedBy>Internal TW Admin user</lastModifiedBy>
        <processId>1.08fb5950-1ab1-4a11-82d4-07a1913561a1</processId>
        <image isNull="true" />
        <tabGroup isNull="true" />
        <startingProcessItemId>2025.539cdd7d-87b0-4b79-90a1-ea78b85deada</startingProcessItemId>
        <isRootProcess>false</isRootProcess>
        <processType>4</processType>
        <isErrorHandlerEnabled>false</isErrorHandlerEnabled>
        <errorHandlerItemId isNull="true" />
        <isLoggingVariables>false</isLoggingVariables>
        <isTransactional>false</isTransactional>
        <processTimingLevel isNull="true" />
        <participantRef isNull="true" />
        <exposedType isNull="true" />
        <isTrackingEnabled>true</isTrackingEnabled>
        <xmlData isNull="true" />
        <cachingType>false</cachingType>
        <itemLabel isNull="true" />
        <cacheLength>43200</cacheLength>
        <mobileReady>false</mobileReady>
        <sboSyncEnabled>true</sboSyncEnabled>
        <externalId isNull="true" />
        <isSecured>false</isSecured>
        <description isNull="true" />
        <guid>guid:6d7d6833d25d646c:143c423:11226a15f86:-7de0</guid>
        <versionId>2d4cede5-a751-4857-bc28-8e29319d77cb</versionId>
        <dependencySummary isNull="true" />
        <processParameter name="smtpHost">
            <lastModified isNull="true" />
            <lastModifiedBy isNull="true" />
            <processParameterId>2055.5823fb4e-75c4-4356-8da1-44a7da322d3d</processParameterId>
            <processId>1.08fb5950-1ab1-4a11-82d4-07a1913561a1</processId>
            <parameterType>2</parameterType>
            <isArrayOf>false</isArrayOf>
            <classId>/12.db884a3c-c533-44b7-bb2d-47bec8ad4022</classId>
            <seq>1</seq>
            <hasDefault>false</hasDefault>
            <defaultValue isNull="true" />
            <isLocked>false</isLocked>
            <description isNull="true" />
            <guid>guid:197d4ddc90fc5427:-1c619ffe:11def1582ed:-7b05</guid>
            <versionId>b1a8b918-4c83-4c94-b41a-d1abcaaee347</versionId>
        </processParameter>
        <processParameter name="defaultFromAddress">
            <lastModified isNull="true" />
            <lastModifiedBy isNull="true" />
            <processParameterId>2055.d6c03d04-afba-4574-bec6-285f02dde6fa</processParameterId>
            <processId>1.08fb5950-1ab1-4a11-82d4-07a1913561a1</processId>
            <parameterType>2</parameterType>
            <isArrayOf>false</isArrayOf>
            <classId>/12.db884a3c-c533-44b7-bb2d-47bec8ad4022</classId>
            <seq>2</seq>
            <hasDefault>false</hasDefault>
            <defaultValue isNull="true" />
            <isLocked>false</isLocked>
            <description isNull="true" />
            <guid>guid:197d4ddc90fc5427:-1c619ffe:11def1582ed:-7b03</guid>
            <versionId>eb14dbe8-fd12-4a2e-b7d7-24b656dffe9f</versionId>
        </processParameter>
        <item>
            <lastModified isNull="true" />
            <lastModifiedBy isNull="true" />
            <processItemId>2025.b04151d9-221e-4ad2-b6c2-410f4d87d26c</processItemId>
            <processId>1.08fb5950-1ab1-4a11-82d4-07a1913561a1</processId>
            <name>End</name>
            <tWComponentName>ExitPoint</tWComponentName>
            <tWComponentId>3008.31c906df-e710-4773-ab4f-05cc0cadeee7</tWComponentId>
            <isLogEnabled>false</isLogEnabled>
            <isTraceEnabled>false</isTraceEnabled>
            <traceCategory isNull="true" />
            <traceLevel isNull="true" />
            <traceMessage isNull="true" />
            <traceSymbolTable isNull="true" />
            <isExecutionContextTraced>false</isExecutionContextTraced>
            <saveExecutionContext>true</saveExecutionContext>
            <documentation isNull="true" />
            <isErrorHandlerEnabled>false</isErrorHandlerEnabled>
            <errorHandlerItemId isNull="true" />
            <guid>guid:6d7d6833d25d646c:143c423:11226a15f86:-7ddf</guid>
            <versionId>58fe9c51-c6c4-4667-8dfd-2da772fb9a1b</versionId>
            <layoutData x="388" y="102">
                <errorLink>
                    <controlPoints />
                    <showEndState>false</showEndState>
                    <showName>false</showName>
                </errorLink>
            </layoutData>
            <TWComponent>
                <lastModified isNull="true" />
                <lastModifiedBy isNull="true" />
                <exitPointId>3008.31c906df-e710-4773-ab4f-05cc0cadeee7</exitPointId>
                <haltProcess>false</haltProcess>
                <guid>guid:197d4ddc90fc5427:-1c619ffe:11def1582ed:-7aff</guid>
                <versionId>cc2b7c56-493a-49b8-a561-983f43a7ce87</versionId>
            </TWComponent>
        </item>
        <item>
            <lastModified isNull="true" />
            <lastModifiedBy isNull="true" />
            <processItemId>2025.539cdd7d-87b0-4b79-90a1-ea78b85deada</processItemId>
            <processId>1.08fb5950-1ab1-4a11-82d4-07a1913561a1</processId>
            <name>Get Default Email Properties from TW Env Config</name>
            <tWComponentName>Script</tWComponentName>
            <tWComponentId>3011.b0915890-89ca-45dd-9dd0-c934a8944464</tWComponentId>
            <isLogEnabled>false</isLogEnabled>
            <isTraceEnabled>false</isTraceEnabled>
            <traceCategory isNull="true" />
            <traceLevel isNull="true" />
            <traceMessage isNull="true" />
            <traceSymbolTable isNull="true" />
            <isExecutionContextTraced>false</isExecutionContextTraced>
            <saveExecutionContext>false</saveExecutionContext>
            <documentation isNull="true" />
            <isErrorHandlerEnabled>false</isErrorHandlerEnabled>
            <errorHandlerItemId isNull="true" />
            <guid>guid:6d7d6833d25d646c:143c423:11226a15f86:-7dd4</guid>
            <versionId>b725d7cb-7f1d-4f33-a7e5-28d3255fe821</versionId>
            <layoutData x="182" y="87">
                <errorLink>
                    <controlPoints />
                    <showEndState>false</showEndState>
                    <showName>false</showName>
                </errorLink>
            </layoutData>
            <TWComponent>
                <lastModified isNull="true" />
                <lastModifiedBy isNull="true" />
                <scriptId>3011.b0915890-89ca-45dd-9dd0-c934a8944464</scriptId>
                <scriptTypeId>2</scriptTypeId>
                <isActive>true</isActive>
                <script>var twConfig = Packages.com.lombardisoftware.core.config.TWConfiguration.getInstance(); 
var envConfig = twConfig.getServer().getEmail();
tw.local.smtpHost = envConfig.getSmtpServer();
tw.local.defaultFromAddress = envConfig.getDefaultFromAddress();</script>
                <isRule>false</isRule>
                <guid>guid:197d4ddc90fc5427:-1c619ffe:11def1582ed:-7afb</guid>
                <versionId>8c2fd508-4458-4caa-9b02-ef49e4d9c7aa</versionId>
            </TWComponent>
        </item>
        <startingProcessItemId>2025.539cdd7d-87b0-4b79-90a1-ea78b85deada</startingProcessItemId>
        <errorHandlerItemId isNull="true" />
        <layoutData noConversion="true">
            <errorLink>
                <controlPoints />
                <showEndState>false</showEndState>
                <showName>false</showName>
            </errorLink>
        </layoutData>
        <startPoint>
            <layoutData x="20" y="102">
                <errorLink>
                    <controlPoints />
                    <showEndState>false</showEndState>
                    <showName>false</showName>
                </errorLink>
            </layoutData>
        </startPoint>
        <startLink>
            <fromPort locationId="rightCenter" portType="1" />
            <toPort locationId="leftCenter" portType="2" />
            <layoutData>
                <controlPoints />
                <showEndState>false</showEndState>
                <showName>false</showName>
            </layoutData>
        </startLink>
        <link name="Untitled">
            <lastModified isNull="true" />
            <lastModifiedBy isNull="true" />
            <processLinkId>2027.e425d6fb-bef2-45a3-bd28-6bef37f540d5</processLinkId>
            <processId>1.08fb5950-1ab1-4a11-82d4-07a1913561a1</processId>
            <description isNull="true" />
            <fromProcessItemId>2025.539cdd7d-87b0-4b79-90a1-ea78b85deada</fromProcessItemId>
            <endStateId>Out</endStateId>
            <toProcessItemId>2025.b04151d9-221e-4ad2-b6c2-410f4d87d26c</toProcessItemId>
            <guid>guid:197d4ddc90fc5427:-1c619ffe:11def1582ed:-7af9</guid>
            <versionId>18e26fb6-eb7e-4253-977b-446ad9eb2628</versionId>
            <layoutData>
                <controlPoints />
                <showEndState>false</showEndState>
                <showName>false</showName>
            </layoutData>
            <fromItemPort locationId="rightCenter" portType="1" />
            <toItemPort locationId="leftCenter" portType="2" />
            <fromProcessItemId>2025.539cdd7d-87b0-4b79-90a1-ea78b85deada</fromProcessItemId>
            <toProcessItemId>2025.b04151d9-221e-4ad2-b6c2-410f4d87d26c</toProcessItemId>
        </link>
        <link name="Untitled">
            <lastModified isNull="true" />
            <lastModifiedBy isNull="true" />
            <processLinkId>2027.34f29d5b-a4db-4dbd-bc4b-acc12b27a2e9</processLinkId>
            <processId>1.08fb5950-1ab1-4a11-82d4-07a1913561a1</processId>
            <description isNull="true" />
            <fromProcessItemId>2025.539cdd7d-87b0-4b79-90a1-ea78b85deada</fromProcessItemId>
            <endStateId>Out</endStateId>
            <toProcessItemId>2025.b04151d9-221e-4ad2-b6c2-410f4d87d26c</toProcessItemId>
            <guid>guid:197d4ddc90fc5427:-1c619ffe:11def1582ed:-7af9</guid>
            <versionId>25c03229-168a-42de-bacc-239f6f963493</versionId>
            <layoutData>
                <controlPoints />
                <showEndState>false</showEndState>
                <showName>false</showName>
            </layoutData>
            <fromItemPort locationId="rightCenter" portType="1" />
            <toItemPort locationId="leftCenter" portType="2" />
            <fromProcessItemId>2025.539cdd7d-87b0-4b79-90a1-ea78b85deada</fromProcessItemId>
            <toProcessItemId>2025.b04151d9-221e-4ad2-b6c2-410f4d87d26c</toProcessItemId>
        </link>
    </process>
</teamworks>

