<?xml version="1.0" encoding="UTF-8"?>
<teamworks>
    <process id="1.13cc4635-1e1b-4165-9afa-6f411d4b4f62" name="Email Send IBM BPM Email">
        <lastModified>1361412273512</lastModified>
        <lastModifiedBy>Internal TW Admin user</lastModifiedBy>
        <processId>1.13cc4635-1e1b-4165-9afa-6f411d4b4f62</processId>
        <image isNull="true" />
        <tabGroup isNull="true" />
        <startingProcessItemId>2025.c751f89f-2b49-43d1-9e9d-e432e369663a</startingProcessItemId>
        <isRootProcess>false</isRootProcess>
        <processType>4</processType>
        <isErrorHandlerEnabled>false</isErrorHandlerEnabled>
        <errorHandlerItemId isNull="true" />
        <isLoggingVariables>false</isLoggingVariables>
        <isTransactional>false</isTransactional>
        <processTimingLevel isNull="true" />
        <participantRef isNull="true" />
        <exposedType isNull="true" />
        <isTrackingEnabled>true</isTrackingEnabled>
        <xmlData isNull="true" />
        <cachingType>false</cachingType>
        <itemLabel isNull="true" />
        <cacheLength>43200</cacheLength>
        <mobileReady>false</mobileReady>
        <sboSyncEnabled>true</sboSyncEnabled>
        <externalId isNull="true" />
        <isSecured>false</isSecured>
        <description isNull="true" />
        <guid>guid:6d7d6833d25d646c:143c423:11226a15f86:-7d8c</guid>
        <versionId>9f47aebf-4381-4ed1-85e3-c9210841c641</versionId>
        <dependencySummary isNull="true" />
        <processParameter name="to">
            <lastModified isNull="true" />
            <lastModifiedBy isNull="true" />
            <processParameterId>2055.e4a8f4de-e03d-4a22-aac3-ced21eeb6f26</processParameterId>
            <processId>1.13cc4635-1e1b-4165-9afa-6f411d4b4f62</processId>
            <parameterType>1</parameterType>
            <isArrayOf>false</isArrayOf>
            <classId>/12.db884a3c-c533-44b7-bb2d-47bec8ad4022</classId>
            <seq>1</seq>
            <hasDefault>false</hasDefault>
            <defaultValue isNull="true" />
            <isLocked>false</isLocked>
            <description isNull="true" />
            <guid>guid:197d4ddc90fc5427:-1c619ffe:11def1582ed:-7ad5</guid>
            <versionId>1fecd570-986d-4007-b93b-ea3fbc796077</versionId>
        </processParameter>
        <processParameter name="from">
            <lastModified isNull="true" />
            <lastModifiedBy isNull="true" />
            <processParameterId>2055.51fca2c0-8a77-45f5-9e68-542b26e07ea3</processParameterId>
            <processId>1.13cc4635-1e1b-4165-9afa-6f411d4b4f62</processId>
            <parameterType>1</parameterType>
            <isArrayOf>false</isArrayOf>
            <classId>/12.db884a3c-c533-44b7-bb2d-47bec8ad4022</classId>
            <seq>2</seq>
            <hasDefault>false</hasDefault>
            <defaultValue isNull="true" />
            <isLocked>false</isLocked>
            <description isNull="true" />
            <guid>guid:197d4ddc90fc5427:-1c619ffe:11def1582ed:-7ad3</guid>
            <versionId>ee879b3a-923f-4fc3-923d-47daddedb222</versionId>
        </processParameter>
        <processParameter name="subject">
            <lastModified isNull="true" />
            <lastModifiedBy isNull="true" />
            <processParameterId>2055.bb90bf7b-d066-47c7-96fd-1b8984a5246d</processParameterId>
            <processId>1.13cc4635-1e1b-4165-9afa-6f411d4b4f62</processId>
            <parameterType>1</parameterType>
            <isArrayOf>false</isArrayOf>
            <classId>/12.db884a3c-c533-44b7-bb2d-47bec8ad4022</classId>
            <seq>3</seq>
            <hasDefault>false</hasDefault>
            <defaultValue isNull="true" />
            <isLocked>false</isLocked>
            <description isNull="true" />
            <guid>guid:197d4ddc90fc5427:-1c619ffe:11def1582ed:-7ad1</guid>
            <versionId>b0328057-5459-41a2-801b-36faeb8beb48</versionId>
        </processParameter>
        <processParameter name="messageText">
            <lastModified isNull="true" />
            <lastModifiedBy isNull="true" />
            <processParameterId>2055.e8912baa-d516-4758-be53-20c3d6c61326</processParameterId>
            <processId>1.13cc4635-1e1b-4165-9afa-6f411d4b4f62</processId>
            <parameterType>1</parameterType>
            <isArrayOf>false</isArrayOf>
            <classId>/12.db884a3c-c533-44b7-bb2d-47bec8ad4022</classId>
            <seq>4</seq>
            <hasDefault>false</hasDefault>
            <defaultValue isNull="true" />
            <isLocked>false</isLocked>
            <description isNull="true" />
            <guid>guid:197d4ddc90fc5427:-1c619ffe:11def1582ed:-7acf</guid>
            <versionId>06ca2020-45db-4606-966d-3343c92bd4fd</versionId>
        </processParameter>
        <processParameter name="contentType">
            <lastModified isNull="true" />
            <lastModifiedBy isNull="true" />
            <processParameterId>2055.3e811662-d427-4537-b2f6-fa9907d9677c</processParameterId>
            <processId>1.13cc4635-1e1b-4165-9afa-6f411d4b4f62</processId>
            <parameterType>1</parameterType>
            <isArrayOf>false</isArrayOf>
            <classId>/12.db884a3c-c533-44b7-bb2d-47bec8ad4022</classId>
            <seq>5</seq>
            <hasDefault>true</hasDefault>
            <defaultValue>"text/html"</defaultValue>
            <isLocked>false</isLocked>
            <description>text/plain text/html</description>
            <guid>guid:197d4ddc90fc5427:-1c619ffe:11def1582ed:-7acd</guid>
            <versionId>6fc077dc-5b94-49ed-86e2-e9f4be12d77c</versionId>
        </processParameter>
        <processParameter name="smtpHost">
            <lastModified isNull="true" />
            <lastModifiedBy isNull="true" />
            <processParameterId>2055.941ed838-3fbe-42f5-b8b4-57064fc0f743</processParameterId>
            <processId>1.13cc4635-1e1b-4165-9afa-6f411d4b4f62</processId>
            <parameterType>1</parameterType>
            <isArrayOf>false</isArrayOf>
            <classId>/12.db884a3c-c533-44b7-bb2d-47bec8ad4022</classId>
            <seq>6</seq>
            <hasDefault>true</hasDefault>
            <defaultValue>null</defaultValue>
            <isLocked>false</isLocked>
            <description isNull="true" />
            <guid>guid:197d4ddc90fc5427:-1c619ffe:11def1582ed:-7acb</guid>
            <versionId>16f772da-2a5d-48eb-85be-423a9ad1d3cb</versionId>
        </processParameter>
        <processParameter name="cc">
            <lastModified isNull="true" />
            <lastModifiedBy isNull="true" />
            <processParameterId>2055.50e8c0fd-6bc1-4da9-9cb2-d084644dd6de</processParameterId>
            <processId>1.13cc4635-1e1b-4165-9afa-6f411d4b4f62</processId>
            <parameterType>1</parameterType>
            <isArrayOf>false</isArrayOf>
            <classId>/12.db884a3c-c533-44b7-bb2d-47bec8ad4022</classId>
            <seq>7</seq>
            <hasDefault>true</hasDefault>
            <defaultValue>null</defaultValue>
            <isLocked>false</isLocked>
            <description isNull="true" />
            <guid>guid:197d4ddc90fc5427:-1c619ffe:11def1582ed:-7ac9</guid>
            <versionId>19a439eb-d520-4c84-9028-462b5607abe0</versionId>
        </processParameter>
        <processParameter name="bcc">
            <lastModified isNull="true" />
            <lastModifiedBy isNull="true" />
            <processParameterId>2055.7190c535-7820-4319-9b19-3bd1bfb74112</processParameterId>
            <processId>1.13cc4635-1e1b-4165-9afa-6f411d4b4f62</processId>
            <parameterType>1</parameterType>
            <isArrayOf>false</isArrayOf>
            <classId>/12.db884a3c-c533-44b7-bb2d-47bec8ad4022</classId>
            <seq>8</seq>
            <hasDefault>true</hasDefault>
            <defaultValue>null</defaultValue>
            <isLocked>false</isLocked>
            <description isNull="true" />
            <guid>guid:197d4ddc90fc5427:-1c619ffe:11def1582ed:-7ac7</guid>
            <versionId>0024eefd-7c20-4138-9fdb-ebbc9be444c6</versionId>
        </processParameter>
        <processParameter name="replyTo">
            <lastModified isNull="true" />
            <lastModifiedBy isNull="true" />
            <processParameterId>2055.406ae771-5c04-4a03-9860-7a5d51f80757</processParameterId>
            <processId>1.13cc4635-1e1b-4165-9afa-6f411d4b4f62</processId>
            <parameterType>1</parameterType>
            <isArrayOf>false</isArrayOf>
            <classId>/12.db884a3c-c533-44b7-bb2d-47bec8ad4022</classId>
            <seq>9</seq>
            <hasDefault>true</hasDefault>
            <defaultValue>null</defaultValue>
            <isLocked>false</isLocked>
            <description isNull="true" />
            <guid>guid:197d4ddc90fc5427:-1c619ffe:11def1582ed:-7ac5</guid>
            <versionId>f42e0bf1-6769-427f-8f4d-8327e793fca9</versionId>
        </processParameter>
        <processParameter name="importance">
            <lastModified isNull="true" />
            <lastModifiedBy isNull="true" />
            <processParameterId>2055.39892d28-b0cb-4907-a4cc-ceae9d67bd8f</processParameterId>
            <processId>1.13cc4635-1e1b-4165-9afa-6f411d4b4f62</processId>
            <parameterType>1</parameterType>
            <isArrayOf>false</isArrayOf>
            <classId>/12.db884a3c-c533-44b7-bb2d-47bec8ad4022</classId>
            <seq>10</seq>
            <hasDefault>true</hasDefault>
            <defaultValue>null</defaultValue>
            <isLocked>false</isLocked>
            <description isNull="true" />
            <guid>guid:197d4ddc90fc5427:-1c619ffe:11def1582ed:-7ac3</guid>
            <versionId>4671d3b5-87b9-4391-94c3-384fe5253a71</versionId>
        </processParameter>
        <processParameter name="attachmentFileNames">
            <lastModified isNull="true" />
            <lastModifiedBy isNull="true" />
            <processParameterId>2055.5309394e-b0d6-44c1-83be-be3b5b9ba8b1</processParameterId>
            <processId>1.13cc4635-1e1b-4165-9afa-6f411d4b4f62</processId>
            <parameterType>1</parameterType>
            <isArrayOf>false</isArrayOf>
            <classId>/12.db884a3c-c533-44b7-bb2d-47bec8ad4022</classId>
            <seq>11</seq>
            <hasDefault>true</hasDefault>
            <defaultValue>null</defaultValue>
            <isLocked>false</isLocked>
            <description isNull="true" />
            <guid>guid:197d4ddc90fc5427:-1c619ffe:11def1582ed:-7ac1</guid>
            <versionId>59516c87-f9a8-41f2-989b-c1ab1f3ae64e</versionId>
        </processParameter>
        <processVariable name="m_smtpHost">
            <lastModified isNull="true" />
            <lastModifiedBy isNull="true" />
            <processVariableId>2056.2826c6bd-e14a-4cc3-8c02-7086d8fe6e24</processVariableId>
            <description isNull="true" />
            <processId>1.13cc4635-1e1b-4165-9afa-6f411d4b4f62</processId>
            <namespace>2</namespace>
            <seq>1</seq>
            <isArrayOf>false</isArrayOf>
            <classId>/12.db884a3c-c533-44b7-bb2d-47bec8ad4022</classId>
            <hasDefault>false</hasDefault>
            <defaultValue isNull="true" />
            <guid>guid:197d4ddc90fc5427:-1c619ffe:11def1582ed:-7abb</guid>
            <versionId>dd564bfa-86d5-4779-994e-892b9718da92</versionId>
        </processVariable>
        <processVariable name="m_defaultFromAddress">
            <lastModified isNull="true" />
            <lastModifiedBy isNull="true" />
            <processVariableId>2056.be62054d-4397-4aa7-a99e-9f4670011f4a</processVariableId>
            <description isNull="true" />
            <processId>1.13cc4635-1e1b-4165-9afa-6f411d4b4f62</processId>
            <namespace>2</namespace>
            <seq>2</seq>
            <isArrayOf>false</isArrayOf>
            <classId>/12.db884a3c-c533-44b7-bb2d-47bec8ad4022</classId>
            <hasDefault>false</hasDefault>
            <defaultValue isNull="true" />
            <guid>guid:197d4ddc90fc5427:-1c619ffe:11def1582ed:-7ab9</guid>
            <versionId>312589c1-5563-49fa-9329-316dd28800a0</versionId>
        </processVariable>
        <item>
            <lastModified isNull="true" />
            <lastModifiedBy isNull="true" />
            <processItemId>2025.45d1f51b-8567-4d26-a9cb-538f42727725</processItemId>
            <processId>1.13cc4635-1e1b-4165-9afa-6f411d4b4f62</processId>
            <name>End</name>
            <tWComponentName>ExitPoint</tWComponentName>
            <tWComponentId>3008.6a164eee-479e-44ac-9044-185444d95c73</tWComponentId>
            <isLogEnabled>false</isLogEnabled>
            <isTraceEnabled>false</isTraceEnabled>
            <traceCategory isNull="true" />
            <traceLevel isNull="true" />
            <traceMessage isNull="true" />
            <traceSymbolTable isNull="true" />
            <isExecutionContextTraced>false</isExecutionContextTraced>
            <saveExecutionContext>true</saveExecutionContext>
            <documentation isNull="true" />
            <isErrorHandlerEnabled>false</isErrorHandlerEnabled>
            <errorHandlerItemId isNull="true" />
            <guid>guid:6d7d6833d25d646c:143c423:11226a15f86:-7d8b</guid>
            <versionId>572ba74c-ed46-4e72-b231-8a5c7de36155</versionId>
            <layoutData x="609" y="100">
                <errorLink>
                    <controlPoints />
                    <showEndState>false</showEndState>
                    <showName>false</showName>
                </errorLink>
            </layoutData>
            <TWComponent>
                <lastModified isNull="true" />
                <lastModifiedBy isNull="true" />
                <exitPointId>3008.6a164eee-479e-44ac-9044-185444d95c73</exitPointId>
                <haltProcess>false</haltProcess>
                <guid>guid:197d4ddc90fc5427:-1c619ffe:11def1582ed:-7abd</guid>
                <versionId>c5921784-804f-4532-87b7-2dde75b2727a</versionId>
            </TWComponent>
        </item>
        <item>
            <lastModified isNull="true" />
            <lastModifiedBy isNull="true" />
            <processItemId>2025.23926d8a-e98b-409f-8c7a-44cf5bd86ca5</processItemId>
            <processId>1.13cc4635-1e1b-4165-9afa-6f411d4b4f62</processId>
            <name>lsw SMTP Send Email</name>
            <tWComponentName>SubProcess</tWComponentName>
            <tWComponentId>3012.7cc9ea13-7f2d-485b-bc47-be699a5cd285</tWComponentId>
            <isLogEnabled>false</isLogEnabled>
            <isTraceEnabled>false</isTraceEnabled>
            <traceCategory isNull="true" />
            <traceLevel isNull="true" />
            <traceMessage isNull="true" />
            <traceSymbolTable isNull="true" />
            <isExecutionContextTraced>false</isExecutionContextTraced>
            <saveExecutionContext>false</saveExecutionContext>
            <documentation isNull="true" />
            <isErrorHandlerEnabled>false</isErrorHandlerEnabled>
            <errorHandlerItemId isNull="true" />
            <guid>guid:6d7d6833d25d646c:143c423:11226a15f86:-7d84</guid>
            <versionId>9502e5eb-3ee9-4d80-b0b2-c026c9ba5d74</versionId>
            <layoutData x="434" y="86">
                <errorLink>
                    <controlPoints />
                    <showEndState>false</showEndState>
                    <showName>false</showName>
                </errorLink>
            </layoutData>
            <TWComponent>
                <lastModified isNull="true" />
                <lastModifiedBy isNull="true" />
                <subProcessId>3012.7cc9ea13-7f2d-485b-bc47-be699a5cd285</subProcessId>
                <attachedProcessRef>/1.9139023c-2d6d-4809-becb-b10a64f45dce</attachedProcessRef>
                <guid>guid:197d4ddc90fc5427:-1c619ffe:11def1582ed:-7ab5</guid>
                <versionId>f028f751-ebb8-4b3d-824d-4da52145dc7a</versionId>
                <parameterMapping name="to">
                    <lastModified isNull="true" />
                    <lastModifiedBy isNull="true" />
                    <parameterMappingId>2054.69c2b31f-7528-47de-a2b5-a47832806c97</parameterMappingId>
                    <processParameterId>2055.5daf4c0c-975e-4110-90bf-2a5968903b20</processParameterId>
                    <parameterMappingParentId>3012.7cc9ea13-7f2d-485b-bc47-be699a5cd285</parameterMappingParentId>
                    <useDefault>false</useDefault>
                    <value>tw.local.to</value>
                    <classRef>/12.db884a3c-c533-44b7-bb2d-47bec8ad4022</classRef>
                    <isList>false</isList>
                    <isInput>true</isInput>
                    <guid>guid:197d4ddc90fc5427:-1c619ffe:11def1582ed:-7a9d</guid>
                    <versionId>05dc076e-f229-4b03-8bc1-1af36b190674</versionId>
                    <description isNull="true" />
                </parameterMapping>
                <parameterMapping name="subject">
                    <lastModified isNull="true" />
                    <lastModifiedBy isNull="true" />
                    <parameterMappingId>2054.7b41e26e-0f47-421c-b2fc-c080351eec44</parameterMappingId>
                    <processParameterId>2055.5fadfc5c-39cc-4dd1-96b4-b051273d4b32</processParameterId>
                    <parameterMappingParentId>3012.7cc9ea13-7f2d-485b-bc47-be699a5cd285</parameterMappingParentId>
                    <useDefault>false</useDefault>
                    <value>tw.local.subject</value>
                    <classRef>/12.db884a3c-c533-44b7-bb2d-47bec8ad4022</classRef>
                    <isList>false</isList>
                    <isInput>true</isInput>
                    <guid>guid:197d4ddc90fc5427:-1c619ffe:11def1582ed:-7a9b</guid>
                    <versionId>38741547-6ee4-47bc-aeed-d0d306bbc03d</versionId>
                    <description isNull="true" />
                </parameterMapping>
                <parameterMapping name="messageText">
                    <lastModified isNull="true" />
                    <lastModifiedBy isNull="true" />
                    <parameterMappingId>2054.966c24b3-1a8b-428c-8452-4a8b4e707a7a</parameterMappingId>
                    <processParameterId>2055.b8da176e-8ecf-4b15-ab8f-23984776059e</processParameterId>
                    <parameterMappingParentId>3012.7cc9ea13-7f2d-485b-bc47-be699a5cd285</parameterMappingParentId>
                    <useDefault>false</useDefault>
                    <value>tw.local.messageText</value>
                    <classRef>/12.db884a3c-c533-44b7-bb2d-47bec8ad4022</classRef>
                    <isList>false</isList>
                    <isInput>true</isInput>
                    <guid>guid:197d4ddc90fc5427:-1c619ffe:11def1582ed:-7a9a</guid>
                    <versionId>3b6aaa5d-6f69-401c-8e33-b0ab3f721025</versionId>
                    <description isNull="true" />
                </parameterMapping>
                <parameterMapping name="importance">
                    <lastModified isNull="true" />
                    <lastModifiedBy isNull="true" />
                    <parameterMappingId>2054.a2c39753-33dc-4d8c-a6f9-aa9382249d5e</parameterMappingId>
                    <processParameterId>2055.cfd54346-7a28-4a4e-88bd-e79e63c28c08</processParameterId>
                    <parameterMappingParentId>3012.7cc9ea13-7f2d-485b-bc47-be699a5cd285</parameterMappingParentId>
                    <useDefault>false</useDefault>
                    <value>tw.local.importance</value>
                    <classRef>/12.db884a3c-c533-44b7-bb2d-47bec8ad4022</classRef>
                    <isList>false</isList>
                    <isInput>true</isInput>
                    <guid>guid:197d4ddc90fc5427:-1c619ffe:11def1582ed:-7a95</guid>
                    <versionId>47bb1a7d-a7b8-43e2-a70a-9b07bfa7036d</versionId>
                    <description isNull="true" />
                </parameterMapping>
                <parameterMapping name="replyTo">
                    <lastModified isNull="true" />
                    <lastModifiedBy isNull="true" />
                    <parameterMappingId>2054.3f5dbfa6-d9eb-41d8-b3b4-4c0c8502b0c7</parameterMappingId>
                    <processParameterId>2055.0073bba2-48c9-42b5-a581-d8dfc3f37dc1</processParameterId>
                    <parameterMappingParentId>3012.7cc9ea13-7f2d-485b-bc47-be699a5cd285</parameterMappingParentId>
                    <useDefault>false</useDefault>
                    <value>tw.local.replyTo</value>
                    <classRef>/12.db884a3c-c533-44b7-bb2d-47bec8ad4022</classRef>
                    <isList>false</isList>
                    <isInput>true</isInput>
                    <guid>guid:197d4ddc90fc5427:-1c619ffe:11def1582ed:-7a98</guid>
                    <versionId>49682fdb-7b9e-48a9-9af5-b515554eda51</versionId>
                    <description isNull="true" />
                </parameterMapping>
                <parameterMapping name="attachmentFileNames">
                    <lastModified isNull="true" />
                    <lastModifiedBy isNull="true" />
                    <parameterMappingId>2054.500d4be0-946b-4c80-996c-837e6df0c16d</parameterMappingId>
                    <processParameterId>2055.65d24aa0-b699-4d77-bb5a-49c91876a45f</processParameterId>
                    <parameterMappingParentId>3012.7cc9ea13-7f2d-485b-bc47-be699a5cd285</parameterMappingParentId>
                    <useDefault>false</useDefault>
                    <value>tw.local.attachmentFileNames</value>
                    <classRef>/12.db884a3c-c533-44b7-bb2d-47bec8ad4022</classRef>
                    <isList>false</isList>
                    <isInput>true</isInput>
                    <guid>guid:197d4ddc90fc5427:-1c619ffe:11def1582ed:-7a94</guid>
                    <versionId>7eaf631c-5495-4e61-afcb-708836cb0732</versionId>
                    <description isNull="true" />
                </parameterMapping>
                <parameterMapping name="bcc">
                    <lastModified isNull="true" />
                    <lastModifiedBy isNull="true" />
                    <parameterMappingId>2054.aaa69ead-429c-41c2-811c-f3b2dbd05663</parameterMappingId>
                    <processParameterId>2055.c899c0dd-0733-4c1f-8fb1-3bfc234ba5e4</processParameterId>
                    <parameterMappingParentId>3012.7cc9ea13-7f2d-485b-bc47-be699a5cd285</parameterMappingParentId>
                    <useDefault>false</useDefault>
                    <value>tw.local.bcc</value>
                    <classRef>/12.db884a3c-c533-44b7-bb2d-47bec8ad4022</classRef>
                    <isList>false</isList>
                    <isInput>true</isInput>
                    <guid>guid:197d4ddc90fc5427:-1c619ffe:11def1582ed:-7a96</guid>
                    <versionId>a68e4eee-a90d-440c-8ef2-9c79fbbd243b</versionId>
                    <description isNull="true" />
                </parameterMapping>
                <parameterMapping name="contentType">
                    <lastModified isNull="true" />
                    <lastModifiedBy isNull="true" />
                    <parameterMappingId>2054.d1c023a0-a4b2-454f-a382-e7b56e29b52d</parameterMappingId>
                    <processParameterId>2055.9ded0b56-4df9-430a-9241-0ab36e00741c</processParameterId>
                    <parameterMappingParentId>3012.7cc9ea13-7f2d-485b-bc47-be699a5cd285</parameterMappingParentId>
                    <useDefault>false</useDefault>
                    <value>tw.local.contentType</value>
                    <classRef>/12.db884a3c-c533-44b7-bb2d-47bec8ad4022</classRef>
                    <isList>false</isList>
                    <isInput>true</isInput>
                    <guid>guid:197d4ddc90fc5427:-1c619ffe:11def1582ed:-7a99</guid>
                    <versionId>b45df18f-9b38-4f28-b68e-f2e7baa562b9</versionId>
                    <description isNull="true" />
                </parameterMapping>
                <parameterMapping name="from">
                    <lastModified isNull="true" />
                    <lastModifiedBy isNull="true" />
                    <parameterMappingId>2054.af4d97cd-9fd6-47bd-95c3-94ec1ac9a6c8</parameterMappingId>
                    <processParameterId>2055.3d2c8c31-083e-4668-832c-c59482ee1a19</processParameterId>
                    <parameterMappingParentId>3012.7cc9ea13-7f2d-485b-bc47-be699a5cd285</parameterMappingParentId>
                    <useDefault>false</useDefault>
                    <value>tw.local.from</value>
                    <classRef>/12.db884a3c-c533-44b7-bb2d-47bec8ad4022</classRef>
                    <isList>false</isList>
                    <isInput>true</isInput>
                    <guid>guid:197d4ddc90fc5427:-1c619ffe:11def1582ed:-7a9c</guid>
                    <versionId>b5dd1668-c158-4203-ab2f-4cbb29950031</versionId>
                    <description isNull="true" />
                </parameterMapping>
                <parameterMapping name="cc">
                    <lastModified isNull="true" />
                    <lastModifiedBy isNull="true" />
                    <parameterMappingId>2054.c61f900a-8752-432c-aba9-485e0e8944d9</parameterMappingId>
                    <processParameterId>2055.2724b942-ea01-4acf-aabc-391eb18c2770</processParameterId>
                    <parameterMappingParentId>3012.7cc9ea13-7f2d-485b-bc47-be699a5cd285</parameterMappingParentId>
                    <useDefault>false</useDefault>
                    <value>tw.local.cc</value>
                    <classRef>/12.db884a3c-c533-44b7-bb2d-47bec8ad4022</classRef>
                    <isList>false</isList>
                    <isInput>true</isInput>
                    <guid>guid:197d4ddc90fc5427:-1c619ffe:11def1582ed:-7a97</guid>
                    <versionId>d8c8250c-959b-47d9-b057-29e9c90507a2</versionId>
                    <description isNull="true" />
                </parameterMapping>
                <parameterMapping name="smtpHost">
                    <lastModified isNull="true" />
                    <lastModifiedBy isNull="true" />
                    <parameterMappingId>2054.1c8229ad-ac52-42c2-b717-51387bd7f320</parameterMappingId>
                    <processParameterId>2055.d36b25d4-f4e6-4938-bfbb-2b3fd4335d85</processParameterId>
                    <parameterMappingParentId>3012.7cc9ea13-7f2d-485b-bc47-be699a5cd285</parameterMappingParentId>
                    <useDefault>false</useDefault>
                    <value>tw.local.smtpHost</value>
                    <classRef>/12.db884a3c-c533-44b7-bb2d-47bec8ad4022</classRef>
                    <isList>false</isList>
                    <isInput>true</isInput>
                    <guid>guid:197d4ddc90fc5427:-1c619ffe:11def1582ed:-7a9e</guid>
                    <versionId>dec9e95e-1437-4638-a65c-87888518cc22</versionId>
                    <description isNull="true" />
                </parameterMapping>
            </TWComponent>
        </item>
        <item>
            <lastModified isNull="true" />
            <lastModifiedBy isNull="true" />
            <processItemId>2025.c751f89f-2b49-43d1-9e9d-e432e369663a</processItemId>
            <processId>1.13cc4635-1e1b-4165-9afa-6f411d4b4f62</processId>
            <name>Get Email Env Defaults</name>
            <tWComponentName>SubProcess</tWComponentName>
            <tWComponentId>3012.1654b784-a919-4548-961d-dc42cd9d9ea8</tWComponentId>
            <isLogEnabled>false</isLogEnabled>
            <isTraceEnabled>false</isTraceEnabled>
            <traceCategory isNull="true" />
            <traceLevel isNull="true" />
            <traceMessage isNull="true" />
            <traceSymbolTable isNull="true" />
            <isExecutionContextTraced>false</isExecutionContextTraced>
            <saveExecutionContext>false</saveExecutionContext>
            <documentation isNull="true" />
            <isErrorHandlerEnabled>false</isErrorHandlerEnabled>
            <errorHandlerItemId isNull="true" />
            <guid>guid:6d7d6833d25d646c:143c423:11226a15f86:-7d70</guid>
            <versionId>e53eceaf-b214-40e4-9331-9572ff010494</versionId>
            <layoutData x="120" y="85">
                <errorLink>
                    <controlPoints />
                    <showEndState>false</showEndState>
                    <showName>false</showName>
                </errorLink>
            </layoutData>
            <TWComponent>
                <lastModified isNull="true" />
                <lastModifiedBy isNull="true" />
                <subProcessId>3012.1654b784-a919-4548-961d-dc42cd9d9ea8</subProcessId>
                <attachedProcessRef>/1.08fb5950-1ab1-4a11-82d4-07a1913561a1</attachedProcessRef>
                <guid>guid:197d4ddc90fc5427:-1c619ffe:11def1582ed:-7a90</guid>
                <versionId>c74a772a-1a18-41c9-9a37-c30b9f6669e7</versionId>
                <parameterMapping name="smtpHost">
                    <lastModified isNull="true" />
                    <lastModifiedBy isNull="true" />
                    <parameterMappingId>2054.535f2537-2bb5-487e-bf9c-c028a00f9b4d</parameterMappingId>
                    <processParameterId>2055.5823fb4e-75c4-4356-8da1-44a7da322d3d</processParameterId>
                    <parameterMappingParentId>3012.1654b784-a919-4548-961d-dc42cd9d9ea8</parameterMappingParentId>
                    <useDefault>false</useDefault>
                    <value>tw.local.m_smtpHost</value>
                    <classRef>/12.db884a3c-c533-44b7-bb2d-47bec8ad4022</classRef>
                    <isList>false</isList>
                    <isInput>false</isInput>
                    <guid>guid:197d4ddc90fc5427:-1c619ffe:11def1582ed:-7a8b</guid>
                    <versionId>6d8b5390-fe53-46b9-a020-3e0aadb98e5c</versionId>
                    <description isNull="true" />
                </parameterMapping>
                <parameterMapping name="defaultFromAddress">
                    <lastModified isNull="true" />
                    <lastModifiedBy isNull="true" />
                    <parameterMappingId>2054.80226038-25ff-4cf7-904b-cdb7fc16efa1</parameterMappingId>
                    <processParameterId>2055.d6c03d04-afba-4574-bec6-285f02dde6fa</processParameterId>
                    <parameterMappingParentId>3012.1654b784-a919-4548-961d-dc42cd9d9ea8</parameterMappingParentId>
                    <useDefault>true</useDefault>
                    <value>tw.local.m_defaultFromAddress</value>
                    <classRef>/12.db884a3c-c533-44b7-bb2d-47bec8ad4022</classRef>
                    <isList>false</isList>
                    <isInput>false</isInput>
                    <guid>guid:197d4ddc90fc5427:-1c619ffe:11def1582ed:-7a8a</guid>
                    <versionId>c530d59e-50ca-4f12-a1c4-6a5c7358a1ec</versionId>
                    <description isNull="true" />
                </parameterMapping>
            </TWComponent>
        </item>
        <item>
            <lastModified isNull="true" />
            <lastModifiedBy isNull="true" />
            <processItemId>2025.b88a9690-da6e-4825-9ec1-e9461cc1ff72</processItemId>
            <processId>1.13cc4635-1e1b-4165-9afa-6f411d4b4f62</processId>
            <name>Use Defaults If Necessary</name>
            <tWComponentName>Script</tWComponentName>
            <tWComponentId>3011.6d5c4fb2-177b-44a3-a309-faf6819b78ea</tWComponentId>
            <isLogEnabled>false</isLogEnabled>
            <isTraceEnabled>false</isTraceEnabled>
            <traceCategory isNull="true" />
            <traceLevel isNull="true" />
            <traceMessage isNull="true" />
            <traceSymbolTable isNull="true" />
            <isExecutionContextTraced>false</isExecutionContextTraced>
            <saveExecutionContext>false</saveExecutionContext>
            <documentation isNull="true" />
            <isErrorHandlerEnabled>false</isErrorHandlerEnabled>
            <errorHandlerItemId isNull="true" />
            <guid>guid:6d7d6833d25d646c:101acff:11228b8f1e8:-7ed4</guid>
            <versionId>f201c7bf-96b8-4491-9a0d-eb3901f90738</versionId>
            <layoutData x="285" y="86">
                <errorLink>
                    <controlPoints />
                    <showEndState>false</showEndState>
                    <showName>false</showName>
                </errorLink>
            </layoutData>
            <TWComponent>
                <lastModified isNull="true" />
                <lastModifiedBy isNull="true" />
                <scriptId>3011.6d5c4fb2-177b-44a3-a309-faf6819b78ea</scriptId>
                <scriptTypeId>2</scriptTypeId>
                <isActive>true</isActive>
                <script>function isNullOrEmpty(val) {
  return (val == null || val == "");
}
if (isNullOrEmpty(tw.local.smtpHost)) { tw.local.smtpHost = tw.local.m_smtpHost; }
if (isNullOrEmpty(tw.local.from)) { tw.local.from = tw.local.m_defaultFromAddress; }
if (isNullOrEmpty(tw.local.to)) { tw.local.to = tw.local.m_defaultFromAddress; }</script>
                <isRule>false</isRule>
                <guid>guid:197d4ddc90fc5427:-1c619ffe:11def1582ed:-7a86</guid>
                <versionId>117651cc-30b1-43d6-a03d-06afd8580d91</versionId>
            </TWComponent>
        </item>
        <startingProcessItemId>2025.c751f89f-2b49-43d1-9e9d-e432e369663a</startingProcessItemId>
        <errorHandlerItemId isNull="true" />
        <layoutData noConversion="true">
            <errorLink>
                <controlPoints />
                <showEndState>false</showEndState>
                <showName>false</showName>
            </errorLink>
        </layoutData>
        <startPoint>
            <layoutData x="20" y="100">
                <errorLink>
                    <controlPoints />
                    <showEndState>false</showEndState>
                    <showName>false</showName>
                </errorLink>
            </layoutData>
        </startPoint>
        <startLink>
            <fromPort locationId="rightCenter" portType="1" />
            <toPort locationId="leftCenter" portType="2" />
            <layoutData>
                <controlPoints />
                <showEndState>false</showEndState>
                <showName>false</showName>
            </layoutData>
        </startLink>
        <link name="Untitled">
            <lastModified isNull="true" />
            <lastModifiedBy isNull="true" />
            <processLinkId>2027.42821c6d-c68b-4f28-b0ca-08840a796a6b</processLinkId>
            <processId>1.13cc4635-1e1b-4165-9afa-6f411d4b4f62</processId>
            <description isNull="true" />
            <fromProcessItemId>2025.c751f89f-2b49-43d1-9e9d-e432e369663a</fromProcessItemId>
            <endStateId>guid:6d7d6833d25d646c:143c423:11226a15f86:-7ddf</endStateId>
            <toProcessItemId>2025.b88a9690-da6e-4825-9ec1-e9461cc1ff72</toProcessItemId>
            <guid>guid:197d4ddc90fc5427:-1c619ffe:11def1582ed:-7a82</guid>
            <versionId>13d8a438-7bb5-46ad-ad2b-420982be4c1d</versionId>
            <layoutData>
                <controlPoints />
                <showEndState>true</showEndState>
                <showName>false</showName>
            </layoutData>
            <fromItemPort locationId="rightCenter" portType="1" />
            <toItemPort locationId="leftCenter" portType="2" />
            <fromProcessItemId>2025.c751f89f-2b49-43d1-9e9d-e432e369663a</fromProcessItemId>
            <toProcessItemId>2025.b88a9690-da6e-4825-9ec1-e9461cc1ff72</toProcessItemId>
        </link>
        <link name="Untitled">
            <lastModified isNull="true" />
            <lastModifiedBy isNull="true" />
            <processLinkId>2027.f5f057a6-8cd0-4083-a01a-1ad11d0baa39</processLinkId>
            <processId>1.13cc4635-1e1b-4165-9afa-6f411d4b4f62</processId>
            <description isNull="true" />
            <fromProcessItemId>2025.c751f89f-2b49-43d1-9e9d-e432e369663a</fromProcessItemId>
            <endStateId>guid:6d7d6833d25d646c:143c423:11226a15f86:-7ddf</endStateId>
            <toProcessItemId>2025.b88a9690-da6e-4825-9ec1-e9461cc1ff72</toProcessItemId>
            <guid>guid:197d4ddc90fc5427:-1c619ffe:11def1582ed:-7a82</guid>
            <versionId>4da63996-a024-489c-8a31-032c2d1d6d06</versionId>
            <layoutData>
                <controlPoints />
                <showEndState>true</showEndState>
                <showName>false</showName>
            </layoutData>
            <fromItemPort locationId="rightCenter" portType="1" />
            <toItemPort locationId="leftCenter" portType="2" />
            <fromProcessItemId>2025.c751f89f-2b49-43d1-9e9d-e432e369663a</fromProcessItemId>
            <toProcessItemId>2025.b88a9690-da6e-4825-9ec1-e9461cc1ff72</toProcessItemId>
        </link>
        <link name="Untitled">
            <lastModified isNull="true" />
            <lastModifiedBy isNull="true" />
            <processLinkId>2027.78760243-0e7d-461a-92f3-b697e5b7f7ae</processLinkId>
            <processId>1.13cc4635-1e1b-4165-9afa-6f411d4b4f62</processId>
            <description isNull="true" />
            <fromProcessItemId>2025.b88a9690-da6e-4825-9ec1-e9461cc1ff72</fromProcessItemId>
            <endStateId>Out</endStateId>
            <toProcessItemId>2025.23926d8a-e98b-409f-8c7a-44cf5bd86ca5</toProcessItemId>
            <guid>guid:197d4ddc90fc5427:-1c619ffe:11def1582ed:-7a80</guid>
            <versionId>6328adcc-2956-428e-84b2-f5bd31e612ec</versionId>
            <layoutData>
                <controlPoints />
                <showEndState>false</showEndState>
                <showName>false</showName>
            </layoutData>
            <fromItemPort locationId="rightCenter" portType="1" />
            <toItemPort locationId="leftCenter" portType="2" />
            <fromProcessItemId>2025.b88a9690-da6e-4825-9ec1-e9461cc1ff72</fromProcessItemId>
            <toProcessItemId>2025.23926d8a-e98b-409f-8c7a-44cf5bd86ca5</toProcessItemId>
        </link>
        <link name="Untitled">
            <lastModified isNull="true" />
            <lastModifiedBy isNull="true" />
            <processLinkId>2027.6ac2eec3-a5dd-40b7-9660-9b11715a5068</processLinkId>
            <processId>1.13cc4635-1e1b-4165-9afa-6f411d4b4f62</processId>
            <description isNull="true" />
            <fromProcessItemId>2025.b88a9690-da6e-4825-9ec1-e9461cc1ff72</fromProcessItemId>
            <endStateId>Out</endStateId>
            <toProcessItemId>2025.23926d8a-e98b-409f-8c7a-44cf5bd86ca5</toProcessItemId>
            <guid>guid:197d4ddc90fc5427:-1c619ffe:11def1582ed:-7a80</guid>
            <versionId>7edbb3d4-2f49-4a22-ac95-7c7d39b9ec20</versionId>
            <layoutData>
                <controlPoints />
                <showEndState>false</showEndState>
                <showName>false</showName>
            </layoutData>
            <fromItemPort locationId="rightCenter" portType="1" />
            <toItemPort locationId="leftCenter" portType="2" />
            <fromProcessItemId>2025.b88a9690-da6e-4825-9ec1-e9461cc1ff72</fromProcessItemId>
            <toProcessItemId>2025.23926d8a-e98b-409f-8c7a-44cf5bd86ca5</toProcessItemId>
        </link>
        <link name="Untitled">
            <lastModified isNull="true" />
            <lastModifiedBy isNull="true" />
            <processLinkId>2027.0c83ee52-6363-4b8a-9843-cb956dafab9e</processLinkId>
            <processId>1.13cc4635-1e1b-4165-9afa-6f411d4b4f62</processId>
            <description isNull="true" />
            <fromProcessItemId>2025.23926d8a-e98b-409f-8c7a-44cf5bd86ca5</fromProcessItemId>
            <endStateId>guid:6d7d6833d25d646c:143c423:11226a15f86:-7d9f</endStateId>
            <toProcessItemId>2025.45d1f51b-8567-4d26-a9cb-538f42727725</toProcessItemId>
            <guid>guid:197d4ddc90fc5427:-1c619ffe:11def1582ed:-7a84</guid>
            <versionId>af5de50e-5017-47b7-8c1e-3921dbf4c376</versionId>
            <layoutData>
                <controlPoints />
                <showEndState>true</showEndState>
                <showName>false</showName>
            </layoutData>
            <fromItemPort locationId="rightCenter" portType="1" />
            <toItemPort locationId="leftCenter" portType="2" />
            <fromProcessItemId>2025.23926d8a-e98b-409f-8c7a-44cf5bd86ca5</fromProcessItemId>
            <toProcessItemId>2025.45d1f51b-8567-4d26-a9cb-538f42727725</toProcessItemId>
        </link>
        <link name="Untitled">
            <lastModified isNull="true" />
            <lastModifiedBy isNull="true" />
            <processLinkId>2027.0709c9b1-585b-474f-a7ee-3f435a5bf79e</processLinkId>
            <processId>1.13cc4635-1e1b-4165-9afa-6f411d4b4f62</processId>
            <description isNull="true" />
            <fromProcessItemId>2025.23926d8a-e98b-409f-8c7a-44cf5bd86ca5</fromProcessItemId>
            <endStateId>guid:6d7d6833d25d646c:143c423:11226a15f86:-7d9f</endStateId>
            <toProcessItemId>2025.45d1f51b-8567-4d26-a9cb-538f42727725</toProcessItemId>
            <guid>guid:197d4ddc90fc5427:-1c619ffe:11def1582ed:-7a84</guid>
            <versionId>b806b780-b14e-4720-8d47-eff96bc9aa8c</versionId>
            <layoutData>
                <controlPoints />
                <showEndState>true</showEndState>
                <showName>false</showName>
            </layoutData>
            <fromItemPort locationId="rightCenter" portType="1" />
            <toItemPort locationId="leftCenter" portType="2" />
            <fromProcessItemId>2025.23926d8a-e98b-409f-8c7a-44cf5bd86ca5</fromProcessItemId>
            <toProcessItemId>2025.45d1f51b-8567-4d26-a9cb-538f42727725</toProcessItemId>
        </link>
    </process>
</teamworks>

