<?xml version="1.0" encoding="UTF-8"?>
<teamworks>
    <process id="1.13cc4635-1e1b-4165-9afa-6f411d4b4f62" name="Email Send IBM BPM Email">
        <lastModified>1361372673512</lastModified>
        <lastModifiedBy>Internal TW Admin user</lastModifiedBy>
        <processId>1.13cc4635-1e1b-4165-9afa-6f411d4b4f62</processId>
        <image isNull="true" />
        <tabGroup isNull="true" />
        <startingProcessItemId>2025.c751f89f-2b49-43d1-9e9d-e432e369663a</startingProcessItemId>
        <isRootProcess>false</isRootProcess>
        <processType>4</processType>
        <isErrorHandlerEnabled>false</isErrorHandlerEnabled>
        <errorHandlerItemId isNull="true" />
        <isLoggingVariables>false</isLoggingVariables>
        <isTransactional>false</isTransactional>
        <processTimingLevel isNull="true" />
        <participantRef isNull="true" />
        <exposedType isNull="true" />
        <isTrackingEnabled>true</isTrackingEnabled>
        <xmlData isNull="true" />
        <cachingType>false</cachingType>
        <itemLabel isNull="true" />
        <cacheLength>43200</cacheLength>
        <mobileReady>false</mobileReady>
        <sboSyncEnabled>true</sboSyncEnabled>
        <externalId isNull="true" />
        <isSecured>false</isSecured>
        <description isNull="true" />
        <guid>guid:6d7d6833d25d646c:143c423:11226a15f86:-7d8c</guid>
        <versionId>9f47aebf-4381-4ed1-85e3-c9210841c641</versionId>
        <dependencySummary isNull="true" />
        <processParameter name="to">
            <lastModified isNull="true" />
            <lastModifiedBy isNull="true" />
            <processParameterId>2055.e4a8f4de-e03d-4a22-aac3-ced21eeb6f26</processParameterId>
            <processId>1.13cc4635-1e1b-4165-9afa-6f411d4b4f62</processId>
            <parameterType>1</parameterType>
            <isArrayOf>false</isArrayOf>
            <classId>/12.db884a3c-c533-44b7-bb2d-47bec8ad4022</classId>
            <seq>1</seq>
            <hasDefault>false</hasDefault>
            <defaultValue isNull="true" />
            <isLocked>false</isLocked>
            <description isNull="true" />
            <guid>guid:197d4ddc90fc5427:-1c619ffe:11def1582ed:-7ad5</guid>
            <versionId>01620761-2335-41df-ba6d-49b35a1c94d6</versionId>
        </processParameter>
        <processParameter name="from">
            <lastModified isNull="true" />
            <lastModifiedBy isNull="true" />
            <processParameterId>2055.51fca2c0-8a77-45f5-9e68-542b26e07ea3</processParameterId>
            <processId>1.13cc4635-1e1b-4165-9afa-6f411d4b4f62</processId>
            <parameterType>1</parameterType>
            <isArrayOf>false</isArrayOf>
            <classId>/12.db884a3c-c533-44b7-bb2d-47bec8ad4022</classId>
            <seq>2</seq>
            <hasDefault>false</hasDefault>
            <defaultValue isNull="true" />
            <isLocked>false</isLocked>
            <description isNull="true" />
            <guid>guid:197d4ddc90fc5427:-1c619ffe:11def1582ed:-7ad3</guid>
            <versionId>a92509f8-d22d-4996-8ec1-3ce51cbd63bc</versionId>
        </processParameter>
        <processParameter name="subject">
            <lastModified isNull="true" />
            <lastModifiedBy isNull="true" />
            <processParameterId>2055.bb90bf7b-d066-47c7-96fd-1b8984a5246d</processParameterId>
            <processId>1.13cc4635-1e1b-4165-9afa-6f411d4b4f62</processId>
            <parameterType>1</parameterType>
            <isArrayOf>false</isArrayOf>
            <classId>/12.db884a3c-c533-44b7-bb2d-47bec8ad4022</classId>
            <seq>3</seq>
            <hasDefault>false</hasDefault>
            <defaultValue isNull="true" />
            <isLocked>false</isLocked>
            <description isNull="true" />
            <guid>guid:197d4ddc90fc5427:-1c619ffe:11def1582ed:-7ad1</guid>
            <versionId>d13ccf82-bb4b-403b-b987-a3ccbe9ae460</versionId>
        </processParameter>
        <processParameter name="messageText">
            <lastModified isNull="true" />
            <lastModifiedBy isNull="true" />
            <processParameterId>2055.e8912baa-d516-4758-be53-20c3d6c61326</processParameterId>
            <processId>1.13cc4635-1e1b-4165-9afa-6f411d4b4f62</processId>
            <parameterType>1</parameterType>
            <isArrayOf>false</isArrayOf>
            <classId>/12.db884a3c-c533-44b7-bb2d-47bec8ad4022</classId>
            <seq>4</seq>
            <hasDefault>false</hasDefault>
            <defaultValue isNull="true" />
            <isLocked>false</isLocked>
            <description isNull="true" />
            <guid>guid:197d4ddc90fc5427:-1c619ffe:11def1582ed:-7acf</guid>
            <versionId>d323bccd-ba50-46be-a8c4-7e948ce28a58</versionId>
        </processParameter>
        <processParameter name="contentType">
            <lastModified isNull="true" />
            <lastModifiedBy isNull="true" />
            <processParameterId>2055.3e811662-d427-4537-b2f6-fa9907d9677c</processParameterId>
            <processId>1.13cc4635-1e1b-4165-9afa-6f411d4b4f62</processId>
            <parameterType>1</parameterType>
            <isArrayOf>false</isArrayOf>
            <classId>/12.db884a3c-c533-44b7-bb2d-47bec8ad4022</classId>
            <seq>5</seq>
            <hasDefault>true</hasDefault>
            <defaultValue>"text/html"</defaultValue>
            <isLocked>false</isLocked>
            <description>text/plain text/html</description>
            <guid>guid:197d4ddc90fc5427:-1c619ffe:11def1582ed:-7acd</guid>
            <versionId>afcb3439-d3b1-4e8c-8577-1fec84259c26</versionId>
        </processParameter>
        <processParameter name="smtpHost">
            <lastModified isNull="true" />
            <lastModifiedBy isNull="true" />
            <processParameterId>2055.941ed838-3fbe-42f5-b8b4-57064fc0f743</processParameterId>
            <processId>1.13cc4635-1e1b-4165-9afa-6f411d4b4f62</processId>
            <parameterType>1</parameterType>
            <isArrayOf>false</isArrayOf>
            <classId>/12.db884a3c-c533-44b7-bb2d-47bec8ad4022</classId>
            <seq>6</seq>
            <hasDefault>true</hasDefault>
            <defaultValue>null</defaultValue>
            <isLocked>false</isLocked>
            <description isNull="true" />
            <guid>guid:197d4ddc90fc5427:-1c619ffe:11def1582ed:-7acb</guid>
            <versionId>61029c55-a352-48b2-bf17-450aad36c820</versionId>
        </processParameter>
        <processParameter name="cc">
            <lastModified isNull="true" />
            <lastModifiedBy isNull="true" />
            <processParameterId>2055.50e8c0fd-6bc1-4da9-9cb2-d084644dd6de</processParameterId>
            <processId>1.13cc4635-1e1b-4165-9afa-6f411d4b4f62</processId>
            <parameterType>1</parameterType>
            <isArrayOf>false</isArrayOf>
            <classId>/12.db884a3c-c533-44b7-bb2d-47bec8ad4022</classId>
            <seq>7</seq>
            <hasDefault>true</hasDefault>
            <defaultValue>null</defaultValue>
            <isLocked>false</isLocked>
            <description isNull="true" />
            <guid>guid:197d4ddc90fc5427:-1c619ffe:11def1582ed:-7ac9</guid>
            <versionId>2bad6c6b-f848-4d2a-8189-b2fd2fd37764</versionId>
        </processParameter>
        <processParameter name="bcc">
            <lastModified isNull="true" />
            <lastModifiedBy isNull="true" />
            <processParameterId>2055.7190c535-7820-4319-9b19-3bd1bfb74112</processParameterId>
            <processId>1.13cc4635-1e1b-4165-9afa-6f411d4b4f62</processId>
            <parameterType>1</parameterType>
            <isArrayOf>false</isArrayOf>
            <classId>/12.db884a3c-c533-44b7-bb2d-47bec8ad4022</classId>
            <seq>8</seq>
            <hasDefault>true</hasDefault>
            <defaultValue>null</defaultValue>
            <isLocked>false</isLocked>
            <description isNull="true" />
            <guid>guid:197d4ddc90fc5427:-1c619ffe:11def1582ed:-7ac7</guid>
            <versionId>03dd7050-d383-461f-b822-3e3d29f04a67</versionId>
        </processParameter>
        <processParameter name="replyTo">
            <lastModified isNull="true" />
            <lastModifiedBy isNull="true" />
            <processParameterId>2055.406ae771-5c04-4a03-9860-7a5d51f80757</processParameterId>
            <processId>1.13cc4635-1e1b-4165-9afa-6f411d4b4f62</processId>
            <parameterType>1</parameterType>
            <isArrayOf>false</isArrayOf>
            <classId>/12.db884a3c-c533-44b7-bb2d-47bec8ad4022</classId>
            <seq>9</seq>
            <hasDefault>true</hasDefault>
            <defaultValue>null</defaultValue>
            <isLocked>false</isLocked>
            <description isNull="true" />
            <guid>guid:197d4ddc90fc5427:-1c619ffe:11def1582ed:-7ac5</guid>
            <versionId>3b61df19-35eb-4a80-9c82-d5634bb32843</versionId>
        </processParameter>
        <processParameter name="importance">
            <lastModified isNull="true" />
            <lastModifiedBy isNull="true" />
            <processParameterId>2055.39892d28-b0cb-4907-a4cc-ceae9d67bd8f</processParameterId>
            <processId>1.13cc4635-1e1b-4165-9afa-6f411d4b4f62</processId>
            <parameterType>1</parameterType>
            <isArrayOf>false</isArrayOf>
            <classId>/12.db884a3c-c533-44b7-bb2d-47bec8ad4022</classId>
            <seq>10</seq>
            <hasDefault>true</hasDefault>
            <defaultValue>null</defaultValue>
            <isLocked>false</isLocked>
            <description isNull="true" />
            <guid>guid:197d4ddc90fc5427:-1c619ffe:11def1582ed:-7ac3</guid>
            <versionId>a64f6819-9f2a-48cc-ae6f-65b745aff69e</versionId>
        </processParameter>
        <processParameter name="attachmentFileNames">
            <lastModified isNull="true" />
            <lastModifiedBy isNull="true" />
            <processParameterId>2055.5309394e-b0d6-44c1-83be-be3b5b9ba8b1</processParameterId>
            <processId>1.13cc4635-1e1b-4165-9afa-6f411d4b4f62</processId>
            <parameterType>1</parameterType>
            <isArrayOf>false</isArrayOf>
            <classId>/12.db884a3c-c533-44b7-bb2d-47bec8ad4022</classId>
            <seq>11</seq>
            <hasDefault>true</hasDefault>
            <defaultValue>null</defaultValue>
            <isLocked>false</isLocked>
            <description isNull="true" />
            <guid>guid:197d4ddc90fc5427:-1c619ffe:11def1582ed:-7ac1</guid>
            <versionId>650b96be-2885-4d09-a632-9cae5f713479</versionId>
        </processParameter>
        <processVariable name="m_smtpHost">
            <lastModified isNull="true" />
            <lastModifiedBy isNull="true" />
            <processVariableId>2056.2826c6bd-e14a-4cc3-8c02-7086d8fe6e24</processVariableId>
            <description isNull="true" />
            <processId>1.13cc4635-1e1b-4165-9afa-6f411d4b4f62</processId>
            <namespace>2</namespace>
            <seq>1</seq>
            <isArrayOf>false</isArrayOf>
            <classId>/12.db884a3c-c533-44b7-bb2d-47bec8ad4022</classId>
            <hasDefault>false</hasDefault>
            <defaultValue isNull="true" />
            <guid>guid:197d4ddc90fc5427:-1c619ffe:11def1582ed:-7abb</guid>
            <versionId>74f44c2b-6653-4d17-acd9-089503f35ea4</versionId>
        </processVariable>
        <processVariable name="m_defaultFromAddress">
            <lastModified isNull="true" />
            <lastModifiedBy isNull="true" />
            <processVariableId>2056.be62054d-4397-4aa7-a99e-9f4670011f4a</processVariableId>
            <description isNull="true" />
            <processId>1.13cc4635-1e1b-4165-9afa-6f411d4b4f62</processId>
            <namespace>2</namespace>
            <seq>2</seq>
            <isArrayOf>false</isArrayOf>
            <classId>/12.db884a3c-c533-44b7-bb2d-47bec8ad4022</classId>
            <hasDefault>false</hasDefault>
            <defaultValue isNull="true" />
            <guid>guid:197d4ddc90fc5427:-1c619ffe:11def1582ed:-7ab9</guid>
            <versionId>d4bed91a-137a-4d16-abd9-cd16b6b4861b</versionId>
        </processVariable>
        <item>
            <lastModified isNull="true" />
            <lastModifiedBy isNull="true" />
            <processItemId>2025.b88a9690-da6e-4825-9ec1-e9461cc1ff72</processItemId>
            <processId>1.13cc4635-1e1b-4165-9afa-6f411d4b4f62</processId>
            <name>Use Defaults If Necessary</name>
            <tWComponentName>Script</tWComponentName>
            <tWComponentId>3011.b77d5f1f-0bc5-402d-8388-a9e586057fed</tWComponentId>
            <isLogEnabled>false</isLogEnabled>
            <isTraceEnabled>false</isTraceEnabled>
            <traceCategory isNull="true" />
            <traceLevel isNull="true" />
            <traceMessage isNull="true" />
            <traceSymbolTable isNull="true" />
            <isExecutionContextTraced>false</isExecutionContextTraced>
            <saveExecutionContext>false</saveExecutionContext>
            <documentation isNull="true" />
            <isErrorHandlerEnabled>false</isErrorHandlerEnabled>
            <errorHandlerItemId isNull="true" />
            <guid>guid:6d7d6833d25d646c:101acff:11228b8f1e8:-7ed4</guid>
            <versionId>2ebea706-f19b-4415-9f44-91bc444fbfb4</versionId>
            <layoutData x="285" y="86">
                <errorLink>
                    <controlPoints />
                    <showEndState>false</showEndState>
                    <showName>false</showName>
                </errorLink>
            </layoutData>
            <TWComponent>
                <lastModified isNull="true" />
                <lastModifiedBy isNull="true" />
                <scriptId>3011.b77d5f1f-0bc5-402d-8388-a9e586057fed</scriptId>
                <scriptTypeId>2</scriptTypeId>
                <isActive>true</isActive>
                <script>function isNullOrEmpty(val) {
  return (val == null || val == "");
}
if (isNullOrEmpty(tw.local.smtpHost)) { tw.local.smtpHost = tw.local.m_smtpHost; }
if (isNullOrEmpty(tw.local.from)) { tw.local.from = tw.local.m_defaultFromAddress; }
if (isNullOrEmpty(tw.local.to)) { tw.local.to = tw.local.m_defaultFromAddress; }</script>
                <isRule>false</isRule>
                <guid>guid:197d4ddc90fc5427:-1c619ffe:11def1582ed:-7a86</guid>
                <versionId>fdbb1f10-d0a8-4363-a338-87c6ec290204</versionId>
            </TWComponent>
        </item>
        <item>
            <lastModified isNull="true" />
            <lastModifiedBy isNull="true" />
            <processItemId>2025.23926d8a-e98b-409f-8c7a-44cf5bd86ca5</processItemId>
            <processId>1.13cc4635-1e1b-4165-9afa-6f411d4b4f62</processId>
            <name>lsw SMTP Send Email</name>
            <tWComponentName>SubProcess</tWComponentName>
            <tWComponentId>3012.dba85840-9179-42f7-a0bb-b739da2462fc</tWComponentId>
            <isLogEnabled>false</isLogEnabled>
            <isTraceEnabled>false</isTraceEnabled>
            <traceCategory isNull="true" />
            <traceLevel isNull="true" />
            <traceMessage isNull="true" />
            <traceSymbolTable isNull="true" />
            <isExecutionContextTraced>false</isExecutionContextTraced>
            <saveExecutionContext>false</saveExecutionContext>
            <documentation isNull="true" />
            <isErrorHandlerEnabled>false</isErrorHandlerEnabled>
            <errorHandlerItemId isNull="true" />
            <guid>guid:6d7d6833d25d646c:143c423:11226a15f86:-7d84</guid>
            <versionId>b05fa7df-c55e-451c-8cbd-675761416973</versionId>
            <layoutData x="434" y="86">
                <errorLink>
                    <controlPoints />
                    <showEndState>false</showEndState>
                    <showName>false</showName>
                </errorLink>
            </layoutData>
            <TWComponent>
                <lastModified isNull="true" />
                <lastModifiedBy isNull="true" />
                <subProcessId>3012.dba85840-9179-42f7-a0bb-b739da2462fc</subProcessId>
                <attachedProcessRef>/1.9139023c-2d6d-4809-becb-b10a64f45dce</attachedProcessRef>
                <guid>guid:197d4ddc90fc5427:-1c619ffe:11def1582ed:-7ab5</guid>
                <versionId>5cd615fe-6bda-4f5d-9779-508b58beff7d</versionId>
                <parameterMapping name="subject">
                    <lastModified isNull="true" />
                    <lastModifiedBy isNull="true" />
                    <parameterMappingId>2054.7b41e26e-0f47-421c-b2fc-c080351eec44</parameterMappingId>
                    <processParameterId>2055.5fadfc5c-39cc-4dd1-96b4-b051273d4b32</processParameterId>
                    <parameterMappingParentId>3012.dba85840-9179-42f7-a0bb-b739da2462fc</parameterMappingParentId>
                    <useDefault>false</useDefault>
                    <value>tw.local.subject</value>
                    <classRef>/12.db884a3c-c533-44b7-bb2d-47bec8ad4022</classRef>
                    <isList>false</isList>
                    <isInput>true</isInput>
                    <guid>guid:197d4ddc90fc5427:-1c619ffe:11def1582ed:-7a9b</guid>
                    <versionId>2e57c4c7-aa47-4505-a2e7-821233a61064</versionId>
                    <description isNull="true" />
                </parameterMapping>
                <parameterMapping name="cc">
                    <lastModified isNull="true" />
                    <lastModifiedBy isNull="true" />
                    <parameterMappingId>2054.c61f900a-8752-432c-aba9-485e0e8944d9</parameterMappingId>
                    <processParameterId>2055.2724b942-ea01-4acf-aabc-391eb18c2770</processParameterId>
                    <parameterMappingParentId>3012.dba85840-9179-42f7-a0bb-b739da2462fc</parameterMappingParentId>
                    <useDefault>false</useDefault>
                    <value>tw.local.cc</value>
                    <classRef>/12.db884a3c-c533-44b7-bb2d-47bec8ad4022</classRef>
                    <isList>false</isList>
                    <isInput>true</isInput>
                    <guid>guid:197d4ddc90fc5427:-1c619ffe:11def1582ed:-7a97</guid>
                    <versionId>3e2ac245-52b0-445a-bd77-61ff9dd1f1e3</versionId>
                    <description isNull="true" />
                </parameterMapping>
                <parameterMapping name="messageText">
                    <lastModified isNull="true" />
                    <lastModifiedBy isNull="true" />
                    <parameterMappingId>2054.966c24b3-1a8b-428c-8452-4a8b4e707a7a</parameterMappingId>
                    <processParameterId>2055.b8da176e-8ecf-4b15-ab8f-23984776059e</processParameterId>
                    <parameterMappingParentId>3012.dba85840-9179-42f7-a0bb-b739da2462fc</parameterMappingParentId>
                    <useDefault>false</useDefault>
                    <value>tw.local.messageText</value>
                    <classRef>/12.db884a3c-c533-44b7-bb2d-47bec8ad4022</classRef>
                    <isList>false</isList>
                    <isInput>true</isInput>
                    <guid>guid:197d4ddc90fc5427:-1c619ffe:11def1582ed:-7a9a</guid>
                    <versionId>4d773461-4e61-42ba-8708-abfe5da84b72</versionId>
                    <description isNull="true" />
                </parameterMapping>
                <parameterMapping name="contentType">
                    <lastModified isNull="true" />
                    <lastModifiedBy isNull="true" />
                    <parameterMappingId>2054.d1c023a0-a4b2-454f-a382-e7b56e29b52d</parameterMappingId>
                    <processParameterId>2055.9ded0b56-4df9-430a-9241-0ab36e00741c</processParameterId>
                    <parameterMappingParentId>3012.dba85840-9179-42f7-a0bb-b739da2462fc</parameterMappingParentId>
                    <useDefault>false</useDefault>
                    <value>tw.local.contentType</value>
                    <classRef>/12.db884a3c-c533-44b7-bb2d-47bec8ad4022</classRef>
                    <isList>false</isList>
                    <isInput>true</isInput>
                    <guid>guid:197d4ddc90fc5427:-1c619ffe:11def1582ed:-7a99</guid>
                    <versionId>506f1d89-1325-46e5-a79d-1aa073293991</versionId>
                    <description isNull="true" />
                </parameterMapping>
                <parameterMapping name="from">
                    <lastModified isNull="true" />
                    <lastModifiedBy isNull="true" />
                    <parameterMappingId>2054.af4d97cd-9fd6-47bd-95c3-94ec1ac9a6c8</parameterMappingId>
                    <processParameterId>2055.3d2c8c31-083e-4668-832c-c59482ee1a19</processParameterId>
                    <parameterMappingParentId>3012.dba85840-9179-42f7-a0bb-b739da2462fc</parameterMappingParentId>
                    <useDefault>false</useDefault>
                    <value>tw.local.from</value>
                    <classRef>/12.db884a3c-c533-44b7-bb2d-47bec8ad4022</classRef>
                    <isList>false</isList>
                    <isInput>true</isInput>
                    <guid>guid:197d4ddc90fc5427:-1c619ffe:11def1582ed:-7a9c</guid>
                    <versionId>59204045-03ba-457e-ac36-78049e462ae4</versionId>
                    <description isNull="true" />
                </parameterMapping>
                <parameterMapping name="bcc">
                    <lastModified isNull="true" />
                    <lastModifiedBy isNull="true" />
                    <parameterMappingId>2054.aaa69ead-429c-41c2-811c-f3b2dbd05663</parameterMappingId>
                    <processParameterId>2055.c899c0dd-0733-4c1f-8fb1-3bfc234ba5e4</processParameterId>
                    <parameterMappingParentId>3012.dba85840-9179-42f7-a0bb-b739da2462fc</parameterMappingParentId>
                    <useDefault>false</useDefault>
                    <value>tw.local.bcc</value>
                    <classRef>/12.db884a3c-c533-44b7-bb2d-47bec8ad4022</classRef>
                    <isList>false</isList>
                    <isInput>true</isInput>
                    <guid>guid:197d4ddc90fc5427:-1c619ffe:11def1582ed:-7a96</guid>
                    <versionId>6e3a6c1d-0698-4003-bb7a-974904e379a9</versionId>
                    <description isNull="true" />
                </parameterMapping>
                <parameterMapping name="to">
                    <lastModified isNull="true" />
                    <lastModifiedBy isNull="true" />
                    <parameterMappingId>2054.69c2b31f-7528-47de-a2b5-a47832806c97</parameterMappingId>
                    <processParameterId>2055.5daf4c0c-975e-4110-90bf-2a5968903b20</processParameterId>
                    <parameterMappingParentId>3012.dba85840-9179-42f7-a0bb-b739da2462fc</parameterMappingParentId>
                    <useDefault>false</useDefault>
                    <value>tw.local.to</value>
                    <classRef>/12.db884a3c-c533-44b7-bb2d-47bec8ad4022</classRef>
                    <isList>false</isList>
                    <isInput>true</isInput>
                    <guid>guid:197d4ddc90fc5427:-1c619ffe:11def1582ed:-7a9d</guid>
                    <versionId>6fe6b06d-0255-4df1-a4e9-a8edfabf07ce</versionId>
                    <description isNull="true" />
                </parameterMapping>
                <parameterMapping name="smtpHost">
                    <lastModified isNull="true" />
                    <lastModifiedBy isNull="true" />
                    <parameterMappingId>2054.1c8229ad-ac52-42c2-b717-51387bd7f320</parameterMappingId>
                    <processParameterId>2055.d36b25d4-f4e6-4938-bfbb-2b3fd4335d85</processParameterId>
                    <parameterMappingParentId>3012.dba85840-9179-42f7-a0bb-b739da2462fc</parameterMappingParentId>
                    <useDefault>false</useDefault>
                    <value>tw.local.smtpHost</value>
                    <classRef>/12.db884a3c-c533-44b7-bb2d-47bec8ad4022</classRef>
                    <isList>false</isList>
                    <isInput>true</isInput>
                    <guid>guid:197d4ddc90fc5427:-1c619ffe:11def1582ed:-7a9e</guid>
                    <versionId>ca06facb-b719-4212-ba92-077f0d0e0811</versionId>
                    <description isNull="true" />
                </parameterMapping>
                <parameterMapping name="replyTo">
                    <lastModified isNull="true" />
                    <lastModifiedBy isNull="true" />
                    <parameterMappingId>2054.3f5dbfa6-d9eb-41d8-b3b4-4c0c8502b0c7</parameterMappingId>
                    <processParameterId>2055.0073bba2-48c9-42b5-a581-d8dfc3f37dc1</processParameterId>
                    <parameterMappingParentId>3012.dba85840-9179-42f7-a0bb-b739da2462fc</parameterMappingParentId>
                    <useDefault>false</useDefault>
                    <value>tw.local.replyTo</value>
                    <classRef>/12.db884a3c-c533-44b7-bb2d-47bec8ad4022</classRef>
                    <isList>false</isList>
                    <isInput>true</isInput>
                    <guid>guid:197d4ddc90fc5427:-1c619ffe:11def1582ed:-7a98</guid>
                    <versionId>cbb1acde-db3c-49ad-9dc9-45290bc694b1</versionId>
                    <description isNull="true" />
                </parameterMapping>
                <parameterMapping name="attachmentFileNames">
                    <lastModified isNull="true" />
                    <lastModifiedBy isNull="true" />
                    <parameterMappingId>2054.500d4be0-946b-4c80-996c-837e6df0c16d</parameterMappingId>
                    <processParameterId>2055.65d24aa0-b699-4d77-bb5a-49c91876a45f</processParameterId>
                    <parameterMappingParentId>3012.dba85840-9179-42f7-a0bb-b739da2462fc</parameterMappingParentId>
                    <useDefault>false</useDefault>
                    <value>tw.local.attachmentFileNames</value>
                    <classRef>/12.db884a3c-c533-44b7-bb2d-47bec8ad4022</classRef>
                    <isList>false</isList>
                    <isInput>true</isInput>
                    <guid>guid:197d4ddc90fc5427:-1c619ffe:11def1582ed:-7a94</guid>
                    <versionId>e32f11d8-7a84-42a2-8005-2f78f3aa9f56</versionId>
                    <description isNull="true" />
                </parameterMapping>
                <parameterMapping name="importance">
                    <lastModified isNull="true" />
                    <lastModifiedBy isNull="true" />
                    <parameterMappingId>2054.a2c39753-33dc-4d8c-a6f9-aa9382249d5e</parameterMappingId>
                    <processParameterId>2055.cfd54346-7a28-4a4e-88bd-e79e63c28c08</processParameterId>
                    <parameterMappingParentId>3012.dba85840-9179-42f7-a0bb-b739da2462fc</parameterMappingParentId>
                    <useDefault>false</useDefault>
                    <value>tw.local.importance</value>
                    <classRef>/12.db884a3c-c533-44b7-bb2d-47bec8ad4022</classRef>
                    <isList>false</isList>
                    <isInput>true</isInput>
                    <guid>guid:197d4ddc90fc5427:-1c619ffe:11def1582ed:-7a95</guid>
                    <versionId>e45cbad8-0910-44e2-a844-52026ef3cfc6</versionId>
                    <description isNull="true" />
                </parameterMapping>
            </TWComponent>
        </item>
        <item>
            <lastModified isNull="true" />
            <lastModifiedBy isNull="true" />
            <processItemId>2025.45d1f51b-8567-4d26-a9cb-538f42727725</processItemId>
            <processId>1.13cc4635-1e1b-4165-9afa-6f411d4b4f62</processId>
            <name>End</name>
            <tWComponentName>ExitPoint</tWComponentName>
            <tWComponentId>3008.483c2073-4394-4446-9f7d-c75719d196f7</tWComponentId>
            <isLogEnabled>false</isLogEnabled>
            <isTraceEnabled>false</isTraceEnabled>
            <traceCategory isNull="true" />
            <traceLevel isNull="true" />
            <traceMessage isNull="true" />
            <traceSymbolTable isNull="true" />
            <isExecutionContextTraced>false</isExecutionContextTraced>
            <saveExecutionContext>true</saveExecutionContext>
            <documentation isNull="true" />
            <isErrorHandlerEnabled>false</isErrorHandlerEnabled>
            <errorHandlerItemId isNull="true" />
            <guid>guid:6d7d6833d25d646c:143c423:11226a15f86:-7d8b</guid>
            <versionId>c9472ed5-9758-478d-a50a-f3d9c9bca8f7</versionId>
            <layoutData x="609" y="100">
                <errorLink>
                    <controlPoints />
                    <showEndState>false</showEndState>
                    <showName>false</showName>
                </errorLink>
            </layoutData>
            <TWComponent>
                <lastModified isNull="true" />
                <lastModifiedBy isNull="true" />
                <exitPointId>3008.483c2073-4394-4446-9f7d-c75719d196f7</exitPointId>
                <haltProcess>false</haltProcess>
                <guid>guid:197d4ddc90fc5427:-1c619ffe:11def1582ed:-7abd</guid>
                <versionId>dca493b2-4726-490b-9cf3-a508fabdb2b7</versionId>
            </TWComponent>
        </item>
        <item>
            <lastModified isNull="true" />
            <lastModifiedBy isNull="true" />
            <processItemId>2025.c751f89f-2b49-43d1-9e9d-e432e369663a</processItemId>
            <processId>1.13cc4635-1e1b-4165-9afa-6f411d4b4f62</processId>
            <name>Get Email Env Defaults</name>
            <tWComponentName>SubProcess</tWComponentName>
            <tWComponentId>3012.7896a7fc-1162-41a8-b727-7942229108c9</tWComponentId>
            <isLogEnabled>false</isLogEnabled>
            <isTraceEnabled>false</isTraceEnabled>
            <traceCategory isNull="true" />
            <traceLevel isNull="true" />
            <traceMessage isNull="true" />
            <traceSymbolTable isNull="true" />
            <isExecutionContextTraced>false</isExecutionContextTraced>
            <saveExecutionContext>false</saveExecutionContext>
            <documentation isNull="true" />
            <isErrorHandlerEnabled>false</isErrorHandlerEnabled>
            <errorHandlerItemId isNull="true" />
            <guid>guid:6d7d6833d25d646c:143c423:11226a15f86:-7d70</guid>
            <versionId>f94f481a-380b-4943-be2c-7209b69cfa54</versionId>
            <layoutData x="120" y="85">
                <errorLink>
                    <controlPoints />
                    <showEndState>false</showEndState>
                    <showName>false</showName>
                </errorLink>
            </layoutData>
            <TWComponent>
                <lastModified isNull="true" />
                <lastModifiedBy isNull="true" />
                <subProcessId>3012.7896a7fc-1162-41a8-b727-7942229108c9</subProcessId>
                <attachedProcessRef>/1.08fb5950-1ab1-4a11-82d4-07a1913561a1</attachedProcessRef>
                <guid>guid:197d4ddc90fc5427:-1c619ffe:11def1582ed:-7a90</guid>
                <versionId>cca0264f-92d0-4c08-81ee-8199875049b5</versionId>
                <parameterMapping name="smtpHost">
                    <lastModified isNull="true" />
                    <lastModifiedBy isNull="true" />
                    <parameterMappingId>2054.535f2537-2bb5-487e-bf9c-c028a00f9b4d</parameterMappingId>
                    <processParameterId>2055.5823fb4e-75c4-4356-8da1-44a7da322d3d</processParameterId>
                    <parameterMappingParentId>3012.7896a7fc-1162-41a8-b727-7942229108c9</parameterMappingParentId>
                    <useDefault>false</useDefault>
                    <value>tw.local.m_smtpHost</value>
                    <classRef>/12.db884a3c-c533-44b7-bb2d-47bec8ad4022</classRef>
                    <isList>false</isList>
                    <isInput>false</isInput>
                    <guid>guid:197d4ddc90fc5427:-1c619ffe:11def1582ed:-7a8b</guid>
                    <versionId>624dc816-0595-4f84-9881-088b69b91d86</versionId>
                    <description isNull="true" />
                </parameterMapping>
                <parameterMapping name="defaultFromAddress">
                    <lastModified isNull="true" />
                    <lastModifiedBy isNull="true" />
                    <parameterMappingId>2054.80226038-25ff-4cf7-904b-cdb7fc16efa1</parameterMappingId>
                    <processParameterId>2055.d6c03d04-afba-4574-bec6-285f02dde6fa</processParameterId>
                    <parameterMappingParentId>3012.7896a7fc-1162-41a8-b727-7942229108c9</parameterMappingParentId>
                    <useDefault>true</useDefault>
                    <value>tw.local.m_defaultFromAddress</value>
                    <classRef>/12.db884a3c-c533-44b7-bb2d-47bec8ad4022</classRef>
                    <isList>false</isList>
                    <isInput>false</isInput>
                    <guid>guid:197d4ddc90fc5427:-1c619ffe:11def1582ed:-7a8a</guid>
                    <versionId>81adaa84-8493-4c5f-97bf-89adfb660291</versionId>
                    <description isNull="true" />
                </parameterMapping>
            </TWComponent>
        </item>
        <startingProcessItemId>2025.c751f89f-2b49-43d1-9e9d-e432e369663a</startingProcessItemId>
        <errorHandlerItemId isNull="true" />
        <layoutData noConversion="true">
            <errorLink>
                <controlPoints />
                <showEndState>false</showEndState>
                <showName>false</showName>
            </errorLink>
        </layoutData>
        <startPoint>
            <layoutData x="20" y="100">
                <errorLink>
                    <controlPoints />
                    <showEndState>false</showEndState>
                    <showName>false</showName>
                </errorLink>
            </layoutData>
        </startPoint>
        <startLink>
            <fromPort locationId="rightCenter" portType="1" />
            <toPort locationId="leftCenter" portType="2" />
            <layoutData>
                <controlPoints />
                <showEndState>false</showEndState>
                <showName>false</showName>
            </layoutData>
        </startLink>
        <link name="Untitled">
            <lastModified isNull="true" />
            <lastModifiedBy isNull="true" />
            <processLinkId>2027.78760243-0e7d-461a-92f3-b697e5b7f7ae</processLinkId>
            <processId>1.13cc4635-1e1b-4165-9afa-6f411d4b4f62</processId>
            <description isNull="true" />
            <fromProcessItemId>2025.b88a9690-da6e-4825-9ec1-e9461cc1ff72</fromProcessItemId>
            <endStateId>Out</endStateId>
            <toProcessItemId>2025.23926d8a-e98b-409f-8c7a-44cf5bd86ca5</toProcessItemId>
            <guid>guid:197d4ddc90fc5427:-1c619ffe:11def1582ed:-7a80</guid>
            <versionId>0082fdfe-6765-43fc-a329-9027c553733a</versionId>
            <layoutData>
                <controlPoints />
                <showEndState>false</showEndState>
                <showName>false</showName>
            </layoutData>
            <fromItemPort locationId="rightCenter" portType="1" />
            <toItemPort locationId="leftCenter" portType="2" />
            <fromProcessItemId>2025.b88a9690-da6e-4825-9ec1-e9461cc1ff72</fromProcessItemId>
            <toProcessItemId>2025.23926d8a-e98b-409f-8c7a-44cf5bd86ca5</toProcessItemId>
        </link>
        <link name="Untitled">
            <lastModified isNull="true" />
            <lastModifiedBy isNull="true" />
            <processLinkId>2027.f5f057a6-8cd0-4083-a01a-1ad11d0baa39</processLinkId>
            <processId>1.13cc4635-1e1b-4165-9afa-6f411d4b4f62</processId>
            <description isNull="true" />
            <fromProcessItemId>2025.c751f89f-2b49-43d1-9e9d-e432e369663a</fromProcessItemId>
            <endStateId>guid:6d7d6833d25d646c:143c423:11226a15f86:-7ddf</endStateId>
            <toProcessItemId>2025.b88a9690-da6e-4825-9ec1-e9461cc1ff72</toProcessItemId>
            <guid>guid:197d4ddc90fc5427:-1c619ffe:11def1582ed:-7a82</guid>
            <versionId>3aa85ea4-8d5d-4ab8-916c-7e4032dce1bf</versionId>
            <layoutData>
                <controlPoints />
                <showEndState>true</showEndState>
                <showName>false</showName>
            </layoutData>
            <fromItemPort locationId="rightCenter" portType="1" />
            <toItemPort locationId="leftCenter" portType="2" />
            <fromProcessItemId>2025.c751f89f-2b49-43d1-9e9d-e432e369663a</fromProcessItemId>
            <toProcessItemId>2025.b88a9690-da6e-4825-9ec1-e9461cc1ff72</toProcessItemId>
        </link>
        <link name="Untitled">
            <lastModified isNull="true" />
            <lastModifiedBy isNull="true" />
            <processLinkId>2027.6ac2eec3-a5dd-40b7-9660-9b11715a5068</processLinkId>
            <processId>1.13cc4635-1e1b-4165-9afa-6f411d4b4f62</processId>
            <description isNull="true" />
            <fromProcessItemId>2025.b88a9690-da6e-4825-9ec1-e9461cc1ff72</fromProcessItemId>
            <endStateId>Out</endStateId>
            <toProcessItemId>2025.23926d8a-e98b-409f-8c7a-44cf5bd86ca5</toProcessItemId>
            <guid>guid:197d4ddc90fc5427:-1c619ffe:11def1582ed:-7a80</guid>
            <versionId>633f5790-e766-4999-a4fd-b9f9939bdf5e</versionId>
            <layoutData>
                <controlPoints />
                <showEndState>false</showEndState>
                <showName>false</showName>
            </layoutData>
            <fromItemPort locationId="rightCenter" portType="1" />
            <toItemPort locationId="leftCenter" portType="2" />
            <fromProcessItemId>2025.b88a9690-da6e-4825-9ec1-e9461cc1ff72</fromProcessItemId>
            <toProcessItemId>2025.23926d8a-e98b-409f-8c7a-44cf5bd86ca5</toProcessItemId>
        </link>
        <link name="Untitled">
            <lastModified isNull="true" />
            <lastModifiedBy isNull="true" />
            <processLinkId>2027.0c83ee52-6363-4b8a-9843-cb956dafab9e</processLinkId>
            <processId>1.13cc4635-1e1b-4165-9afa-6f411d4b4f62</processId>
            <description isNull="true" />
            <fromProcessItemId>2025.23926d8a-e98b-409f-8c7a-44cf5bd86ca5</fromProcessItemId>
            <endStateId>guid:6d7d6833d25d646c:143c423:11226a15f86:-7d9f</endStateId>
            <toProcessItemId>2025.45d1f51b-8567-4d26-a9cb-538f42727725</toProcessItemId>
            <guid>guid:197d4ddc90fc5427:-1c619ffe:11def1582ed:-7a84</guid>
            <versionId>8355ca69-ce4c-43df-99f0-0fc14ceddb7f</versionId>
            <layoutData>
                <controlPoints />
                <showEndState>true</showEndState>
                <showName>false</showName>
            </layoutData>
            <fromItemPort locationId="rightCenter" portType="1" />
            <toItemPort locationId="leftCenter" portType="2" />
            <fromProcessItemId>2025.23926d8a-e98b-409f-8c7a-44cf5bd86ca5</fromProcessItemId>
            <toProcessItemId>2025.45d1f51b-8567-4d26-a9cb-538f42727725</toProcessItemId>
        </link>
        <link name="Untitled">
            <lastModified isNull="true" />
            <lastModifiedBy isNull="true" />
            <processLinkId>2027.42821c6d-c68b-4f28-b0ca-08840a796a6b</processLinkId>
            <processId>1.13cc4635-1e1b-4165-9afa-6f411d4b4f62</processId>
            <description isNull="true" />
            <fromProcessItemId>2025.c751f89f-2b49-43d1-9e9d-e432e369663a</fromProcessItemId>
            <endStateId>guid:6d7d6833d25d646c:143c423:11226a15f86:-7ddf</endStateId>
            <toProcessItemId>2025.b88a9690-da6e-4825-9ec1-e9461cc1ff72</toProcessItemId>
            <guid>guid:197d4ddc90fc5427:-1c619ffe:11def1582ed:-7a82</guid>
            <versionId>9c61a2c6-e8cc-46bd-ba95-ec8e635d1ec3</versionId>
            <layoutData>
                <controlPoints />
                <showEndState>true</showEndState>
                <showName>false</showName>
            </layoutData>
            <fromItemPort locationId="rightCenter" portType="1" />
            <toItemPort locationId="leftCenter" portType="2" />
            <fromProcessItemId>2025.c751f89f-2b49-43d1-9e9d-e432e369663a</fromProcessItemId>
            <toProcessItemId>2025.b88a9690-da6e-4825-9ec1-e9461cc1ff72</toProcessItemId>
        </link>
        <link name="Untitled">
            <lastModified isNull="true" />
            <lastModifiedBy isNull="true" />
            <processLinkId>2027.0709c9b1-585b-474f-a7ee-3f435a5bf79e</processLinkId>
            <processId>1.13cc4635-1e1b-4165-9afa-6f411d4b4f62</processId>
            <description isNull="true" />
            <fromProcessItemId>2025.23926d8a-e98b-409f-8c7a-44cf5bd86ca5</fromProcessItemId>
            <endStateId>guid:6d7d6833d25d646c:143c423:11226a15f86:-7d9f</endStateId>
            <toProcessItemId>2025.45d1f51b-8567-4d26-a9cb-538f42727725</toProcessItemId>
            <guid>guid:197d4ddc90fc5427:-1c619ffe:11def1582ed:-7a84</guid>
            <versionId>d21eda0a-2b04-4df2-b7f0-deadd534a6eb</versionId>
            <layoutData>
                <controlPoints />
                <showEndState>true</showEndState>
                <showName>false</showName>
            </layoutData>
            <fromItemPort locationId="rightCenter" portType="1" />
            <toItemPort locationId="leftCenter" portType="2" />
            <fromProcessItemId>2025.23926d8a-e98b-409f-8c7a-44cf5bd86ca5</fromProcessItemId>
            <toProcessItemId>2025.45d1f51b-8567-4d26-a9cb-538f42727725</toProcessItemId>
        </link>
    </process>
</teamworks>

