<?xml version="1.0" encoding="UTF-8"?>
<teamworks>
    <process id="1.170cc716-b74b-4dcf-a730-bada14eb1ad9" name="lsw Create Insert CA Template Statement">
        <lastModified>1361372673512</lastModified>
        <lastModifiedBy>Internal TW Admin user</lastModifiedBy>
        <processId>1.170cc716-b74b-4dcf-a730-bada14eb1ad9</processId>
        <image isNull="true" />
        <tabGroup isNull="true" />
        <startingProcessItemId>2025.a0791195-f076-495d-92fa-951c301dff61</startingProcessItemId>
        <isRootProcess>false</isRootProcess>
        <processType>6</processType>
        <isErrorHandlerEnabled>false</isErrorHandlerEnabled>
        <errorHandlerItemId isNull="true" />
        <isLoggingVariables>false</isLoggingVariables>
        <isTransactional>false</isTransactional>
        <processTimingLevel isNull="true" />
        <participantRef isNull="true" />
        <exposedType isNull="true" />
        <isTrackingEnabled>true</isTrackingEnabled>
        <xmlData isNull="true" />
        <cachingType>false</cachingType>
        <itemLabel isNull="true" />
        <cacheLength>43200</cacheLength>
        <mobileReady>false</mobileReady>
        <sboSyncEnabled>true</sboSyncEnabled>
        <externalId isNull="true" />
        <isSecured>false</isSecured>
        <description isNull="true" />
        <guid>guid:5a54f1704f1c1577:-6b56085f:12370558356:-7fee</guid>
        <versionId>656e61e6-c108-4454-8e06-93ae20d7bc69</versionId>
        <dependencySummary isNull="true" />
        <processParameter name="templateName">
            <lastModified isNull="true" />
            <lastModifiedBy isNull="true" />
            <processParameterId>2055.cadb13bb-31a3-447c-b63c-61b46be648ca</processParameterId>
            <processId>1.170cc716-b74b-4dcf-a730-bada14eb1ad9</processId>
            <parameterType>1</parameterType>
            <isArrayOf>false</isArrayOf>
            <classId>/12.db884a3c-c533-44b7-bb2d-47bec8ad4022</classId>
            <seq>1</seq>
            <hasDefault>false</hasDefault>
            <defaultValue isNull="true" />
            <isLocked>false</isLocked>
            <description isNull="true" />
            <guid>guid:5a54f1704f1c1577:-6b56085f:12370558356:-7fea</guid>
            <versionId>accb6465-11c1-4338-9007-db31e2cc5986</versionId>
        </processParameter>
        <processParameter name="bpdGUID">
            <lastModified isNull="true" />
            <lastModifiedBy isNull="true" />
            <processParameterId>2055.a6c57ccc-e4ed-47aa-ae5f-6db3e10ab950</processParameterId>
            <processId>1.170cc716-b74b-4dcf-a730-bada14eb1ad9</processId>
            <parameterType>1</parameterType>
            <isArrayOf>false</isArrayOf>
            <classId>/12.db884a3c-c533-44b7-bb2d-47bec8ad4022</classId>
            <seq>2</seq>
            <hasDefault>false</hasDefault>
            <defaultValue isNull="true" />
            <isLocked>false</isLocked>
            <description>The GUID of the top-level BPD for which to retrieve templates</description>
            <guid>guid:5a54f1704f1c1577:-6b56085f:12370558356:-7fe9</guid>
            <versionId>3758b89e-4da2-4e28-9cb6-e0fa681c7cc9</versionId>
        </processParameter>
        <processParameter name="sqlStatement">
            <lastModified isNull="true" />
            <lastModifiedBy isNull="true" />
            <processParameterId>2055.717626df-42d4-477a-939d-97197208249e</processParameterId>
            <processId>1.170cc716-b74b-4dcf-a730-bada14eb1ad9</processId>
            <parameterType>2</parameterType>
            <isArrayOf>false</isArrayOf>
            <classId>/12.3990d8b4-983d-4250-bd06-3600f527fed0</classId>
            <seq>3</seq>
            <hasDefault>false</hasDefault>
            <defaultValue isNull="true" />
            <isLocked>false</isLocked>
            <description isNull="true" />
            <guid>guid:5a54f1704f1c1577:-6b56085f:12370558356:-7fe8</guid>
            <versionId>172d13fb-e9d4-428e-9ced-0e4988769c16</versionId>
        </processParameter>
        <processParameter name="templateID">
            <lastModified isNull="true" />
            <lastModifiedBy isNull="true" />
            <processParameterId>2055.cba59e9a-2538-4fe0-9573-c08f01239e60</processParameterId>
            <processId>1.170cc716-b74b-4dcf-a730-bada14eb1ad9</processId>
            <parameterType>2</parameterType>
            <isArrayOf>false</isArrayOf>
            <classId>/12.db884a3c-c533-44b7-bb2d-47bec8ad4022</classId>
            <seq>4</seq>
            <hasDefault>false</hasDefault>
            <defaultValue isNull="true" />
            <isLocked>false</isLocked>
            <description isNull="true" />
            <guid>guid:5a54f1704f1c1577:-6b56085f:12370558356:-7fe7</guid>
            <versionId>1f03a7f3-95c0-4a31-ab32-c0c45de5b863</versionId>
        </processParameter>
        <processVariable name="sql">
            <lastModified isNull="true" />
            <lastModifiedBy isNull="true" />
            <processVariableId>2056.2320edac-fcbd-4790-adf1-c3fed6d39a9f</processVariableId>
            <description isNull="true" />
            <processId>1.170cc716-b74b-4dcf-a730-bada14eb1ad9</processId>
            <namespace>2</namespace>
            <seq>1</seq>
            <isArrayOf>false</isArrayOf>
            <classId>/12.db884a3c-c533-44b7-bb2d-47bec8ad4022</classId>
            <hasDefault>false</hasDefault>
            <defaultValue isNull="true" />
            <guid>guid:5a54f1704f1c1577:-6b56085f:12370558356:-7fe6</guid>
            <versionId>cc9afa71-21bf-4921-b794-ba57988fb189</versionId>
        </processVariable>
        <item>
            <lastModified isNull="true" />
            <lastModifiedBy isNull="true" />
            <processItemId>2025.267faf71-30c8-4ed0-a02f-6ea640e64775</processItemId>
            <processId>1.170cc716-b74b-4dcf-a730-bada14eb1ad9</processId>
            <name>Build Insert SQL</name>
            <tWComponentName>Script</tWComponentName>
            <tWComponentId>3011.1849d11e-83d4-42d9-bf78-7312d5defd96</tWComponentId>
            <isLogEnabled>false</isLogEnabled>
            <isTraceEnabled>false</isTraceEnabled>
            <traceCategory isNull="true" />
            <traceLevel isNull="true" />
            <traceMessage isNull="true" />
            <traceSymbolTable isNull="true" />
            <isExecutionContextTraced>false</isExecutionContextTraced>
            <saveExecutionContext>false</saveExecutionContext>
            <documentation isNull="true" />
            <isErrorHandlerEnabled>false</isErrorHandlerEnabled>
            <errorHandlerItemId isNull="true" />
            <guid>guid:5a54f1704f1c1577:-6b56085f:12370558356:-7fde</guid>
            <versionId>7bf15c38-8bc9-4e14-a4f2-efece575f70c</versionId>
            <layoutData x="299" y="86">
                <errorLink>
                    <controlPoints />
                    <showEndState>false</showEndState>
                    <showName>false</showName>
                </errorLink>
            </layoutData>
            <TWComponent>
                <lastModified isNull="true" />
                <lastModifiedBy isNull="true" />
                <scriptId>3011.1849d11e-83d4-42d9-bf78-7312d5defd96</scriptId>
                <scriptTypeId>128</scriptTypeId>
                <isActive>true</isActive>
                <script>tw.local.sql
INSERT INTO lsw_ca_template (id, name, bpd_guid) VALUES (?, ?, ?)</script>
                <isRule>false</isRule>
                <guid>guid:5a54f1704f1c1577:-6b56085f:12370558356:-7fdf</guid>
                <versionId>8ac8f977-b1fa-4eb4-9592-3d9b509463de</versionId>
            </TWComponent>
        </item>
        <item>
            <lastModified isNull="true" />
            <lastModifiedBy isNull="true" />
            <processItemId>2025.4cf1f837-e5eb-45fb-b2dd-2ceae6a4f824</processItemId>
            <processId>1.170cc716-b74b-4dcf-a730-bada14eb1ad9</processId>
            <name>Create Statement</name>
            <tWComponentName>Script</tWComponentName>
            <tWComponentId>3011.128f5c9a-01c0-4e00-874f-8a666ac0960e</tWComponentId>
            <isLogEnabled>false</isLogEnabled>
            <isTraceEnabled>false</isTraceEnabled>
            <traceCategory isNull="true" />
            <traceLevel isNull="true" />
            <traceMessage isNull="true" />
            <traceSymbolTable isNull="true" />
            <isExecutionContextTraced>false</isExecutionContextTraced>
            <saveExecutionContext>false</saveExecutionContext>
            <documentation isNull="true" />
            <isErrorHandlerEnabled>false</isErrorHandlerEnabled>
            <errorHandlerItemId isNull="true" />
            <guid>guid:5a54f1704f1c1577:-6b56085f:12370558356:-7fda</guid>
            <versionId>7e6c2abc-07b7-43d9-813d-90d37b7f2546</versionId>
            <layoutData x="449" y="92">
                <errorLink>
                    <controlPoints />
                    <showEndState>false</showEndState>
                    <showName>false</showName>
                </errorLink>
            </layoutData>
            <TWComponent>
                <lastModified isNull="true" />
                <lastModifiedBy isNull="true" />
                <scriptId>3011.128f5c9a-01c0-4e00-874f-8a666ac0960e</scriptId>
                <scriptTypeId>2</scriptTypeId>
                <isActive>true</isActive>
                <script>tw.local.sqlStatement = newSQLStatement(tw.local.sql);
addSQLParameter(tw.local.sqlStatement, tw.local.templateID);
addSQLParameter(tw.local.sqlStatement, tw.local.templateName);
addSQLParameter(tw.local.sqlStatement, tw.local.bpdGUID);
</script>
                <isRule>false</isRule>
                <guid>guid:5a54f1704f1c1577:-6b56085f:12370558356:-7fdb</guid>
                <versionId>3e250343-6504-43c2-af24-2344ea4b2265</versionId>
            </TWComponent>
        </item>
        <item>
            <lastModified isNull="true" />
            <lastModifiedBy isNull="true" />
            <processItemId>2025.19b0261f-405b-4666-90d2-49005eae904f</processItemId>
            <processId>1.170cc716-b74b-4dcf-a730-bada14eb1ad9</processId>
            <name>End</name>
            <tWComponentName>ExitPoint</tWComponentName>
            <tWComponentId>3008.5ac61b53-31df-4519-b041-298285c9e4bf</tWComponentId>
            <isLogEnabled>false</isLogEnabled>
            <isTraceEnabled>false</isTraceEnabled>
            <traceCategory isNull="true" />
            <traceLevel isNull="true" />
            <traceMessage isNull="true" />
            <traceSymbolTable isNull="true" />
            <isExecutionContextTraced>false</isExecutionContextTraced>
            <saveExecutionContext>true</saveExecutionContext>
            <documentation isNull="true" />
            <isErrorHandlerEnabled>false</isErrorHandlerEnabled>
            <errorHandlerItemId isNull="true" />
            <guid>guid:5a54f1704f1c1577:-6b56085f:12370558356:-7fec</guid>
            <versionId>82f482d6-acf7-46f6-83e0-bbcaef3907df</versionId>
            <layoutData x="581" y="99">
                <errorLink>
                    <controlPoints />
                    <showEndState>false</showEndState>
                    <showName>false</showName>
                </errorLink>
            </layoutData>
            <TWComponent>
                <lastModified isNull="true" />
                <lastModifiedBy isNull="true" />
                <exitPointId>3008.5ac61b53-31df-4519-b041-298285c9e4bf</exitPointId>
                <haltProcess>false</haltProcess>
                <guid>guid:5a54f1704f1c1577:-6b56085f:12370558356:-7feb</guid>
                <versionId>4d941517-fcac-4019-8236-7f4500a3960e</versionId>
            </TWComponent>
        </item>
        <item>
            <lastModified isNull="true" />
            <lastModifiedBy isNull="true" />
            <processItemId>2025.a0791195-f076-495d-92fa-951c301dff61</processItemId>
            <processId>1.170cc716-b74b-4dcf-a730-bada14eb1ad9</processId>
            <name>Get Next Template ID</name>
            <tWComponentName>SubProcess</tWComponentName>
            <tWComponentId>3012.f68ab210-7437-4f9a-ac91-d69152206a13</tWComponentId>
            <isLogEnabled>false</isLogEnabled>
            <isTraceEnabled>false</isTraceEnabled>
            <traceCategory isNull="true" />
            <traceLevel isNull="true" />
            <traceMessage isNull="true" />
            <traceSymbolTable isNull="true" />
            <isExecutionContextTraced>false</isExecutionContextTraced>
            <saveExecutionContext>false</saveExecutionContext>
            <documentation isNull="true" />
            <isErrorHandlerEnabled>false</isErrorHandlerEnabled>
            <errorHandlerItemId isNull="true" />
            <guid>guid:5a54f1704f1c1577:-6b56085f:12370558356:-7fe4</guid>
            <versionId>88283a1b-17cf-4672-ae6b-16d31ab436c2</versionId>
            <layoutData x="148" y="89">
                <errorLink>
                    <controlPoints />
                    <showEndState>false</showEndState>
                    <showName>false</showName>
                </errorLink>
            </layoutData>
            <TWComponent>
                <lastModified isNull="true" />
                <lastModifiedBy isNull="true" />
                <subProcessId>3012.f68ab210-7437-4f9a-ac91-d69152206a13</subProcessId>
                <attachedProcessRef>/1.e6d03d0c-1717-4844-a6ad-49c3bb8fa204</attachedProcessRef>
                <guid>guid:5a54f1704f1c1577:-6b56085f:12370558356:-7fe3</guid>
                <versionId>60eb8852-292b-414d-8490-c0fb61cd4d93</versionId>
                <parameterMapping name="primaryKey">
                    <lastModified isNull="true" />
                    <lastModifiedBy isNull="true" />
                    <parameterMappingId>2054.fb617cb9-c6d3-43d6-914b-4c5aa034c1e8</parameterMappingId>
                    <processParameterId>2055.7788aa03-0200-46bb-b776-803195ddb618</processParameterId>
                    <parameterMappingParentId>3012.f68ab210-7437-4f9a-ac91-d69152206a13</parameterMappingParentId>
                    <useDefault>false</useDefault>
                    <value>tw.local.templateID</value>
                    <classRef>/12.db884a3c-c533-44b7-bb2d-47bec8ad4022</classRef>
                    <isList>false</isList>
                    <isInput>false</isInput>
                    <guid>guid:5a54f1704f1c1577:-6b56085f:12370558356:-7fe2</guid>
                    <versionId>f2f13ed6-812d-43c7-85c6-94a927836d4a</versionId>
                    <description isNull="true" />
                </parameterMapping>
            </TWComponent>
        </item>
        <startingProcessItemId>2025.a0791195-f076-495d-92fa-951c301dff61</startingProcessItemId>
        <errorHandlerItemId isNull="true" />
        <layoutData noConversion="true">
            <errorLink>
                <controlPoints />
                <showEndState>false</showEndState>
                <showName>false</showName>
            </errorLink>
        </layoutData>
        <startPoint>
            <layoutData x="20" y="100">
                <errorLink>
                    <controlPoints />
                    <showEndState>false</showEndState>
                    <showName>false</showName>
                </errorLink>
            </layoutData>
        </startPoint>
        <startLink>
            <fromPort locationId="rightCenter" portType="1" />
            <toPort locationId="leftCenter" portType="2" />
            <layoutData>
                <controlPoints />
                <showEndState>false</showEndState>
                <showName>false</showName>
            </layoutData>
        </startLink>
        <link name="Untitled">
            <lastModified isNull="true" />
            <lastModifiedBy isNull="true" />
            <processLinkId>2027.aee5a860-4f79-4ebd-9762-13266d18039e</processLinkId>
            <processId>1.170cc716-b74b-4dcf-a730-bada14eb1ad9</processId>
            <description isNull="true" />
            <fromProcessItemId>2025.a0791195-f076-495d-92fa-951c301dff61</fromProcessItemId>
            <endStateId>guid:5a54f1704f1c1577:-6b56085f:12370558356:-7ff8</endStateId>
            <toProcessItemId>2025.267faf71-30c8-4ed0-a02f-6ea640e64775</toProcessItemId>
            <guid>guid:5a54f1704f1c1577:-6b56085f:12370558356:-7fd9</guid>
            <versionId>71fd265c-17e7-459c-8dfb-4e0b3e11aed1</versionId>
            <layoutData>
                <controlPoints />
                <showEndState>false</showEndState>
                <showName>false</showName>
            </layoutData>
            <fromItemPort locationId="rightCenter" portType="1" />
            <toItemPort locationId="leftCenter" portType="2" />
            <fromProcessItemId>2025.a0791195-f076-495d-92fa-951c301dff61</fromProcessItemId>
            <toProcessItemId>2025.267faf71-30c8-4ed0-a02f-6ea640e64775</toProcessItemId>
        </link>
        <link name="Untitled">
            <lastModified isNull="true" />
            <lastModifiedBy isNull="true" />
            <processLinkId>2027.2b95b70d-7ff0-4ab6-b909-c28c348f999a</processLinkId>
            <processId>1.170cc716-b74b-4dcf-a730-bada14eb1ad9</processId>
            <description isNull="true" />
            <fromProcessItemId>2025.4cf1f837-e5eb-45fb-b2dd-2ceae6a4f824</fromProcessItemId>
            <endStateId>Out</endStateId>
            <toProcessItemId>2025.19b0261f-405b-4666-90d2-49005eae904f</toProcessItemId>
            <guid>guid:5a54f1704f1c1577:-6b56085f:12370558356:-7fd7</guid>
            <versionId>83949959-4ba8-4ff6-a5d4-1fecc5313453</versionId>
            <layoutData>
                <controlPoints />
                <showEndState>false</showEndState>
                <showName>false</showName>
            </layoutData>
            <fromItemPort locationId="rightCenter" portType="1" />
            <toItemPort locationId="leftCenter" portType="2" />
            <fromProcessItemId>2025.4cf1f837-e5eb-45fb-b2dd-2ceae6a4f824</fromProcessItemId>
            <toProcessItemId>2025.19b0261f-405b-4666-90d2-49005eae904f</toProcessItemId>
        </link>
        <link name="Untitled">
            <lastModified isNull="true" />
            <lastModifiedBy isNull="true" />
            <processLinkId>2027.749e3506-b414-4ede-937c-081fb7f80d80</processLinkId>
            <processId>1.170cc716-b74b-4dcf-a730-bada14eb1ad9</processId>
            <description isNull="true" />
            <fromProcessItemId>2025.267faf71-30c8-4ed0-a02f-6ea640e64775</fromProcessItemId>
            <endStateId>Out</endStateId>
            <toProcessItemId>2025.4cf1f837-e5eb-45fb-b2dd-2ceae6a4f824</toProcessItemId>
            <guid>guid:5a54f1704f1c1577:-6b56085f:12370558356:-7fd8</guid>
            <versionId>c9275b94-7cc3-42bf-a419-52e7317a6572</versionId>
            <layoutData>
                <controlPoints />
                <showEndState>false</showEndState>
                <showName>false</showName>
            </layoutData>
            <fromItemPort locationId="rightCenter" portType="1" />
            <toItemPort locationId="leftCenter" portType="2" />
            <fromProcessItemId>2025.267faf71-30c8-4ed0-a02f-6ea640e64775</fromProcessItemId>
            <toProcessItemId>2025.4cf1f837-e5eb-45fb-b2dd-2ceae6a4f824</toProcessItemId>
        </link>
    </process>
</teamworks>

