<?xml version="1.0" encoding="UTF-8"?>
<teamworks>
    <process id="1.1dbc3fad-92d7-4089-bafa-b273d1bf0403" name="SQL Clob to File (SQLStatement)">
        <lastModified>1361412273512</lastModified>
        <lastModifiedBy>Internal TW Admin user</lastModifiedBy>
        <processId>1.1dbc3fad-92d7-4089-bafa-b273d1bf0403</processId>
        <image isNull="true" />
        <tabGroup isNull="true" />
        <startingProcessItemId>2025.54997c5e-6ac6-48a4-b458-6d7cf57adc58</startingProcessItemId>
        <isRootProcess>false</isRootProcess>
        <processType>4</processType>
        <isErrorHandlerEnabled>false</isErrorHandlerEnabled>
        <errorHandlerItemId isNull="true" />
        <isLoggingVariables>false</isLoggingVariables>
        <isTransactional>false</isTransactional>
        <processTimingLevel isNull="true" />
        <participantRef isNull="true" />
        <exposedType isNull="true" />
        <isTrackingEnabled>true</isTrackingEnabled>
        <xmlData isNull="true" />
        <cachingType>false</cachingType>
        <itemLabel isNull="true" />
        <cacheLength>43200</cacheLength>
        <mobileReady>false</mobileReady>
        <sboSyncEnabled>true</sboSyncEnabled>
        <externalId isNull="true" />
        <isSecured>false</isSecured>
        <description>Reads a CLOB (using streams) from a database using the provided SQL statement and writes it to a file and returns the size of the CLOB in characters.
        
Note: the service will write the first result from the SQL statement into the file; it is the caller responsibility to ensure that the SQL statement will return a single result when needed.</description>
        <guid>guid:12be50909032b80c:18f81ea7:11f41c537ad:-7b91</guid>
        <versionId>455dd713-fe0e-4610-a142-8a9b5ad4be5f</versionId>
        <dependencySummary isNull="true" />
        <processParameter name="sqlStatement">
            <lastModified isNull="true" />
            <lastModifiedBy isNull="true" />
            <processParameterId>2055.9e598b65-b233-41f5-a964-f42468f3f022</processParameterId>
            <processId>1.1dbc3fad-92d7-4089-bafa-b273d1bf0403</processId>
            <parameterType>1</parameterType>
            <isArrayOf>false</isArrayOf>
            <classId>/12.3990d8b4-983d-4250-bd06-3600f527fed0</classId>
            <seq>1</seq>
            <hasDefault>false</hasDefault>
            <defaultValue isNull="true" />
            <isLocked>false</isLocked>
            <description isNull="true" />
            <guid>guid:12be50909032b80c:18f81ea7:11f41c537ad:-7b73</guid>
            <versionId>640d7547-2e8b-422d-abb4-ecf6be061cbd</versionId>
        </processParameter>
        <processParameter name="clobOutputIndex">
            <lastModified isNull="true" />
            <lastModifiedBy isNull="true" />
            <processParameterId>2055.b0471135-38c9-4685-b55c-9631d3f2453b</processParameterId>
            <processId>1.1dbc3fad-92d7-4089-bafa-b273d1bf0403</processId>
            <parameterType>1</parameterType>
            <isArrayOf>false</isArrayOf>
            <classId>/12.3fa0d7a0-828a-4d60-99cc-db5ed143fc2d</classId>
            <seq>2</seq>
            <hasDefault>false</hasDefault>
            <defaultValue isNull="true" />
            <isLocked>false</isLocked>
            <description isNull="true" />
            <guid>guid:12be50909032b80c:18f81ea7:11f41c537ad:-7b69</guid>
            <versionId>718c3e25-7362-4500-b82f-647cd0cc0726</versionId>
        </processParameter>
        <processParameter name="outputFilePath">
            <lastModified isNull="true" />
            <lastModifiedBy isNull="true" />
            <processParameterId>2055.5e289e26-b8f0-4005-973d-f4a60e3f44c3</processParameterId>
            <processId>1.1dbc3fad-92d7-4089-bafa-b273d1bf0403</processId>
            <parameterType>1</parameterType>
            <isArrayOf>false</isArrayOf>
            <classId>/12.db884a3c-c533-44b7-bb2d-47bec8ad4022</classId>
            <seq>3</seq>
            <hasDefault>false</hasDefault>
            <defaultValue isNull="true" />
            <isLocked>false</isLocked>
            <description isNull="true" />
            <guid>guid:12be50909032b80c:18f81ea7:11f41c537ad:-7b65</guid>
            <versionId>81546624-ae88-4d48-85c9-31985d9400c1</versionId>
        </processParameter>
        <processParameter name="characterEncoding">
            <lastModified isNull="true" />
            <lastModifiedBy isNull="true" />
            <processParameterId>2055.985e6538-6da5-4e61-8ee7-55606dae647c</processParameterId>
            <processId>1.1dbc3fad-92d7-4089-bafa-b273d1bf0403</processId>
            <parameterType>1</parameterType>
            <isArrayOf>false</isArrayOf>
            <classId>/12.db884a3c-c533-44b7-bb2d-47bec8ad4022</classId>
            <seq>4</seq>
            <hasDefault>false</hasDefault>
            <defaultValue isNull="true" />
            <isLocked>false</isLocked>
            <description isNull="true" />
            <guid>guid:12be50909032b80c:18f81ea7:11f41c537ad:-7b64</guid>
            <versionId>6f67824a-63fd-40e8-8313-02244a49f398</versionId>
        </processParameter>
        <processParameter name="appendToOutputFile">
            <lastModified isNull="true" />
            <lastModifiedBy isNull="true" />
            <processParameterId>2055.9d09c0ae-2dcf-4feb-90b3-fd9cf8b6a050</processParameterId>
            <processId>1.1dbc3fad-92d7-4089-bafa-b273d1bf0403</processId>
            <parameterType>1</parameterType>
            <isArrayOf>false</isArrayOf>
            <classId>/12.83ff975e-8dbc-42e5-b738-fa8bc08274a2</classId>
            <seq>5</seq>
            <hasDefault>true</hasDefault>
            <defaultValue>false</defaultValue>
            <isLocked>false</isLocked>
            <description isNull="true" />
            <guid>guid:12be50909032b80c:18f81ea7:11f41c537ad:-7b60</guid>
            <versionId>290a1758-c5b2-4544-ab32-b9a675153cac</versionId>
        </processParameter>
        <processParameter name="dataSourceName">
            <lastModified isNull="true" />
            <lastModifiedBy isNull="true" />
            <processParameterId>2055.a794499f-a2e1-4d4d-957d-93576e2d54a2</processParameterId>
            <processId>1.1dbc3fad-92d7-4089-bafa-b273d1bf0403</processId>
            <parameterType>1</parameterType>
            <isArrayOf>false</isArrayOf>
            <classId>/12.db884a3c-c533-44b7-bb2d-47bec8ad4022</classId>
            <seq>6</seq>
            <hasDefault>true</hasDefault>
            <defaultValue>"jdbc/TeamWorksDB"</defaultValue>
            <isLocked>false</isLocked>
            <description isNull="true" />
            <guid>guid:12be50909032b80c:18f81ea7:11f41c537ad:-7b5f</guid>
            <versionId>cfe78984-4d66-4295-a5f7-cf82ec7b7ae8</versionId>
        </processParameter>
        <processParameter name="clobSize">
            <lastModified isNull="true" />
            <lastModifiedBy isNull="true" />
            <processParameterId>2055.fd3e3d06-015a-4b9f-b419-b2b662ec9139</processParameterId>
            <processId>1.1dbc3fad-92d7-4089-bafa-b273d1bf0403</processId>
            <parameterType>2</parameterType>
            <isArrayOf>false</isArrayOf>
            <classId>/12.3fa0d7a0-828a-4d60-99cc-db5ed143fc2d</classId>
            <seq>7</seq>
            <hasDefault>false</hasDefault>
            <defaultValue isNull="true" />
            <isLocked>false</isLocked>
            <description isNull="true" />
            <guid>guid:12be50909032b80c:18f81ea7:11f41c537ad:-7b4c</guid>
            <versionId>aa4a54d7-cba3-4cfc-9868-89d35afb67cb</versionId>
        </processParameter>
        <item>
            <lastModified isNull="true" />
            <lastModifiedBy isNull="true" />
            <processItemId>2025.4985533b-efed-4f69-82ae-1a22bde3badd</processItemId>
            <processId>1.1dbc3fad-92d7-4089-bafa-b273d1bf0403</processId>
            <name>End</name>
            <tWComponentName>ExitPoint</tWComponentName>
            <tWComponentId>3008.41ad67c2-6fe8-433e-baac-0b9066184f97</tWComponentId>
            <isLogEnabled>false</isLogEnabled>
            <isTraceEnabled>false</isTraceEnabled>
            <traceCategory isNull="true" />
            <traceLevel isNull="true" />
            <traceMessage isNull="true" />
            <traceSymbolTable isNull="true" />
            <isExecutionContextTraced>false</isExecutionContextTraced>
            <saveExecutionContext>true</saveExecutionContext>
            <documentation isNull="true" />
            <isErrorHandlerEnabled>false</isErrorHandlerEnabled>
            <errorHandlerItemId isNull="true" />
            <guid>guid:12be50909032b80c:18f81ea7:11f41c537ad:-7b8f</guid>
            <versionId>265ebe1b-b03b-4ba5-94d1-4edab908e24f</versionId>
            <layoutData x="314" y="100">
                <errorLink>
                    <controlPoints />
                    <showEndState>false</showEndState>
                    <showName>false</showName>
                </errorLink>
            </layoutData>
            <TWComponent>
                <lastModified isNull="true" />
                <lastModifiedBy isNull="true" />
                <exitPointId>3008.41ad67c2-6fe8-433e-baac-0b9066184f97</exitPointId>
                <haltProcess>false</haltProcess>
                <guid>guid:12be50909032b80c:18f81ea7:11f41c537ad:-7b8e</guid>
                <versionId>7ad10048-8f80-4dd4-b464-91cf725ad703</versionId>
            </TWComponent>
        </item>
        <item>
            <lastModified isNull="true" />
            <lastModifiedBy isNull="true" />
            <processItemId>2025.54997c5e-6ac6-48a4-b458-6d7cf57adc58</processItemId>
            <processId>1.1dbc3fad-92d7-4089-bafa-b273d1bf0403</processId>
            <name>Write Clob to File</name>
            <tWComponentName>JavaConnector</tWComponentName>
            <tWComponentId>3022.084edf98-40b0-476f-917c-aeebbf54a5e6</tWComponentId>
            <isLogEnabled>false</isLogEnabled>
            <isTraceEnabled>false</isTraceEnabled>
            <traceCategory isNull="true" />
            <traceLevel isNull="true" />
            <traceMessage isNull="true" />
            <traceSymbolTable isNull="true" />
            <isExecutionContextTraced>false</isExecutionContextTraced>
            <saveExecutionContext>false</saveExecutionContext>
            <documentation isNull="true" />
            <isErrorHandlerEnabled>false</isErrorHandlerEnabled>
            <errorHandlerItemId isNull="true" />
            <guid>guid:12be50909032b80c:18f81ea7:11f41c537ad:-7b7e</guid>
            <versionId>7a75ae01-453c-4428-bcfe-059e51b17548</versionId>
            <layoutData x="155" y="85">
                <errorLink>
                    <controlPoints />
                    <showEndState>false</showEndState>
                    <showName>false</showName>
                </errorLink>
            </layoutData>
            <TWComponent>
                <lastModified isNull="true" />
                <lastModifiedBy isNull="true" />
                <javaConnectorId>3022.084edf98-40b0-476f-917c-aeebbf54a5e6</javaConnectorId>
                <definition>&lt;connector&gt;
  &lt;javaClassName&gt;teamworks.SQLConnector&lt;/javaClassName&gt;
  &lt;methodName&gt;clobToFile&lt;/methodName&gt;
  &lt;inputRecord&gt;
    &lt;element type="teamworks.TWObject" nativeType="teamworks.TWObject" parameter="Parameter 0" argument="tw.local.sqlStatement" description="SQL Statement (SQLStatement)" /&gt;
    &lt;element type="java.lang.Integer" nativeType="int" parameter="Parameter 1" argument="tw.local.clobOutputIndex" description="Clob Output Index" /&gt;
    &lt;element type="java.lang.String" nativeType="java.lang.String" parameter="Parameter 2" argument="tw.local.outputFilePath" description="Output File Path" /&gt;
    &lt;element type="java.lang.String" nativeType="java.lang.String" parameter="Parameter 3" argument="tw.local.characterEncoding" description="Character Encoding" /&gt;
    &lt;element type="java.lang.Boolean" nativeType="boolean" parameter="Parameter 4" argument="tw.local.appendToOutputFile" description="Append to Output File" /&gt;
    &lt;element type="java.lang.String" nativeType="java.lang.String" parameter="Parameter 5" argument="tw.local.dataSourceName" description="JNDI DataSource Name" /&gt;
  &lt;/inputRecord&gt;
  &lt;outputRecord&gt;
    &lt;element type="java.lang.Integer" nativeType="int" parameter="Return Value" argument="tw.local.clobSize" description="" /&gt;
  &lt;/outputRecord&gt;
&lt;/connector&gt;</definition>
                <guid>guid:12be50909032b80c:18f81ea7:11f41c537ad:-7b7f</guid>
                <versionId>01007694-15bf-401d-9c13-8e6143029f48</versionId>
            </TWComponent>
        </item>
        <startingProcessItemId>2025.54997c5e-6ac6-48a4-b458-6d7cf57adc58</startingProcessItemId>
        <errorHandlerItemId isNull="true" />
        <layoutData noConversion="true">
            <errorLink>
                <controlPoints />
                <showEndState>false</showEndState>
                <showName>false</showName>
            </errorLink>
        </layoutData>
        <startPoint>
            <layoutData x="20" y="100">
                <errorLink>
                    <controlPoints />
                    <showEndState>false</showEndState>
                    <showName>false</showName>
                </errorLink>
            </layoutData>
        </startPoint>
        <startLink>
            <fromPort locationId="rightCenter" portType="1" />
            <toPort locationId="leftCenter" portType="2" />
            <layoutData>
                <controlPoints />
                <showEndState>false</showEndState>
                <showName>false</showName>
            </layoutData>
        </startLink>
        <link name="Untitled">
            <lastModified isNull="true" />
            <lastModifiedBy isNull="true" />
            <processLinkId>2027.f727a68e-8b5c-4957-8a9e-d4b5e8c4ed2b</processLinkId>
            <processId>1.1dbc3fad-92d7-4089-bafa-b273d1bf0403</processId>
            <description isNull="true" />
            <fromProcessItemId>2025.54997c5e-6ac6-48a4-b458-6d7cf57adc58</fromProcessItemId>
            <endStateId>Out</endStateId>
            <toProcessItemId>2025.4985533b-efed-4f69-82ae-1a22bde3badd</toProcessItemId>
            <guid>guid:12be50909032b80c:18f81ea7:11f41c537ad:-7b74</guid>
            <versionId>e42eff8c-6d04-4b3a-a616-7bea754c470d</versionId>
            <layoutData>
                <controlPoints />
                <showEndState>false</showEndState>
                <showName>false</showName>
            </layoutData>
            <fromItemPort locationId="rightCenter" portType="1" />
            <toItemPort locationId="leftCenter" portType="2" />
            <fromProcessItemId>2025.54997c5e-6ac6-48a4-b458-6d7cf57adc58</fromProcessItemId>
            <toProcessItemId>2025.4985533b-efed-4f69-82ae-1a22bde3badd</toProcessItemId>
        </link>
    </process>
</teamworks>

