<?xml version="1.0" encoding="UTF-8"?>
<teamworks>
    <process id="1.1dfb9e89-38de-4014-8c0e-f6d35dab1942" name="Write Text File">
        <lastModified>1361412273512</lastModified>
        <lastModifiedBy>Internal TW Admin user</lastModifiedBy>
        <processId>1.1dfb9e89-38de-4014-8c0e-f6d35dab1942</processId>
        <image isNull="true" />
        <tabGroup isNull="true" />
        <startingProcessItemId>2025.cec10635-eb6f-4d87-a890-cc5bf142521d</startingProcessItemId>
        <isRootProcess>false</isRootProcess>
        <processType>4</processType>
        <isErrorHandlerEnabled>false</isErrorHandlerEnabled>
        <errorHandlerItemId isNull="true" />
        <isLoggingVariables>false</isLoggingVariables>
        <isTransactional>false</isTransactional>
        <processTimingLevel isNull="true" />
        <participantRef isNull="true" />
        <exposedType isNull="true" />
        <isTrackingEnabled>true</isTrackingEnabled>
        <xmlData isNull="true" />
        <cachingType>false</cachingType>
        <itemLabel isNull="true" />
        <cacheLength>43200</cacheLength>
        <mobileReady>false</mobileReady>
        <sboSyncEnabled>true</sboSyncEnabled>
        <externalId isNull="true" />
        <isSecured>false</isSecured>
        <description isNull="true" />
        <guid>guid:12be50909032b80c:18f81ea7:11f41c537ad:-74aa</guid>
        <versionId>7893a79a-206c-4e8b-9bb5-e12f0b84c7d1</versionId>
        <dependencySummary isNull="true" />
        <processParameter name="filePath">
            <lastModified isNull="true" />
            <lastModifiedBy isNull="true" />
            <processParameterId>2055.07da5b2d-f99f-4e1d-a9a8-1ef7006debf8</processParameterId>
            <processId>1.1dfb9e89-38de-4014-8c0e-f6d35dab1942</processId>
            <parameterType>1</parameterType>
            <isArrayOf>false</isArrayOf>
            <classId>/12.db884a3c-c533-44b7-bb2d-47bec8ad4022</classId>
            <seq>1</seq>
            <hasDefault>false</hasDefault>
            <defaultValue isNull="true" />
            <isLocked>false</isLocked>
            <description>Fully qualified path and name</description>
            <guid>guid:12be50909032b80c:18f81ea7:11f41c537ad:-7489</guid>
            <versionId>1abe9669-16e8-44cd-946a-6702b0aaf7bf</versionId>
        </processParameter>
        <processParameter name="fileContents">
            <lastModified isNull="true" />
            <lastModifiedBy isNull="true" />
            <processParameterId>2055.af625cf0-04b1-4a2f-8370-bc2c88bfb564</processParameterId>
            <processId>1.1dfb9e89-38de-4014-8c0e-f6d35dab1942</processId>
            <parameterType>1</parameterType>
            <isArrayOf>false</isArrayOf>
            <classId>/12.db884a3c-c533-44b7-bb2d-47bec8ad4022</classId>
            <seq>2</seq>
            <hasDefault>false</hasDefault>
            <defaultValue isNull="true" />
            <isLocked>false</isLocked>
            <description>Text to write to file</description>
            <guid>guid:12be50909032b80c:18f81ea7:11f41c537ad:-7464</guid>
            <versionId>ad4cc69c-9a98-429c-a513-c05cca0038ee</versionId>
        </processParameter>
        <processParameter name="appendToFile">
            <lastModified isNull="true" />
            <lastModifiedBy isNull="true" />
            <processParameterId>2055.72fb0994-3354-45a6-a986-4ba637454313</processParameterId>
            <processId>1.1dfb9e89-38de-4014-8c0e-f6d35dab1942</processId>
            <parameterType>1</parameterType>
            <isArrayOf>false</isArrayOf>
            <classId>/12.83ff975e-8dbc-42e5-b738-fa8bc08274a2</classId>
            <seq>3</seq>
            <hasDefault>true</hasDefault>
            <defaultValue>false</defaultValue>
            <isLocked>false</isLocked>
            <description>Append text to file if file already exists</description>
            <guid>guid:12be50909032b80c:18f81ea7:11f41c537ad:-7463</guid>
            <versionId>cee959d9-99d0-4381-b0c9-3b39e756c53a</versionId>
        </processParameter>
        <processParameter name="success">
            <lastModified isNull="true" />
            <lastModifiedBy isNull="true" />
            <processParameterId>2055.411ed8db-38b8-49d4-8f2b-b188aeeb287c</processParameterId>
            <processId>1.1dfb9e89-38de-4014-8c0e-f6d35dab1942</processId>
            <parameterType>2</parameterType>
            <isArrayOf>false</isArrayOf>
            <classId>/12.83ff975e-8dbc-42e5-b738-fa8bc08274a2</classId>
            <seq>4</seq>
            <hasDefault>false</hasDefault>
            <defaultValue isNull="true" />
            <isLocked>false</isLocked>
            <description isNull="true" />
            <guid>guid:12be50909032b80c:18f81ea7:11f41c537ad:-7450</guid>
            <versionId>4c4afe19-e09c-4cf8-86d1-96753b2dd36f</versionId>
        </processParameter>
        <item>
            <lastModified isNull="true" />
            <lastModifiedBy isNull="true" />
            <processItemId>2025.cec10635-eb6f-4d87-a890-cc5bf142521d</processItemId>
            <processId>1.1dfb9e89-38de-4014-8c0e-f6d35dab1942</processId>
            <name>Write File</name>
            <tWComponentName>JavaConnector</tWComponentName>
            <tWComponentId>3022.036d93c4-9086-453c-b8f6-5bee08d32b3b</tWComponentId>
            <isLogEnabled>false</isLogEnabled>
            <isTraceEnabled>false</isTraceEnabled>
            <traceCategory isNull="true" />
            <traceLevel isNull="true" />
            <traceMessage isNull="true" />
            <traceSymbolTable isNull="true" />
            <isExecutionContextTraced>false</isExecutionContextTraced>
            <saveExecutionContext>false</saveExecutionContext>
            <documentation isNull="true" />
            <isErrorHandlerEnabled>false</isErrorHandlerEnabled>
            <errorHandlerItemId isNull="true" />
            <guid>guid:12be50909032b80c:18f81ea7:11f41c537ad:-7494</guid>
            <versionId>7345d4db-154e-417f-976d-26186b37d1ca</versionId>
            <layoutData x="148" y="85">
                <errorLink>
                    <controlPoints />
                    <showEndState>false</showEndState>
                    <showName>false</showName>
                </errorLink>
            </layoutData>
            <TWComponent>
                <lastModified isNull="true" />
                <lastModifiedBy isNull="true" />
                <javaConnectorId>3022.036d93c4-9086-453c-b8f6-5bee08d32b3b</javaConnectorId>
                <definition>&lt;connector&gt;
  &lt;javaClassName&gt;teamworks.Files&lt;/javaClassName&gt;
  &lt;methodName&gt;writeTextToFile&lt;/methodName&gt;
  &lt;inputRecord&gt;
    &lt;element type="java.lang.String" nativeType="java.lang.String" parameter="Parameter 0" argument="tw.local.filePath" description="File Path" /&gt;
    &lt;element type="java.lang.String" nativeType="java.lang.String" parameter="Parameter 1" argument="tw.local.fileContents" description="Text" /&gt;
    &lt;element type="java.lang.Boolean" nativeType="boolean" parameter="Parameter 2" argument="tw.local.appendToFile" description="Do Append (true or false)" /&gt;
  &lt;/inputRecord&gt;
  &lt;outputRecord&gt;
    &lt;element type="java.lang.Boolean" nativeType="boolean" parameter="Return Value" argument="tw.local.success" description="" /&gt;
  &lt;/outputRecord&gt;
&lt;/connector&gt;</definition>
                <guid>guid:12be50909032b80c:18f81ea7:11f41c537ad:-7495</guid>
                <versionId>301e28fb-0685-4580-bc99-29f9a5dab0c6</versionId>
            </TWComponent>
        </item>
        <item>
            <lastModified isNull="true" />
            <lastModifiedBy isNull="true" />
            <processItemId>2025.5490430e-f12f-4441-a10f-802ca6e1bd55</processItemId>
            <processId>1.1dfb9e89-38de-4014-8c0e-f6d35dab1942</processId>
            <name>End</name>
            <tWComponentName>ExitPoint</tWComponentName>
            <tWComponentId>3008.4ba8fa29-46bb-466a-b4e4-c00e53d7c1e6</tWComponentId>
            <isLogEnabled>false</isLogEnabled>
            <isTraceEnabled>false</isTraceEnabled>
            <traceCategory isNull="true" />
            <traceLevel isNull="true" />
            <traceMessage isNull="true" />
            <traceSymbolTable isNull="true" />
            <isExecutionContextTraced>false</isExecutionContextTraced>
            <saveExecutionContext>true</saveExecutionContext>
            <documentation isNull="true" />
            <isErrorHandlerEnabled>false</isErrorHandlerEnabled>
            <errorHandlerItemId isNull="true" />
            <guid>guid:12be50909032b80c:18f81ea7:11f41c537ad:-74a8</guid>
            <versionId>b0a04ecc-aae5-4189-934d-7dcf27c0f3b0</versionId>
            <layoutData x="310" y="100">
                <errorLink>
                    <controlPoints />
                    <showEndState>false</showEndState>
                    <showName>false</showName>
                </errorLink>
            </layoutData>
            <TWComponent>
                <lastModified isNull="true" />
                <lastModifiedBy isNull="true" />
                <exitPointId>3008.4ba8fa29-46bb-466a-b4e4-c00e53d7c1e6</exitPointId>
                <haltProcess>false</haltProcess>
                <guid>guid:12be50909032b80c:18f81ea7:11f41c537ad:-74a7</guid>
                <versionId>9ab7f4e7-87c9-4f68-a558-dae69cdddfb4</versionId>
            </TWComponent>
        </item>
        <startingProcessItemId>2025.cec10635-eb6f-4d87-a890-cc5bf142521d</startingProcessItemId>
        <errorHandlerItemId isNull="true" />
        <layoutData noConversion="true">
            <errorLink>
                <controlPoints />
                <showEndState>false</showEndState>
                <showName>false</showName>
            </errorLink>
        </layoutData>
        <startPoint>
            <layoutData x="20" y="100">
                <errorLink>
                    <controlPoints />
                    <showEndState>false</showEndState>
                    <showName>false</showName>
                </errorLink>
            </layoutData>
        </startPoint>
        <startLink>
            <fromPort locationId="rightCenter" portType="1" />
            <toPort locationId="leftCenter" portType="2" />
            <layoutData>
                <controlPoints />
                <showEndState>false</showEndState>
                <showName>false</showName>
            </layoutData>
        </startLink>
        <link name="Untitled">
            <lastModified isNull="true" />
            <lastModifiedBy isNull="true" />
            <processLinkId>2027.86eab4e4-8a6a-4e97-af9e-113c8fbe1b45</processLinkId>
            <processId>1.1dfb9e89-38de-4014-8c0e-f6d35dab1942</processId>
            <description isNull="true" />
            <fromProcessItemId>2025.cec10635-eb6f-4d87-a890-cc5bf142521d</fromProcessItemId>
            <endStateId>Out</endStateId>
            <toProcessItemId>2025.5490430e-f12f-4441-a10f-802ca6e1bd55</toProcessItemId>
            <guid>guid:12be50909032b80c:18f81ea7:11f41c537ad:-748d</guid>
            <versionId>7870f711-9baa-4e74-88d9-e37fc825df72</versionId>
            <layoutData>
                <controlPoints />
                <showEndState>false</showEndState>
                <showName>false</showName>
            </layoutData>
            <fromItemPort locationId="rightCenter" portType="1" />
            <toItemPort locationId="leftCenter" portType="2" />
            <fromProcessItemId>2025.cec10635-eb6f-4d87-a890-cc5bf142521d</fromProcessItemId>
            <toProcessItemId>2025.5490430e-f12f-4441-a10f-802ca6e1bd55</toProcessItemId>
        </link>
    </process>
</teamworks>

