<?xml version="1.0" encoding="UTF-8"?>
<teamworks>
    <process id="1.1ec2715d-b00e-47fa-b0a0-c0508ff2fd0f" name="Transform XML file using XSL file">
        <lastModified>1361412273512</lastModified>
        <lastModifiedBy>Internal TW Admin user</lastModifiedBy>
        <processId>1.1ec2715d-b00e-47fa-b0a0-c0508ff2fd0f</processId>
        <image isNull="true" />
        <tabGroup isNull="true" />
        <startingProcessItemId>2025.f1788e47-1a87-49ac-ab33-4ffa0405d448</startingProcessItemId>
        <isRootProcess>false</isRootProcess>
        <processType>4</processType>
        <isErrorHandlerEnabled>false</isErrorHandlerEnabled>
        <errorHandlerItemId isNull="true" />
        <isLoggingVariables>false</isLoggingVariables>
        <isTransactional>false</isTransactional>
        <processTimingLevel isNull="true" />
        <participantRef isNull="true" />
        <exposedType isNull="true" />
        <isTrackingEnabled>true</isTrackingEnabled>
        <xmlData isNull="true" />
        <cachingType>false</cachingType>
        <itemLabel isNull="true" />
        <cacheLength>43200</cacheLength>
        <mobileReady>false</mobileReady>
        <sboSyncEnabled>true</sboSyncEnabled>
        <externalId isNull="true" />
        <isSecured>false</isSecured>
        <description>Transforms an XML file using the specified XSL file and returns the result as a string. This connector also accepts parameters.</description>
        <guid>guid:12be50909032b80c:18f81ea7:11f41c537ad:-5a08</guid>
        <versionId>4006015d-b965-4a0f-8c37-a1316cf3f293</versionId>
        <dependencySummary isNull="true" />
        <processParameter name="xmlFile">
            <lastModified isNull="true" />
            <lastModifiedBy isNull="true" />
            <processParameterId>2055.10314434-eaaa-4be6-9697-6ea7ce1d0dcd</processParameterId>
            <processId>1.1ec2715d-b00e-47fa-b0a0-c0508ff2fd0f</processId>
            <parameterType>1</parameterType>
            <isArrayOf>false</isArrayOf>
            <classId>/12.db884a3c-c533-44b7-bb2d-47bec8ad4022</classId>
            <seq>1</seq>
            <hasDefault>false</hasDefault>
            <defaultValue isNull="true" />
            <isLocked>false</isLocked>
            <description>XML file to transform</description>
            <guid>guid:12be50909032b80c:18f81ea7:11f41c537ad:-59cc</guid>
            <versionId>aaf5dfe2-bf8b-499d-84b9-b9537ec820e6</versionId>
        </processParameter>
        <processParameter name="xslFile">
            <lastModified isNull="true" />
            <lastModifiedBy isNull="true" />
            <processParameterId>2055.db5940c7-8240-4371-a117-a8a96f3db895</processParameterId>
            <processId>1.1ec2715d-b00e-47fa-b0a0-c0508ff2fd0f</processId>
            <parameterType>1</parameterType>
            <isArrayOf>false</isArrayOf>
            <classId>/12.db884a3c-c533-44b7-bb2d-47bec8ad4022</classId>
            <seq>2</seq>
            <hasDefault>false</hasDefault>
            <defaultValue isNull="true" />
            <isLocked>false</isLocked>
            <description>Path to XSL file used to transform XML</description>
            <guid>guid:12be50909032b80c:18f81ea7:11f41c537ad:-59bf</guid>
            <versionId>fd32b243-90db-40a8-929a-8e3d6db28a96</versionId>
        </processParameter>
        <processParameter name="params">
            <lastModified isNull="true" />
            <lastModifiedBy isNull="true" />
            <processParameterId>2055.d1a08f5f-1c8f-4199-a975-6b423bfa7784</processParameterId>
            <processId>1.1ec2715d-b00e-47fa-b0a0-c0508ff2fd0f</processId>
            <parameterType>1</parameterType>
            <isArrayOf>false</isArrayOf>
            <classId>/12.90c5b1d3-3fa1-4b3b-ab27-220b0652dc55</classId>
            <seq>3</seq>
            <hasDefault>false</hasDefault>
            <defaultValue isNull="true" />
            <isLocked>false</isLocked>
            <description>Parameters to be used during transformation.</description>
            <guid>guid:12be50909032b80c:18f81ea7:11f41c537ad:-5994</guid>
            <versionId>66ef643b-ddc6-480c-b306-69ec75c4d2f0</versionId>
        </processParameter>
        <processParameter name="results">
            <lastModified isNull="true" />
            <lastModifiedBy isNull="true" />
            <processParameterId>2055.7f97e596-e313-4f11-aed5-e53013947044</processParameterId>
            <processId>1.1ec2715d-b00e-47fa-b0a0-c0508ff2fd0f</processId>
            <parameterType>2</parameterType>
            <isArrayOf>false</isArrayOf>
            <classId>/12.db884a3c-c533-44b7-bb2d-47bec8ad4022</classId>
            <seq>4</seq>
            <hasDefault>false</hasDefault>
            <defaultValue isNull="true" />
            <isLocked>false</isLocked>
            <description isNull="true" />
            <guid>guid:12be50909032b80c:18f81ea7:11f41c537ad:-5983</guid>
            <versionId>b5510224-e7dc-4110-88d2-58b70db00069</versionId>
        </processParameter>
        <item>
            <lastModified isNull="true" />
            <lastModifiedBy isNull="true" />
            <processItemId>2025.4662b61c-9dfd-4e60-b872-22118f2aa1ea</processItemId>
            <processId>1.1ec2715d-b00e-47fa-b0a0-c0508ff2fd0f</processId>
            <name>End</name>
            <tWComponentName>ExitPoint</tWComponentName>
            <tWComponentId>3008.3ad56f66-9aea-497f-9d44-e3682eec1977</tWComponentId>
            <isLogEnabled>false</isLogEnabled>
            <isTraceEnabled>false</isTraceEnabled>
            <traceCategory isNull="true" />
            <traceLevel isNull="true" />
            <traceMessage isNull="true" />
            <traceSymbolTable isNull="true" />
            <isExecutionContextTraced>false</isExecutionContextTraced>
            <saveExecutionContext>true</saveExecutionContext>
            <documentation isNull="true" />
            <isErrorHandlerEnabled>false</isErrorHandlerEnabled>
            <errorHandlerItemId isNull="true" />
            <guid>guid:12be50909032b80c:18f81ea7:11f41c537ad:-5a06</guid>
            <versionId>20cb0dd9-878b-4dc0-9e48-a08fb40dfa94</versionId>
            <layoutData x="289" y="100">
                <errorLink>
                    <controlPoints />
                    <showEndState>false</showEndState>
                    <showName>false</showName>
                </errorLink>
            </layoutData>
            <TWComponent>
                <lastModified isNull="true" />
                <lastModifiedBy isNull="true" />
                <exitPointId>3008.3ad56f66-9aea-497f-9d44-e3682eec1977</exitPointId>
                <haltProcess>false</haltProcess>
                <guid>guid:12be50909032b80c:18f81ea7:11f41c537ad:-5a05</guid>
                <versionId>b7875324-a8b6-4fcf-bc18-52ed41f4cda6</versionId>
            </TWComponent>
        </item>
        <item>
            <lastModified isNull="true" />
            <lastModifiedBy isNull="true" />
            <processItemId>2025.f1788e47-1a87-49ac-ab33-4ffa0405d448</processItemId>
            <processId>1.1ec2715d-b00e-47fa-b0a0-c0508ff2fd0f</processId>
            <name>Transform XML</name>
            <tWComponentName>JavaConnector</tWComponentName>
            <tWComponentId>3022.1cf03e8c-263c-48c7-a2a7-cd2eead18c09</tWComponentId>
            <isLogEnabled>false</isLogEnabled>
            <isTraceEnabled>false</isTraceEnabled>
            <traceCategory isNull="true" />
            <traceLevel isNull="true" />
            <traceMessage isNull="true" />
            <traceSymbolTable isNull="true" />
            <isExecutionContextTraced>false</isExecutionContextTraced>
            <saveExecutionContext>false</saveExecutionContext>
            <documentation isNull="true" />
            <isErrorHandlerEnabled>false</isErrorHandlerEnabled>
            <errorHandlerItemId isNull="true" />
            <guid>guid:12be50909032b80c:18f81ea7:11f41c537ad:-59e9</guid>
            <versionId>4d069915-d432-46cd-b5cc-170b271fc01a</versionId>
            <layoutData x="140" y="85">
                <errorLink>
                    <controlPoints />
                    <showEndState>false</showEndState>
                    <showName>false</showName>
                </errorLink>
            </layoutData>
            <TWComponent>
                <lastModified isNull="true" />
                <lastModifiedBy isNull="true" />
                <javaConnectorId>3022.1cf03e8c-263c-48c7-a2a7-cd2eead18c09</javaConnectorId>
                <definition>&lt;connector&gt;
  &lt;javaClassName&gt;teamworks.XSLConnector&lt;/javaClassName&gt;
  &lt;methodName&gt;transform&lt;/methodName&gt;
  &lt;inputRecord&gt;
    &lt;element type="java.lang.String" nativeType="java.lang.String" parameter="Parameter 0" argument="tw.local.xmlFile" description="XML File Path" /&gt;
    &lt;element type="java.lang.String" nativeType="java.lang.String" parameter="Parameter 1" argument="tw.local.xslFile" description="XSL File Path" /&gt;
    &lt;element type="java.util.HashMap" nativeType="java.util.HashMap" parameter="Parameter 2" argument="tw.local.params" description="Parameters" /&gt;
  &lt;/inputRecord&gt;
  &lt;outputRecord&gt;
    &lt;element type="java.lang.String" nativeType="java.lang.String" parameter="Return Value" argument="tw.local.results" description="" /&gt;
  &lt;/outputRecord&gt;
&lt;/connector&gt;</definition>
                <guid>guid:12be50909032b80c:18f81ea7:11f41c537ad:-59ea</guid>
                <versionId>2e2d42d1-0280-4798-950a-9061a162dd30</versionId>
            </TWComponent>
        </item>
        <startingProcessItemId>2025.f1788e47-1a87-49ac-ab33-4ffa0405d448</startingProcessItemId>
        <errorHandlerItemId isNull="true" />
        <layoutData noConversion="true">
            <errorLink>
                <controlPoints />
                <showEndState>false</showEndState>
                <showName>false</showName>
            </errorLink>
        </layoutData>
        <startPoint>
            <layoutData x="20" y="100">
                <errorLink>
                    <controlPoints />
                    <showEndState>false</showEndState>
                    <showName>false</showName>
                </errorLink>
            </layoutData>
        </startPoint>
        <startLink>
            <fromPort locationId="rightCenter" portType="1" />
            <toPort locationId="leftCenter" portType="2" />
            <layoutData>
                <controlPoints />
                <showEndState>false</showEndState>
                <showName>false</showName>
            </layoutData>
        </startLink>
        <link name="Untitled">
            <lastModified isNull="true" />
            <lastModifiedBy isNull="true" />
            <processLinkId>2027.57e2788f-d94a-4e0a-ac13-2c64dd1a7bb2</processLinkId>
            <processId>1.1ec2715d-b00e-47fa-b0a0-c0508ff2fd0f</processId>
            <description isNull="true" />
            <fromProcessItemId>2025.f1788e47-1a87-49ac-ab33-4ffa0405d448</fromProcessItemId>
            <endStateId>Out</endStateId>
            <toProcessItemId>2025.4662b61c-9dfd-4e60-b872-22118f2aa1ea</toProcessItemId>
            <guid>guid:12be50909032b80c:18f81ea7:11f41c537ad:-59d6</guid>
            <versionId>960a3eaf-2a62-4098-b1f5-c387a72e5802</versionId>
            <layoutData>
                <controlPoints />
                <showEndState>false</showEndState>
                <showName>false</showName>
            </layoutData>
            <fromItemPort locationId="rightCenter" portType="1" />
            <toItemPort locationId="leftCenter" portType="2" />
            <fromProcessItemId>2025.f1788e47-1a87-49ac-ab33-4ffa0405d448</fromProcessItemId>
            <toProcessItemId>2025.4662b61c-9dfd-4e60-b872-22118f2aa1ea</toProcessItemId>
        </link>
    </process>
</teamworks>

