<?xml version="1.0" encoding="UTF-8"?>
<teamworks>
    <process id="1.1ea27d0b-f81e-4292-b273-1ed91bb1f743" name="SQL File to Blob">
        <lastModified>1361372673512</lastModified>
        <lastModifiedBy>Internal TW Admin user</lastModifiedBy>
        <processId>1.1ea27d0b-f81e-4292-b273-1ed91bb1f743</processId>
        <image isNull="true" />
        <tabGroup isNull="true" />
        <startingProcessItemId>2025.fd87c3ca-5874-43d3-9ec5-044157d4d93a</startingProcessItemId>
        <isRootProcess>false</isRootProcess>
        <processType>4</processType>
        <isErrorHandlerEnabled>false</isErrorHandlerEnabled>
        <errorHandlerItemId isNull="true" />
        <isLoggingVariables>false</isLoggingVariables>
        <isTransactional>false</isTransactional>
        <processTimingLevel isNull="true" />
        <participantRef isNull="true" />
        <exposedType isNull="true" />
        <isTrackingEnabled>true</isTrackingEnabled>
        <xmlData isNull="true" />
        <cachingType>false</cachingType>
        <itemLabel isNull="true" />
        <cacheLength>43200</cacheLength>
        <mobileReady>false</mobileReady>
        <sboSyncEnabled>true</sboSyncEnabled>
        <externalId isNull="true" />
        <isSecured>false</isSecured>
        <description>Reads binary data from a file (using streams) and writes the data to a BLOB using the specified SQL statement and returns the results as a list of SQLResult.</description>
        <guid>guid:77a8b4ba28edc846:9d544eb:115aa79594a:-7ffa</guid>
        <versionId>f0d5b99c-9368-4c32-9ea5-fc643ace3a4d</versionId>
        <dependencySummary isNull="true" />
        <processParameter name="sql">
            <lastModified isNull="true" />
            <lastModifiedBy isNull="true" />
            <processParameterId>2055.42e50a81-398b-4913-9f65-d88e1a4bd70b</processParameterId>
            <processId>1.1ea27d0b-f81e-4292-b273-1ed91bb1f743</processId>
            <parameterType>1</parameterType>
            <isArrayOf>false</isArrayOf>
            <classId>/12.db884a3c-c533-44b7-bb2d-47bec8ad4022</classId>
            <seq>2</seq>
            <hasDefault>false</hasDefault>
            <defaultValue isNull="true" />
            <isLocked>false</isLocked>
            <description isNull="true" />
            <guid>guid:197d4ddc90fc5427:-1c619ffe:11def1582ed:-7988</guid>
            <versionId>a2641ee4-19f0-4b8c-9150-5c903c7b295f</versionId>
        </processParameter>
        <processParameter name="parameters">
            <lastModified isNull="true" />
            <lastModifiedBy isNull="true" />
            <processParameterId>2055.a9fe0e55-6995-4b1c-b0d6-f42257666334</processParameterId>
            <processId>1.1ea27d0b-f81e-4292-b273-1ed91bb1f743</processId>
            <parameterType>1</parameterType>
            <isArrayOf>true</isArrayOf>
            <classId>/12.f453f500-ca4e-4264-a371-72c1892e8b7c</classId>
            <seq>3</seq>
            <hasDefault>true</hasDefault>
            <defaultValue>null</defaultValue>
            <isLocked>false</isLocked>
            <description isNull="true" />
            <guid>guid:197d4ddc90fc5427:-1c619ffe:11def1582ed:-7986</guid>
            <versionId>4c7292d0-bec6-4377-868c-3a1226dedafb</versionId>
        </processParameter>
        <processParameter name="maxRows">
            <lastModified isNull="true" />
            <lastModifiedBy isNull="true" />
            <processParameterId>2055.3d4fc056-ae10-4a84-9e45-0d1be514fc93</processParameterId>
            <processId>1.1ea27d0b-f81e-4292-b273-1ed91bb1f743</processId>
            <parameterType>1</parameterType>
            <isArrayOf>false</isArrayOf>
            <classId>/12.3fa0d7a0-828a-4d60-99cc-db5ed143fc2d</classId>
            <seq>4</seq>
            <hasDefault>true</hasDefault>
            <defaultValue>-1</defaultValue>
            <isLocked>false</isLocked>
            <description isNull="true" />
            <guid>guid:197d4ddc90fc5427:-1c619ffe:11def1582ed:-7984</guid>
            <versionId>e50bc068-3315-432a-9bad-52f642eeeaf1</versionId>
        </processParameter>
        <processParameter name="blobParameterIndex">
            <lastModified isNull="true" />
            <lastModifiedBy isNull="true" />
            <processParameterId>2055.17cbb7e4-9387-4935-b399-054aef85c88c</processParameterId>
            <processId>1.1ea27d0b-f81e-4292-b273-1ed91bb1f743</processId>
            <parameterType>1</parameterType>
            <isArrayOf>false</isArrayOf>
            <classId>/12.3fa0d7a0-828a-4d60-99cc-db5ed143fc2d</classId>
            <seq>5</seq>
            <hasDefault>false</hasDefault>
            <defaultValue isNull="true" />
            <isLocked>false</isLocked>
            <description isNull="true" />
            <guid>guid:197d4ddc90fc5427:-1c619ffe:11def1582ed:-7982</guid>
            <versionId>f9a8355a-cab5-4477-a0a2-4aa8362ef714</versionId>
        </processParameter>
        <processParameter name="inputFilePath">
            <lastModified isNull="true" />
            <lastModifiedBy isNull="true" />
            <processParameterId>2055.85a185ea-deb6-4cca-a7fb-451a814da1ef</processParameterId>
            <processId>1.1ea27d0b-f81e-4292-b273-1ed91bb1f743</processId>
            <parameterType>1</parameterType>
            <isArrayOf>false</isArrayOf>
            <classId>/12.db884a3c-c533-44b7-bb2d-47bec8ad4022</classId>
            <seq>6</seq>
            <hasDefault>false</hasDefault>
            <defaultValue isNull="true" />
            <isLocked>false</isLocked>
            <description isNull="true" />
            <guid>guid:197d4ddc90fc5427:-1c619ffe:11def1582ed:-7980</guid>
            <versionId>68e7e1c6-c6f2-4286-8713-4eca4d099578</versionId>
        </processParameter>
        <processParameter name="dataSourceName">
            <lastModified isNull="true" />
            <lastModifiedBy isNull="true" />
            <processParameterId>2055.ad535262-19fb-4231-97d9-36823a6803cf</processParameterId>
            <processId>1.1ea27d0b-f81e-4292-b273-1ed91bb1f743</processId>
            <parameterType>1</parameterType>
            <isArrayOf>false</isArrayOf>
            <classId>/12.db884a3c-c533-44b7-bb2d-47bec8ad4022</classId>
            <seq>7</seq>
            <hasDefault>true</hasDefault>
            <defaultValue>"jdbc/TeamWorksDB"</defaultValue>
            <isLocked>false</isLocked>
            <description isNull="true" />
            <guid>guid:197d4ddc90fc5427:-1c619ffe:11def1582ed:-797e</guid>
            <versionId>96cdfdcf-a375-4eb1-ae47-537cdb6c92c0</versionId>
        </processParameter>
        <processParameter name="results">
            <lastModified isNull="true" />
            <lastModifiedBy isNull="true" />
            <processParameterId>2055.a66a1a90-acb1-43e3-931a-d0d18b215726</processParameterId>
            <processId>1.1ea27d0b-f81e-4292-b273-1ed91bb1f743</processId>
            <parameterType>2</parameterType>
            <isArrayOf>true</isArrayOf>
            <classId>/12.3b1e3757-a1f4-4c3f-bbb8-16fecd4d65c1</classId>
            <seq>8</seq>
            <hasDefault>false</hasDefault>
            <defaultValue isNull="true" />
            <isLocked>false</isLocked>
            <description isNull="true" />
            <guid>guid:197d4ddc90fc5427:-1c619ffe:11def1582ed:-797c</guid>
            <versionId>21c40cac-c4a4-4261-8f34-b3e9a61a219d</versionId>
        </processParameter>
        <item>
            <lastModified isNull="true" />
            <lastModifiedBy isNull="true" />
            <processItemId>2025.1b5c7f51-2955-4a99-97fc-e2f70faccf38</processItemId>
            <processId>1.1ea27d0b-f81e-4292-b273-1ed91bb1f743</processId>
            <name>End</name>
            <tWComponentName>ExitPoint</tWComponentName>
            <tWComponentId>3008.b0fe919f-2ba8-4065-801b-b8e8c5814e60</tWComponentId>
            <isLogEnabled>false</isLogEnabled>
            <isTraceEnabled>false</isTraceEnabled>
            <traceCategory isNull="true" />
            <traceLevel isNull="true" />
            <traceMessage isNull="true" />
            <traceSymbolTable isNull="true" />
            <isExecutionContextTraced>false</isExecutionContextTraced>
            <saveExecutionContext>true</saveExecutionContext>
            <documentation isNull="true" />
            <isErrorHandlerEnabled>false</isErrorHandlerEnabled>
            <errorHandlerItemId isNull="true" />
            <guid>guid:77a8b4ba28edc846:9d544eb:115aa79594a:-7ff9</guid>
            <versionId>5edefc50-bc40-4190-89cd-c4005b5fbe12</versionId>
            <layoutData x="297" y="100">
                <errorLink>
                    <controlPoints />
                    <showEndState>false</showEndState>
                    <showName>false</showName>
                </errorLink>
            </layoutData>
            <TWComponent>
                <lastModified isNull="true" />
                <lastModifiedBy isNull="true" />
                <exitPointId>3008.b0fe919f-2ba8-4065-801b-b8e8c5814e60</exitPointId>
                <haltProcess>false</haltProcess>
                <guid>guid:197d4ddc90fc5427:-1c619ffe:11def1582ed:-7978</guid>
                <versionId>a0bad1f2-1952-4861-91ed-b94542d0f717</versionId>
            </TWComponent>
        </item>
        <item>
            <lastModified isNull="true" />
            <lastModifiedBy isNull="true" />
            <processItemId>2025.fd87c3ca-5874-43d3-9ec5-044157d4d93a</processItemId>
            <processId>1.1ea27d0b-f81e-4292-b273-1ed91bb1f743</processId>
            <name>Write File to Blob</name>
            <tWComponentName>JavaConnector</tWComponentName>
            <tWComponentId>3022.a9af8b7e-73d8-4113-81cb-81d33b46a9f1</tWComponentId>
            <isLogEnabled>false</isLogEnabled>
            <isTraceEnabled>false</isTraceEnabled>
            <traceCategory isNull="true" />
            <traceLevel isNull="true" />
            <traceMessage isNull="true" />
            <traceSymbolTable isNull="true" />
            <isExecutionContextTraced>false</isExecutionContextTraced>
            <saveExecutionContext>false</saveExecutionContext>
            <documentation isNull="true" />
            <isErrorHandlerEnabled>false</isErrorHandlerEnabled>
            <errorHandlerItemId isNull="true" />
            <guid>guid:12be50909032b80c:18f81ea7:11f41c537ad:-77f5</guid>
            <versionId>d4c12f8e-8e31-4e7e-af5d-cdeee1345d9c</versionId>
            <layoutData x="144" y="85">
                <errorLink>
                    <controlPoints />
                    <showEndState>false</showEndState>
                    <showName>false</showName>
                </errorLink>
            </layoutData>
            <TWComponent>
                <lastModified isNull="true" />
                <lastModifiedBy isNull="true" />
                <javaConnectorId>3022.a9af8b7e-73d8-4113-81cb-81d33b46a9f1</javaConnectorId>
                <definition>&lt;connector&gt;
  &lt;javaClassName&gt;teamworks.SQLConnector&lt;/javaClassName&gt;
  &lt;methodName&gt;fileToBlobFlat&lt;/methodName&gt;
  &lt;inputRecord&gt;
    &lt;element type="java.lang.String" nativeType="java.lang.String" parameter="Parameter 0" argument="tw.local.sql" description="SQL Statement (String)" /&gt;
    &lt;element type="teamworks.TWList" nativeType="teamworks.TWList" parameter="Parameter 1" argument="tw.local.parameters" description="Parameter List (TWList)" /&gt;
    &lt;element type="java.lang.Integer" nativeType="java.lang.Integer" parameter="Parameter 2" argument="tw.local.maxRows" description="Max Rows (Integer)" /&gt;
    &lt;element type="java.lang.Integer" nativeType="int" parameter="Parameter 3" argument="tw.local.blobParameterIndex" description="Blob Parameter Index" /&gt;
    &lt;element type="java.lang.String" nativeType="java.lang.String" parameter="Parameter 4" argument="tw.local.inputFilePath" description="Input File Path" /&gt;
    &lt;element type="java.lang.String" nativeType="java.lang.String" parameter="Parameter 5" argument="tw.local.dataSourceName" description="JNDI DataSource Name" /&gt;
  &lt;/inputRecord&gt;
  &lt;outputRecord&gt;
    &lt;element type="java.lang.Object" nativeType="java.lang.Object" parameter="Return Value" argument="tw.local.results" description="" /&gt;
  &lt;/outputRecord&gt;
&lt;/connector&gt;</definition>
                <guid>guid:12be50909032b80c:18f81ea7:11f41c537ad:-77f6</guid>
                <versionId>f2f05395-7b67-4c16-a22b-d03b830c747e</versionId>
            </TWComponent>
        </item>
        <startingProcessItemId>2025.fd87c3ca-5874-43d3-9ec5-044157d4d93a</startingProcessItemId>
        <errorHandlerItemId isNull="true" />
        <layoutData noConversion="true">
            <errorLink>
                <controlPoints />
                <showEndState>false</showEndState>
                <showName>false</showName>
            </errorLink>
        </layoutData>
        <startPoint>
            <layoutData x="20" y="100">
                <errorLink>
                    <controlPoints />
                    <showEndState>false</showEndState>
                    <showName>false</showName>
                </errorLink>
            </layoutData>
        </startPoint>
        <startLink>
            <fromPort locationId="rightCenter" portType="1" />
            <toPort locationId="leftCenter" portType="2" />
            <layoutData>
                <controlPoints />
                <showEndState>false</showEndState>
                <showName>false</showName>
            </layoutData>
        </startLink>
        <link name="Untitled">
            <lastModified isNull="true" />
            <lastModifiedBy isNull="true" />
            <processLinkId>2027.c634d4f7-3ac5-4bda-85c7-ebdd1d4b97b5</processLinkId>
            <processId>1.1ea27d0b-f81e-4292-b273-1ed91bb1f743</processId>
            <description isNull="true" />
            <fromProcessItemId>2025.fd87c3ca-5874-43d3-9ec5-044157d4d93a</fromProcessItemId>
            <endStateId>Out</endStateId>
            <toProcessItemId>2025.1b5c7f51-2955-4a99-97fc-e2f70faccf38</toProcessItemId>
            <guid>guid:12be50909032b80c:18f81ea7:11f41c537ad:-77e8</guid>
            <versionId>5398af06-9e45-4cb9-9f4a-cabc39f8f3c9</versionId>
            <layoutData>
                <controlPoints />
                <showEndState>false</showEndState>
                <showName>false</showName>
            </layoutData>
            <fromItemPort locationId="rightCenter" portType="1" />
            <toItemPort locationId="leftCenter" portType="2" />
            <fromProcessItemId>2025.fd87c3ca-5874-43d3-9ec5-044157d4d93a</fromProcessItemId>
            <toProcessItemId>2025.1b5c7f51-2955-4a99-97fc-e2f70faccf38</toProcessItemId>
        </link>
    </process>
</teamworks>

