<?xml version="1.0" encoding="UTF-8"?>
<teamworks>
    <process id="1.20428f14-f880-4442-a6b7-5735fb0c1f08" name="Transform XML Document using XSL Document">
        <lastModified>1361412273512</lastModified>
        <lastModifiedBy>Internal TW Admin user</lastModifiedBy>
        <processId>1.20428f14-f880-4442-a6b7-5735fb0c1f08</processId>
        <image isNull="true" />
        <tabGroup isNull="true" />
        <startingProcessItemId>2025.2485c818-5104-46e5-976f-b74881d74435</startingProcessItemId>
        <isRootProcess>false</isRootProcess>
        <processType>4</processType>
        <isErrorHandlerEnabled>false</isErrorHandlerEnabled>
        <errorHandlerItemId isNull="true" />
        <isLoggingVariables>false</isLoggingVariables>
        <isTransactional>false</isTransactional>
        <processTimingLevel isNull="true" />
        <participantRef isNull="true" />
        <exposedType isNull="true" />
        <isTrackingEnabled>true</isTrackingEnabled>
        <xmlData isNull="true" />
        <cachingType>false</cachingType>
        <itemLabel isNull="true" />
        <cacheLength>43200</cacheLength>
        <mobileReady>false</mobileReady>
        <sboSyncEnabled>true</sboSyncEnabled>
        <externalId isNull="true" />
        <isSecured>false</isSecured>
        <description>Transforms an XML DOM Document using the specified XSL DOM Document and returns the result as a string. This connector also accepts parameters.</description>
        <guid>guid:12be50909032b80c:18f81ea7:11f41c537ad:-5bb4</guid>
        <versionId>f29a9491-87d5-49f2-8fed-b5c9bb6d66eb</versionId>
        <dependencySummary isNull="true" />
        <processParameter name="xmlDocument">
            <lastModified isNull="true" />
            <lastModifiedBy isNull="true" />
            <processParameterId>2055.7583af5a-c3d6-4cca-9882-83ccba7c9e90</processParameterId>
            <processId>1.20428f14-f880-4442-a6b7-5735fb0c1f08</processId>
            <parameterType>1</parameterType>
            <isArrayOf>false</isArrayOf>
            <classId>/12.4715ae70-6fe9-4d51-a010-20ddb068bcdb</classId>
            <seq>1</seq>
            <hasDefault>false</hasDefault>
            <defaultValue isNull="true" />
            <isLocked>false</isLocked>
            <description>XML document to transform</description>
            <guid>guid:12be50909032b80c:18f81ea7:11f41c537ad:-5b97</guid>
            <versionId>a5980c16-607e-4395-aa35-642380b33c34</versionId>
        </processParameter>
        <processParameter name="xslDocument">
            <lastModified isNull="true" />
            <lastModifiedBy isNull="true" />
            <processParameterId>2055.1cefa782-b110-40c9-9f0d-f9800dc5c9bd</processParameterId>
            <processId>1.20428f14-f880-4442-a6b7-5735fb0c1f08</processId>
            <parameterType>1</parameterType>
            <isArrayOf>false</isArrayOf>
            <classId>/12.4715ae70-6fe9-4d51-a010-20ddb068bcdb</classId>
            <seq>2</seq>
            <hasDefault>false</hasDefault>
            <defaultValue isNull="true" />
            <isLocked>false</isLocked>
            <description>XSL document for transform</description>
            <guid>guid:12be50909032b80c:18f81ea7:11f41c537ad:-5b7e</guid>
            <versionId>d25dd339-afef-4280-982c-381ec5400d8f</versionId>
        </processParameter>
        <processParameter name="params">
            <lastModified isNull="true" />
            <lastModifiedBy isNull="true" />
            <processParameterId>2055.5161e299-cb60-433a-87ac-9f2a83880fe9</processParameterId>
            <processId>1.20428f14-f880-4442-a6b7-5735fb0c1f08</processId>
            <parameterType>1</parameterType>
            <isArrayOf>false</isArrayOf>
            <classId>/12.90c5b1d3-3fa1-4b3b-ab27-220b0652dc55</classId>
            <seq>3</seq>
            <hasDefault>true</hasDefault>
            <defaultValue isNull="true" />
            <isLocked>false</isLocked>
            <description>Parameters to be used during transformation.</description>
            <guid>guid:12be50909032b80c:18f81ea7:11f41c537ad:-5b71</guid>
            <versionId>23744e8f-1eab-4742-a519-cca76062e6c4</versionId>
        </processParameter>
        <processParameter name="results">
            <lastModified isNull="true" />
            <lastModifiedBy isNull="true" />
            <processParameterId>2055.bd38183c-7982-4d4a-af4b-bc54002a2775</processParameterId>
            <processId>1.20428f14-f880-4442-a6b7-5735fb0c1f08</processId>
            <parameterType>2</parameterType>
            <isArrayOf>false</isArrayOf>
            <classId>/12.db884a3c-c533-44b7-bb2d-47bec8ad4022</classId>
            <seq>4</seq>
            <hasDefault>false</hasDefault>
            <defaultValue isNull="true" />
            <isLocked>false</isLocked>
            <description isNull="true" />
            <guid>guid:12be50909032b80c:18f81ea7:11f41c537ad:-5b5c</guid>
            <versionId>ad03e29e-5c07-498f-8343-5212ff907134</versionId>
        </processParameter>
        <item>
            <lastModified isNull="true" />
            <lastModifiedBy isNull="true" />
            <processItemId>2025.2485c818-5104-46e5-976f-b74881d74435</processItemId>
            <processId>1.20428f14-f880-4442-a6b7-5735fb0c1f08</processId>
            <name>Transform XML</name>
            <tWComponentName>JavaConnector</tWComponentName>
            <tWComponentId>3022.066eeccf-fda9-47ab-aa85-796b45c96c58</tWComponentId>
            <isLogEnabled>false</isLogEnabled>
            <isTraceEnabled>false</isTraceEnabled>
            <traceCategory isNull="true" />
            <traceLevel isNull="true" />
            <traceMessage isNull="true" />
            <traceSymbolTable isNull="true" />
            <isExecutionContextTraced>false</isExecutionContextTraced>
            <saveExecutionContext>false</saveExecutionContext>
            <documentation isNull="true" />
            <isErrorHandlerEnabled>false</isErrorHandlerEnabled>
            <errorHandlerItemId isNull="true" />
            <guid>guid:12be50909032b80c:18f81ea7:11f41c537ad:-5ba1</guid>
            <versionId>120b3413-f431-4a3e-91e0-13b628b387f5</versionId>
            <layoutData x="142" y="85">
                <errorLink>
                    <controlPoints />
                    <showEndState>false</showEndState>
                    <showName>false</showName>
                </errorLink>
            </layoutData>
            <TWComponent>
                <lastModified isNull="true" />
                <lastModifiedBy isNull="true" />
                <javaConnectorId>3022.066eeccf-fda9-47ab-aa85-796b45c96c58</javaConnectorId>
                <definition>&lt;connector&gt;
  &lt;javaClassName&gt;teamworks.XSLConnector&lt;/javaClassName&gt;
  &lt;methodName&gt;transform&lt;/methodName&gt;
  &lt;inputRecord&gt;
    &lt;element type="org.jdom.Document" nativeType="org.jdom.Document" parameter="Parameter 0" argument="tw.local.xmlDocument" description="XML Document" /&gt;
    &lt;element type="org.jdom.Document" nativeType="org.jdom.Document" parameter="Parameter 1" argument="tw.local.xslDocument" description="XSL Document" /&gt;
    &lt;element type="java.util.HashMap" nativeType="java.util.HashMap" parameter="Parameter 2" argument="tw.local.params" description="Parameters" /&gt;
  &lt;/inputRecord&gt;
  &lt;outputRecord&gt;
    &lt;element type="java.lang.String" nativeType="java.lang.String" parameter="Return Value" argument="tw.local.results" description="" /&gt;
  &lt;/outputRecord&gt;
&lt;/connector&gt;</definition>
                <guid>guid:12be50909032b80c:18f81ea7:11f41c537ad:-5ba2</guid>
                <versionId>b51ed5c9-779f-446f-9097-4e624197a68f</versionId>
            </TWComponent>
        </item>
        <item>
            <lastModified isNull="true" />
            <lastModifiedBy isNull="true" />
            <processItemId>2025.1c84c389-39f5-4b2d-ad30-8680cf400eff</processItemId>
            <processId>1.20428f14-f880-4442-a6b7-5735fb0c1f08</processId>
            <name>End</name>
            <tWComponentName>ExitPoint</tWComponentName>
            <tWComponentId>3008.f8b04ae6-add0-46dc-bc64-084b1e280db4</tWComponentId>
            <isLogEnabled>false</isLogEnabled>
            <isTraceEnabled>false</isTraceEnabled>
            <traceCategory isNull="true" />
            <traceLevel isNull="true" />
            <traceMessage isNull="true" />
            <traceSymbolTable isNull="true" />
            <isExecutionContextTraced>false</isExecutionContextTraced>
            <saveExecutionContext>true</saveExecutionContext>
            <documentation isNull="true" />
            <isErrorHandlerEnabled>false</isErrorHandlerEnabled>
            <errorHandlerItemId isNull="true" />
            <guid>guid:12be50909032b80c:18f81ea7:11f41c537ad:-5bb2</guid>
            <versionId>dda508aa-0ab3-48a2-91a4-4d83c10a568b</versionId>
            <layoutData x="301" y="100">
                <errorLink>
                    <controlPoints />
                    <showEndState>false</showEndState>
                    <showName>false</showName>
                </errorLink>
            </layoutData>
            <TWComponent>
                <lastModified isNull="true" />
                <lastModifiedBy isNull="true" />
                <exitPointId>3008.f8b04ae6-add0-46dc-bc64-084b1e280db4</exitPointId>
                <haltProcess>false</haltProcess>
                <guid>guid:12be50909032b80c:18f81ea7:11f41c537ad:-5bb1</guid>
                <versionId>f6d2af8c-aa60-47c6-8c86-f09c0bfca6d5</versionId>
            </TWComponent>
        </item>
        <startingProcessItemId>2025.2485c818-5104-46e5-976f-b74881d74435</startingProcessItemId>
        <errorHandlerItemId isNull="true" />
        <layoutData noConversion="true">
            <errorLink>
                <controlPoints />
                <showEndState>false</showEndState>
                <showName>false</showName>
            </errorLink>
        </layoutData>
        <startPoint>
            <layoutData x="20" y="100">
                <errorLink>
                    <controlPoints />
                    <showEndState>false</showEndState>
                    <showName>false</showName>
                </errorLink>
            </layoutData>
        </startPoint>
        <startLink>
            <fromPort locationId="rightCenter" portType="1" />
            <toPort locationId="leftCenter" portType="2" />
            <layoutData>
                <controlPoints />
                <showEndState>false</showEndState>
                <showName>false</showName>
            </layoutData>
        </startLink>
        <link name="Untitled">
            <lastModified isNull="true" />
            <lastModifiedBy isNull="true" />
            <processLinkId>2027.72241a16-4246-4300-8083-6568850e2164</processLinkId>
            <processId>1.20428f14-f880-4442-a6b7-5735fb0c1f08</processId>
            <description isNull="true" />
            <fromProcessItemId>2025.2485c818-5104-46e5-976f-b74881d74435</fromProcessItemId>
            <endStateId>Out</endStateId>
            <toProcessItemId>2025.1c84c389-39f5-4b2d-ad30-8680cf400eff</toProcessItemId>
            <guid>guid:12be50909032b80c:18f81ea7:11f41c537ad:-5b4c</guid>
            <versionId>9584cf16-3840-4d8f-aa56-1b2c652e8b29</versionId>
            <layoutData>
                <controlPoints />
                <showEndState>false</showEndState>
                <showName>false</showName>
            </layoutData>
            <fromItemPort locationId="rightCenter" portType="1" />
            <toItemPort locationId="leftCenter" portType="2" />
            <fromProcessItemId>2025.2485c818-5104-46e5-976f-b74881d74435</fromProcessItemId>
            <toProcessItemId>2025.1c84c389-39f5-4b2d-ad30-8680cf400eff</toProcessItemId>
        </link>
    </process>
</teamworks>

