<?xml version="1.0" encoding="UTF-8"?>
<teamworks>
    <process id="1.2568523a-e77a-440a-8aad-e11b614bebce" name="SQL File to Blob (SQLStatement)">
        <lastModified>1361372673512</lastModified>
        <lastModifiedBy>Internal TW Admin user</lastModifiedBy>
        <processId>1.2568523a-e77a-440a-8aad-e11b614bebce</processId>
        <image isNull="true" />
        <tabGroup isNull="true" />
        <startingProcessItemId>2025.8d47eb4a-a16a-4dff-8860-b1bf0a088586</startingProcessItemId>
        <isRootProcess>false</isRootProcess>
        <processType>4</processType>
        <isErrorHandlerEnabled>false</isErrorHandlerEnabled>
        <errorHandlerItemId isNull="true" />
        <isLoggingVariables>false</isLoggingVariables>
        <isTransactional>false</isTransactional>
        <processTimingLevel isNull="true" />
        <participantRef isNull="true" />
        <exposedType isNull="true" />
        <isTrackingEnabled>true</isTrackingEnabled>
        <xmlData isNull="true" />
        <cachingType>false</cachingType>
        <itemLabel isNull="true" />
        <cacheLength>43200</cacheLength>
        <mobileReady>false</mobileReady>
        <sboSyncEnabled>true</sboSyncEnabled>
        <externalId isNull="true" />
        <isSecured>false</isSecured>
        <description>Reads binary data from a file (using streams) and writes the data to a BLOB using the specified SQL statement and returns the results as a list of SQLResult.</description>
        <guid>guid:12be50909032b80c:18f81ea7:11f41c537ad:-775c</guid>
        <versionId>65a0837a-4433-4d8c-ab38-5a5f291776bf</versionId>
        <dependencySummary isNull="true" />
        <processParameter name="sqlStatement">
            <lastModified isNull="true" />
            <lastModifiedBy isNull="true" />
            <processParameterId>2055.ac8865ce-2618-4644-8696-674aa010de6e</processParameterId>
            <processId>1.2568523a-e77a-440a-8aad-e11b614bebce</processId>
            <parameterType>1</parameterType>
            <isArrayOf>false</isArrayOf>
            <classId>/12.3990d8b4-983d-4250-bd06-3600f527fed0</classId>
            <seq>1</seq>
            <hasDefault>false</hasDefault>
            <defaultValue isNull="true" />
            <isLocked>false</isLocked>
            <description isNull="true" />
            <guid>guid:12be50909032b80c:18f81ea7:11f41c537ad:-773c</guid>
            <versionId>1a408998-2d88-442f-926a-617bbb799e46</versionId>
        </processParameter>
        <processParameter name="blobParameterIndex">
            <lastModified isNull="true" />
            <lastModifiedBy isNull="true" />
            <processParameterId>2055.594aecfa-240d-435d-8308-138deea8a9e8</processParameterId>
            <processId>1.2568523a-e77a-440a-8aad-e11b614bebce</processId>
            <parameterType>1</parameterType>
            <isArrayOf>false</isArrayOf>
            <classId>/12.3fa0d7a0-828a-4d60-99cc-db5ed143fc2d</classId>
            <seq>2</seq>
            <hasDefault>false</hasDefault>
            <defaultValue isNull="true" />
            <isLocked>false</isLocked>
            <description isNull="true" />
            <guid>guid:12be50909032b80c:18f81ea7:11f41c537ad:-772f</guid>
            <versionId>e9542819-c70d-4c9a-96d6-e3af091136ba</versionId>
        </processParameter>
        <processParameter name="inputFilePath">
            <lastModified isNull="true" />
            <lastModifiedBy isNull="true" />
            <processParameterId>2055.95ae08ba-c1f9-4379-9a67-132a6af49721</processParameterId>
            <processId>1.2568523a-e77a-440a-8aad-e11b614bebce</processId>
            <parameterType>1</parameterType>
            <isArrayOf>false</isArrayOf>
            <classId>/12.db884a3c-c533-44b7-bb2d-47bec8ad4022</classId>
            <seq>3</seq>
            <hasDefault>false</hasDefault>
            <defaultValue isNull="true" />
            <isLocked>false</isLocked>
            <description isNull="true" />
            <guid>guid:12be50909032b80c:18f81ea7:11f41c537ad:-772e</guid>
            <versionId>a0d9def1-657e-4904-8a8f-0932fa1e9696</versionId>
        </processParameter>
        <processParameter name="dataSourceName">
            <lastModified isNull="true" />
            <lastModifiedBy isNull="true" />
            <processParameterId>2055.d18ad7d2-c66d-4388-b8cc-f6c92419a8f7</processParameterId>
            <processId>1.2568523a-e77a-440a-8aad-e11b614bebce</processId>
            <parameterType>1</parameterType>
            <isArrayOf>false</isArrayOf>
            <classId>/12.db884a3c-c533-44b7-bb2d-47bec8ad4022</classId>
            <seq>4</seq>
            <hasDefault>true</hasDefault>
            <defaultValue>"jdbc/TeamWorksDB"</defaultValue>
            <isLocked>false</isLocked>
            <description isNull="true" />
            <guid>guid:12be50909032b80c:18f81ea7:11f41c537ad:-772d</guid>
            <versionId>6c65f4b3-ed48-4b9f-8df0-3689e0e65ffe</versionId>
        </processParameter>
        <processParameter name="results">
            <lastModified isNull="true" />
            <lastModifiedBy isNull="true" />
            <processParameterId>2055.f1151300-b48e-4774-b618-458951f32daf</processParameterId>
            <processId>1.2568523a-e77a-440a-8aad-e11b614bebce</processId>
            <parameterType>2</parameterType>
            <isArrayOf>false</isArrayOf>
            <classId>/12.c09c9b6e-aabd-4897-bef2-ed61db106297</classId>
            <seq>5</seq>
            <hasDefault>false</hasDefault>
            <defaultValue isNull="true" />
            <isLocked>false</isLocked>
            <description isNull="true" />
            <guid>guid:12be50909032b80c:18f81ea7:11f41c537ad:-7729</guid>
            <versionId>2649a310-39e0-46d2-8483-4a3e417b1635</versionId>
        </processParameter>
        <item>
            <lastModified isNull="true" />
            <lastModifiedBy isNull="true" />
            <processItemId>2025.705458ab-51e0-480f-92e3-bc73855aa455</processItemId>
            <processId>1.2568523a-e77a-440a-8aad-e11b614bebce</processId>
            <name>End</name>
            <tWComponentName>ExitPoint</tWComponentName>
            <tWComponentId>3008.177f6f17-9b6f-4e7b-855f-e57f72014044</tWComponentId>
            <isLogEnabled>false</isLogEnabled>
            <isTraceEnabled>false</isTraceEnabled>
            <traceCategory isNull="true" />
            <traceLevel isNull="true" />
            <traceMessage isNull="true" />
            <traceSymbolTable isNull="true" />
            <isExecutionContextTraced>false</isExecutionContextTraced>
            <saveExecutionContext>true</saveExecutionContext>
            <documentation isNull="true" />
            <isErrorHandlerEnabled>false</isErrorHandlerEnabled>
            <errorHandlerItemId isNull="true" />
            <guid>guid:12be50909032b80c:18f81ea7:11f41c537ad:-775a</guid>
            <versionId>24e1120b-0367-40e7-929c-bc6df376dbda</versionId>
            <layoutData x="325" y="100">
                <errorLink>
                    <controlPoints />
                    <showEndState>false</showEndState>
                    <showName>false</showName>
                </errorLink>
            </layoutData>
            <TWComponent>
                <lastModified isNull="true" />
                <lastModifiedBy isNull="true" />
                <exitPointId>3008.177f6f17-9b6f-4e7b-855f-e57f72014044</exitPointId>
                <haltProcess>false</haltProcess>
                <guid>guid:12be50909032b80c:18f81ea7:11f41c537ad:-7759</guid>
                <versionId>95010569-0c71-4135-8fb6-9b1d9750b3f7</versionId>
            </TWComponent>
        </item>
        <item>
            <lastModified isNull="true" />
            <lastModifiedBy isNull="true" />
            <processItemId>2025.8d47eb4a-a16a-4dff-8860-b1bf0a088586</processItemId>
            <processId>1.2568523a-e77a-440a-8aad-e11b614bebce</processId>
            <name>Write File to Blob</name>
            <tWComponentName>JavaConnector</tWComponentName>
            <tWComponentId>3022.f416b6e3-290b-46af-a876-1f546e24e7f3</tWComponentId>
            <isLogEnabled>false</isLogEnabled>
            <isTraceEnabled>false</isTraceEnabled>
            <traceCategory isNull="true" />
            <traceLevel isNull="true" />
            <traceMessage isNull="true" />
            <traceSymbolTable isNull="true" />
            <isExecutionContextTraced>false</isExecutionContextTraced>
            <saveExecutionContext>false</saveExecutionContext>
            <documentation isNull="true" />
            <isErrorHandlerEnabled>false</isErrorHandlerEnabled>
            <errorHandlerItemId isNull="true" />
            <guid>guid:12be50909032b80c:18f81ea7:11f41c537ad:-7743</guid>
            <versionId>5620223d-5e6d-40f9-92a3-270acd168f65</versionId>
            <layoutData x="151" y="85">
                <errorLink>
                    <controlPoints />
                    <showEndState>false</showEndState>
                    <showName>false</showName>
                </errorLink>
            </layoutData>
            <TWComponent>
                <lastModified isNull="true" />
                <lastModifiedBy isNull="true" />
                <javaConnectorId>3022.f416b6e3-290b-46af-a876-1f546e24e7f3</javaConnectorId>
                <definition>&lt;connector&gt;
  &lt;javaClassName&gt;teamworks.SQLConnector&lt;/javaClassName&gt;
  &lt;methodName&gt;fileToBlob&lt;/methodName&gt;
  &lt;inputRecord&gt;
    &lt;element type="teamworks.TWObject" nativeType="teamworks.TWObject" parameter="Parameter 0" argument="tw.local.sqlStatement" description="SQL Statement (SQLStatement)" /&gt;
    &lt;element type="java.lang.Integer" nativeType="int" parameter="Parameter 1" argument="tw.local.blobParameterIndex" description="Blob Parameter Index" /&gt;
    &lt;element type="java.lang.String" nativeType="java.lang.String" parameter="Parameter 2" argument="tw.local.inputFilePath" description="Input File Path" /&gt;
    &lt;element type="java.lang.String" nativeType="java.lang.String" parameter="Parameter 3" argument="tw.local.dataSourceName" description="JNDI DataSource Name" /&gt;
  &lt;/inputRecord&gt;
  &lt;outputRecord&gt;
    &lt;element type="java.lang.Object" nativeType="java.lang.Object" parameter="Return Value" argument="tw.local.results" description="" /&gt;
  &lt;/outputRecord&gt;
&lt;/connector&gt;</definition>
                <guid>guid:12be50909032b80c:18f81ea7:11f41c537ad:-7744</guid>
                <versionId>5a1febda-1f5e-4529-a420-0a23d311a211</versionId>
            </TWComponent>
        </item>
        <startingProcessItemId>2025.8d47eb4a-a16a-4dff-8860-b1bf0a088586</startingProcessItemId>
        <errorHandlerItemId isNull="true" />
        <layoutData noConversion="true">
            <errorLink>
                <controlPoints />
                <showEndState>false</showEndState>
                <showName>false</showName>
            </errorLink>
        </layoutData>
        <startPoint>
            <layoutData x="20" y="100">
                <errorLink>
                    <controlPoints />
                    <showEndState>false</showEndState>
                    <showName>false</showName>
                </errorLink>
            </layoutData>
        </startPoint>
        <startLink>
            <fromPort locationId="rightCenter" portType="1" />
            <toPort locationId="leftCenter" portType="2" />
            <layoutData>
                <controlPoints />
                <showEndState>false</showEndState>
                <showName>false</showName>
            </layoutData>
        </startLink>
        <link name="Untitled">
            <lastModified isNull="true" />
            <lastModifiedBy isNull="true" />
            <processLinkId>2027.c7c386a9-a12c-4e74-915c-b6dac757ee16</processLinkId>
            <processId>1.2568523a-e77a-440a-8aad-e11b614bebce</processId>
            <description isNull="true" />
            <fromProcessItemId>2025.8d47eb4a-a16a-4dff-8860-b1bf0a088586</fromProcessItemId>
            <endStateId>Out</endStateId>
            <toProcessItemId>2025.705458ab-51e0-480f-92e3-bc73855aa455</toProcessItemId>
            <guid>guid:12be50909032b80c:18f81ea7:11f41c537ad:-76d7</guid>
            <versionId>7522b92d-fd39-450b-acc5-5c7aa9530df5</versionId>
            <layoutData>
                <controlPoints />
                <showEndState>false</showEndState>
                <showName>false</showName>
            </layoutData>
            <fromItemPort locationId="rightCenter" portType="1" />
            <toItemPort locationId="leftCenter" portType="2" />
            <fromProcessItemId>2025.8d47eb4a-a16a-4dff-8860-b1bf0a088586</fromProcessItemId>
            <toProcessItemId>2025.705458ab-51e0-480f-92e3-bc73855aa455</toProcessItemId>
        </link>
    </process>
</teamworks>

