<?xml version="1.0" encoding="UTF-8"?>
<teamworks>
    <process id="1.34fd1e2b-863c-4dcb-bb1a-49ce53ffab35" name="Validate XML from URL">
        <lastModified>1361372673512</lastModified>
        <lastModifiedBy>Internal TW Admin user</lastModifiedBy>
        <processId>1.34fd1e2b-863c-4dcb-bb1a-49ce53ffab35</processId>
        <image isNull="true" />
        <tabGroup isNull="true" />
        <startingProcessItemId>2025.9d94668f-4da2-43d0-9b58-f5eb2d0f350c</startingProcessItemId>
        <isRootProcess>false</isRootProcess>
        <processType>4</processType>
        <isErrorHandlerEnabled>false</isErrorHandlerEnabled>
        <errorHandlerItemId isNull="true" />
        <isLoggingVariables>false</isLoggingVariables>
        <isTransactional>false</isTransactional>
        <processTimingLevel isNull="true" />
        <participantRef isNull="true" />
        <exposedType isNull="true" />
        <isTrackingEnabled>true</isTrackingEnabled>
        <xmlData isNull="true" />
        <cachingType>false</cachingType>
        <itemLabel isNull="true" />
        <cacheLength>43200</cacheLength>
        <mobileReady>false</mobileReady>
        <sboSyncEnabled>true</sboSyncEnabled>
        <externalId isNull="true" />
        <isSecured>false</isSecured>
        <description isNull="true" />
        <guid>guid:12be50909032b80c:18f81ea7:11f41c537ad:-5d9d</guid>
        <versionId>664a101b-0f62-4a39-ad51-ae3923b9c9ba</versionId>
        <dependencySummary isNull="true" />
        <processParameter name="xmlURL">
            <lastModified isNull="true" />
            <lastModifiedBy isNull="true" />
            <processParameterId>2055.1b123794-14c8-4bf8-98ef-14abff95320e</processParameterId>
            <processId>1.34fd1e2b-863c-4dcb-bb1a-49ce53ffab35</processId>
            <parameterType>1</parameterType>
            <isArrayOf>false</isArrayOf>
            <classId>/12.db884a3c-c533-44b7-bb2d-47bec8ad4022</classId>
            <seq>1</seq>
            <hasDefault>false</hasDefault>
            <defaultValue isNull="true" />
            <isLocked>false</isLocked>
            <description isNull="true" />
            <guid>guid:12be50909032b80c:18f81ea7:11f41c537ad:-5d8d</guid>
            <versionId>313f7d52-f18b-4eab-955d-e47e8c257f12</versionId>
        </processParameter>
        <processParameter name="isValid">
            <lastModified isNull="true" />
            <lastModifiedBy isNull="true" />
            <processParameterId>2055.95e2979f-f40c-45cd-b064-e9a76db4d487</processParameterId>
            <processId>1.34fd1e2b-863c-4dcb-bb1a-49ce53ffab35</processId>
            <parameterType>2</parameterType>
            <isArrayOf>false</isArrayOf>
            <classId>/12.83ff975e-8dbc-42e5-b738-fa8bc08274a2</classId>
            <seq>2</seq>
            <hasDefault>false</hasDefault>
            <defaultValue isNull="true" />
            <isLocked>false</isLocked>
            <description isNull="true" />
            <guid>guid:12be50909032b80c:18f81ea7:11f41c537ad:-5d80</guid>
            <versionId>9815c6c4-9692-4a2b-b3c3-b405aa973e69</versionId>
        </processParameter>
        <processParameter name="errorMessage">
            <lastModified isNull="true" />
            <lastModifiedBy isNull="true" />
            <processParameterId>2055.5ac2e22a-867b-4be0-a2c9-0a16b905e502</processParameterId>
            <processId>1.34fd1e2b-863c-4dcb-bb1a-49ce53ffab35</processId>
            <parameterType>2</parameterType>
            <isArrayOf>false</isArrayOf>
            <classId>/12.db884a3c-c533-44b7-bb2d-47bec8ad4022</classId>
            <seq>3</seq>
            <hasDefault>false</hasDefault>
            <defaultValue isNull="true" />
            <isLocked>false</isLocked>
            <description isNull="true" />
            <guid>guid:12be50909032b80c:18f81ea7:11f41c537ad:-5d7f</guid>
            <versionId>cb32779b-e606-4da4-9883-0d7fc2e56ce9</versionId>
        </processParameter>
        <processVariable name="results">
            <lastModified isNull="true" />
            <lastModifiedBy isNull="true" />
            <processVariableId>2056.99fc4e0f-2bcd-4474-b7e8-28a5dcd403c5</processVariableId>
            <description isNull="true" />
            <processId>1.34fd1e2b-863c-4dcb-bb1a-49ce53ffab35</processId>
            <namespace>2</namespace>
            <seq>1</seq>
            <isArrayOf>false</isArrayOf>
            <classId>/12.90c5b1d3-3fa1-4b3b-ab27-220b0652dc55</classId>
            <hasDefault>false</hasDefault>
            <defaultValue isNull="true" />
            <guid>guid:12be50909032b80c:18f81ea7:11f41c537ad:-5d7e</guid>
            <versionId>281d52c4-6175-4a1f-ac10-275d2c5f7178</versionId>
        </processVariable>
        <item>
            <lastModified isNull="true" />
            <lastModifiedBy isNull="true" />
            <processItemId>2025.9d94668f-4da2-43d0-9b58-f5eb2d0f350c</processItemId>
            <processId>1.34fd1e2b-863c-4dcb-bb1a-49ce53ffab35</processId>
            <name>Validate XML</name>
            <tWComponentName>JavaConnector</tWComponentName>
            <tWComponentId>3022.31d8de50-87b0-4069-81b2-cd2aae36abe6</tWComponentId>
            <isLogEnabled>false</isLogEnabled>
            <isTraceEnabled>false</isTraceEnabled>
            <traceCategory isNull="true" />
            <traceLevel isNull="true" />
            <traceMessage isNull="true" />
            <traceSymbolTable isNull="true" />
            <isExecutionContextTraced>false</isExecutionContextTraced>
            <saveExecutionContext>false</saveExecutionContext>
            <documentation isNull="true" />
            <isErrorHandlerEnabled>false</isErrorHandlerEnabled>
            <errorHandlerItemId isNull="true" />
            <guid>guid:12be50909032b80c:18f81ea7:11f41c537ad:-5d4e</guid>
            <versionId>30a2545c-66af-47e8-af0a-7bcd7009f5d9</versionId>
            <layoutData x="115" y="85">
                <errorLink>
                    <controlPoints />
                    <showEndState>false</showEndState>
                    <showName>false</showName>
                </errorLink>
            </layoutData>
            <TWComponent>
                <lastModified isNull="true" />
                <lastModifiedBy isNull="true" />
                <javaConnectorId>3022.31d8de50-87b0-4069-81b2-cd2aae36abe6</javaConnectorId>
                <definition>&lt;connector&gt;
  &lt;javaClassName&gt;teamworks.SimpleXMLValidator&lt;/javaClassName&gt;
  &lt;methodName&gt;validate&lt;/methodName&gt;
  &lt;inputRecord&gt;
    &lt;element type="java.net.URL" nativeType="java.net.URL" parameter="Parameter 0" argument="tw.local.xmlURL" description="*URL" /&gt;
  &lt;/inputRecord&gt;
  &lt;outputRecord&gt;
    &lt;element type="java.util.HashMap" nativeType="java.util.HashMap" parameter="Return Value" argument="tw.local.results" description="" /&gt;
  &lt;/outputRecord&gt;
&lt;/connector&gt;</definition>
                <guid>guid:12be50909032b80c:18f81ea7:11f41c537ad:-5d4f</guid>
                <versionId>c23d6a38-6a24-48d0-9c27-1f1d7733ed3d</versionId>
            </TWComponent>
        </item>
        <item>
            <lastModified isNull="true" />
            <lastModifiedBy isNull="true" />
            <processItemId>2025.eee65ce5-2a10-4611-b629-8033e106e8e0</processItemId>
            <processId>1.34fd1e2b-863c-4dcb-bb1a-49ce53ffab35</processId>
            <name>End</name>
            <tWComponentName>ExitPoint</tWComponentName>
            <tWComponentId>3008.89e9fcb2-cc9c-4c87-b516-80d0522bb4f1</tWComponentId>
            <isLogEnabled>false</isLogEnabled>
            <isTraceEnabled>false</isTraceEnabled>
            <traceCategory isNull="true" />
            <traceLevel isNull="true" />
            <traceMessage isNull="true" />
            <traceSymbolTable isNull="true" />
            <isExecutionContextTraced>false</isExecutionContextTraced>
            <saveExecutionContext>true</saveExecutionContext>
            <documentation isNull="true" />
            <isErrorHandlerEnabled>false</isErrorHandlerEnabled>
            <errorHandlerItemId isNull="true" />
            <guid>guid:12be50909032b80c:18f81ea7:11f41c537ad:-5d9b</guid>
            <versionId>98492864-6c1d-4219-9c6e-24258759020c</versionId>
            <layoutData x="395" y="100">
                <errorLink>
                    <controlPoints />
                    <showEndState>false</showEndState>
                    <showName>false</showName>
                </errorLink>
            </layoutData>
            <TWComponent>
                <lastModified isNull="true" />
                <lastModifiedBy isNull="true" />
                <exitPointId>3008.89e9fcb2-cc9c-4c87-b516-80d0522bb4f1</exitPointId>
                <haltProcess>false</haltProcess>
                <guid>guid:12be50909032b80c:18f81ea7:11f41c537ad:-5d9a</guid>
                <versionId>79d5645b-3f94-4996-835c-faf9548fdce2</versionId>
            </TWComponent>
        </item>
        <item>
            <lastModified isNull="true" />
            <lastModifiedBy isNull="true" />
            <processItemId>2025.24b49c31-b2a5-4a34-a061-7c15a622bd69</processItemId>
            <processId>1.34fd1e2b-863c-4dcb-bb1a-49ce53ffab35</processId>
            <name>Extract XML Validation Results</name>
            <tWComponentName>SubProcess</tWComponentName>
            <tWComponentId>3012.a54e712a-2f07-462c-9ec2-52353f2a494d</tWComponentId>
            <isLogEnabled>false</isLogEnabled>
            <isTraceEnabled>false</isTraceEnabled>
            <traceCategory isNull="true" />
            <traceLevel isNull="true" />
            <traceMessage isNull="true" />
            <traceSymbolTable isNull="true" />
            <isExecutionContextTraced>false</isExecutionContextTraced>
            <saveExecutionContext>true</saveExecutionContext>
            <documentation isNull="true" />
            <isErrorHandlerEnabled>false</isErrorHandlerEnabled>
            <errorHandlerItemId isNull="true" />
            <guid>guid:12be50909032b80c:18f81ea7:11f41c537ad:-5cd2</guid>
            <versionId>9c8e1b72-fbc1-4257-b366-b14ca552dd51</versionId>
            <layoutData x="254" y="85">
                <errorLink>
                    <controlPoints />
                    <showEndState>false</showEndState>
                    <showName>false</showName>
                </errorLink>
            </layoutData>
            <TWComponent>
                <lastModified isNull="true" />
                <lastModifiedBy isNull="true" />
                <subProcessId>3012.a54e712a-2f07-462c-9ec2-52353f2a494d</subProcessId>
                <attachedProcessRef>/1.10bc573c-8696-4342-b22b-73f01ecacaf6</attachedProcessRef>
                <guid>guid:12be50909032b80c:18f81ea7:11f41c537ad:-5cd1</guid>
                <versionId>2b447f92-3071-4c3e-ac68-bd23a81a25e7</versionId>
                <parameterMapping name="isValid">
                    <lastModified isNull="true" />
                    <lastModifiedBy isNull="true" />
                    <parameterMappingId>2054.4a43ab0d-85d5-4a27-a6e4-c98742c84d08</parameterMappingId>
                    <processParameterId>2055.a4f8e847-12e0-468f-a18d-0a80cabc7f8a</processParameterId>
                    <parameterMappingParentId>3012.a54e712a-2f07-462c-9ec2-52353f2a494d</parameterMappingParentId>
                    <useDefault>false</useDefault>
                    <value>tw.local.isValid</value>
                    <classRef>/12.83ff975e-8dbc-42e5-b738-fa8bc08274a2</classRef>
                    <isList>false</isList>
                    <isInput>false</isInput>
                    <guid>guid:12be50909032b80c:18f81ea7:11f41c537ad:-5c5d</guid>
                    <versionId>d9812f08-47e3-4bd4-9309-5cf019ca2e9f</versionId>
                    <description isNull="true" />
                </parameterMapping>
                <parameterMapping name="errorMessage">
                    <lastModified isNull="true" />
                    <lastModifiedBy isNull="true" />
                    <parameterMappingId>2054.a6690ef5-b9bb-4c24-8620-9d6e8d63b051</parameterMappingId>
                    <processParameterId>2055.5bf2c6e3-3908-4ae5-a55c-cb682e990c47</processParameterId>
                    <parameterMappingParentId>3012.a54e712a-2f07-462c-9ec2-52353f2a494d</parameterMappingParentId>
                    <useDefault>false</useDefault>
                    <value>tw.local.errorMessage</value>
                    <classRef>/12.db884a3c-c533-44b7-bb2d-47bec8ad4022</classRef>
                    <isList>false</isList>
                    <isInput>false</isInput>
                    <guid>guid:12be50909032b80c:18f81ea7:11f41c537ad:-5c5c</guid>
                    <versionId>d99cafbb-08d5-4168-be44-79aeddfa61c0</versionId>
                    <description isNull="true" />
                </parameterMapping>
                <parameterMapping name="results">
                    <lastModified isNull="true" />
                    <lastModifiedBy isNull="true" />
                    <parameterMappingId>2054.d4aeb7f6-c55f-47ee-b25f-6cd9efa733c2</parameterMappingId>
                    <processParameterId>2055.70bf4cef-a511-41ae-b6ad-2142118c11c8</processParameterId>
                    <parameterMappingParentId>3012.a54e712a-2f07-462c-9ec2-52353f2a494d</parameterMappingParentId>
                    <useDefault>false</useDefault>
                    <value>tw.local.results</value>
                    <classRef>/12.90c5b1d3-3fa1-4b3b-ab27-220b0652dc55</classRef>
                    <isList>false</isList>
                    <isInput>true</isInput>
                    <guid>guid:12be50909032b80c:18f81ea7:11f41c537ad:-5c61</guid>
                    <versionId>e66b97d8-dec4-408d-aa0f-2153ea252fde</versionId>
                    <description isNull="true" />
                </parameterMapping>
            </TWComponent>
        </item>
        <startingProcessItemId>2025.9d94668f-4da2-43d0-9b58-f5eb2d0f350c</startingProcessItemId>
        <errorHandlerItemId isNull="true" />
        <layoutData noConversion="true">
            <errorLink>
                <controlPoints />
                <showEndState>false</showEndState>
                <showName>false</showName>
            </errorLink>
        </layoutData>
        <startPoint>
            <layoutData x="20" y="100">
                <errorLink>
                    <controlPoints />
                    <showEndState>false</showEndState>
                    <showName>false</showName>
                </errorLink>
            </layoutData>
        </startPoint>
        <startLink>
            <fromPort locationId="rightCenter" portType="1" />
            <toPort locationId="leftCenter" portType="2" />
            <layoutData>
                <controlPoints />
                <showEndState>false</showEndState>
                <showName>false</showName>
            </layoutData>
        </startLink>
        <link name="Untitled">
            <lastModified isNull="true" />
            <lastModifiedBy isNull="true" />
            <processLinkId>2027.4b77647f-bfeb-458a-a4c6-11ed29a2aa77</processLinkId>
            <processId>1.34fd1e2b-863c-4dcb-bb1a-49ce53ffab35</processId>
            <description isNull="true" />
            <fromProcessItemId>2025.24b49c31-b2a5-4a34-a061-7c15a622bd69</fromProcessItemId>
            <endStateId>guid:12be50909032b80c:18f81ea7:11f41c537ad:-5d62</endStateId>
            <toProcessItemId>2025.eee65ce5-2a10-4611-b629-8033e106e8e0</toProcessItemId>
            <guid>guid:12be50909032b80c:18f81ea7:11f41c537ad:-5c6b</guid>
            <versionId>0540ceab-7c95-4b10-a22f-083bf5550850</versionId>
            <layoutData>
                <controlPoints />
                <showEndState>false</showEndState>
                <showName>false</showName>
            </layoutData>
            <fromItemPort locationId="rightCenter" portType="1" />
            <toItemPort locationId="leftCenter" portType="2" />
            <fromProcessItemId>2025.24b49c31-b2a5-4a34-a061-7c15a622bd69</fromProcessItemId>
            <toProcessItemId>2025.eee65ce5-2a10-4611-b629-8033e106e8e0</toProcessItemId>
        </link>
        <link name="Untitled">
            <lastModified isNull="true" />
            <lastModifiedBy isNull="true" />
            <processLinkId>2027.aea476e9-d705-4f94-9d4a-2ccdc362be3f</processLinkId>
            <processId>1.34fd1e2b-863c-4dcb-bb1a-49ce53ffab35</processId>
            <description isNull="true" />
            <fromProcessItemId>2025.9d94668f-4da2-43d0-9b58-f5eb2d0f350c</fromProcessItemId>
            <endStateId>Out</endStateId>
            <toProcessItemId>2025.24b49c31-b2a5-4a34-a061-7c15a622bd69</toProcessItemId>
            <guid>guid:12be50909032b80c:18f81ea7:11f41c537ad:-5c6c</guid>
            <versionId>934fa2ef-4338-4778-bfad-cbf26706b057</versionId>
            <layoutData>
                <controlPoints />
                <showEndState>false</showEndState>
                <showName>false</showName>
            </layoutData>
            <fromItemPort locationId="rightCenter" portType="1" />
            <toItemPort locationId="leftCenter" portType="2" />
            <fromProcessItemId>2025.9d94668f-4da2-43d0-9b58-f5eb2d0f350c</fromProcessItemId>
            <toProcessItemId>2025.24b49c31-b2a5-4a34-a061-7c15a622bd69</toProcessItemId>
        </link>
    </process>
</teamworks>

