<?xml version="1.0" encoding="UTF-8"?>
<teamworks>
    <process id="1.36841ef6-754a-43cd-8da8-73429737a99d" name="lsw Save Conditional Activity Template">
        <lastModified>1361372673512</lastModified>
        <lastModifiedBy>Internal TW Admin user</lastModifiedBy>
        <processId>1.36841ef6-754a-43cd-8da8-73429737a99d</processId>
        <image isNull="true" />
        <tabGroup isNull="true" />
        <startingProcessItemId>2025.6d51b082-47ce-454e-824d-a4e8e8602237</startingProcessItemId>
        <isRootProcess>false</isRootProcess>
        <processType>6</processType>
        <isErrorHandlerEnabled>false</isErrorHandlerEnabled>
        <errorHandlerItemId isNull="true" />
        <isLoggingVariables>false</isLoggingVariables>
        <isTransactional>false</isTransactional>
        <processTimingLevel isNull="true" />
        <participantRef isNull="true" />
        <exposedType isNull="true" />
        <isTrackingEnabled>true</isTrackingEnabled>
        <xmlData isNull="true" />
        <cachingType>false</cachingType>
        <itemLabel isNull="true" />
        <cacheLength>43200</cacheLength>
        <mobileReady>false</mobileReady>
        <sboSyncEnabled>true</sboSyncEnabled>
        <externalId isNull="true" />
        <isSecured>false</isSecured>
        <description isNull="true" />
        <guid>guid:5a54f1704f1c1577:-6b56085f:12370558356:-7f84</guid>
        <versionId>489c5f69-2508-4d6b-9164-f71fc99f13c2</versionId>
        <dependencySummary isNull="true" />
        <processParameter name="templateID">
            <lastModified isNull="true" />
            <lastModifiedBy isNull="true" />
            <processParameterId>2055.c96fa454-3b43-450b-8668-34e3263238e0</processParameterId>
            <processId>1.36841ef6-754a-43cd-8da8-73429737a99d</processId>
            <parameterType>1</parameterType>
            <isArrayOf>false</isArrayOf>
            <classId>/12.db884a3c-c533-44b7-bb2d-47bec8ad4022</classId>
            <seq>1</seq>
            <hasDefault>true</hasDefault>
            <defaultValue>""</defaultValue>
            <isLocked>false</isLocked>
            <description>The template ID (if any)</description>
            <guid>guid:5a54f1704f1c1577:-6b56085f:12370558356:-7f80</guid>
            <versionId>0d14077e-d494-4dbb-8e4c-1de7af269160</versionId>
        </processParameter>
        <processParameter name="templateName">
            <lastModified isNull="true" />
            <lastModifiedBy isNull="true" />
            <processParameterId>2055.4a53e946-34d3-48f3-976d-656822584aef</processParameterId>
            <processId>1.36841ef6-754a-43cd-8da8-73429737a99d</processId>
            <parameterType>1</parameterType>
            <isArrayOf>false</isArrayOf>
            <classId>/12.db884a3c-c533-44b7-bb2d-47bec8ad4022</classId>
            <seq>2</seq>
            <hasDefault>false</hasDefault>
            <defaultValue isNull="true" />
            <isLocked>false</isLocked>
            <description>The template name</description>
            <guid>guid:5a54f1704f1c1577:-6b56085f:12370558356:-7f7f</guid>
            <versionId>2d51ed8f-4029-4a7b-985f-90993898bb96</versionId>
        </processParameter>
        <processParameter name="bpdGUID">
            <lastModified isNull="true" />
            <lastModifiedBy isNull="true" />
            <processParameterId>2055.0c8b09c0-2b28-49e1-be8d-b178ded2be09</processParameterId>
            <processId>1.36841ef6-754a-43cd-8da8-73429737a99d</processId>
            <parameterType>1</parameterType>
            <isArrayOf>false</isArrayOf>
            <classId>/12.db884a3c-c533-44b7-bb2d-47bec8ad4022</classId>
            <seq>3</seq>
            <hasDefault>false</hasDefault>
            <defaultValue isNull="true" />
            <isLocked>false</isLocked>
            <description isNull="true" />
            <guid>guid:5a54f1704f1c1577:-6b56085f:12370558356:-7f7e</guid>
            <versionId>d9bd427b-7b7a-432f-adc3-c110ff205487</versionId>
        </processParameter>
        <processParameter name="selectedConditionalActivities">
            <lastModified isNull="true" />
            <lastModifiedBy isNull="true" />
            <processParameterId>2055.01d29e81-2b95-4725-96e6-f211606652b1</processParameterId>
            <processId>1.36841ef6-754a-43cd-8da8-73429737a99d</processId>
            <parameterType>1</parameterType>
            <isArrayOf>true</isArrayOf>
            <classId>/12.db884a3c-c533-44b7-bb2d-47bec8ad4022</classId>
            <seq>4</seq>
            <hasDefault>false</hasDefault>
            <defaultValue isNull="true" />
            <isLocked>false</isLocked>
            <description>The GUIDs of the selected conditional activities to save in the template</description>
            <guid>guid:5a54f1704f1c1577:-6b56085f:12370558356:-7f7d</guid>
            <versionId>88cfd3ae-595c-40f9-9520-68bd5d7508c8</versionId>
        </processParameter>
        <processParameter name="templateID">
            <lastModified isNull="true" />
            <lastModifiedBy isNull="true" />
            <processParameterId>2055.65430e7d-2164-4c1d-bc82-6f62f25ce6ab</processParameterId>
            <processId>1.36841ef6-754a-43cd-8da8-73429737a99d</processId>
            <parameterType>2</parameterType>
            <isArrayOf>false</isArrayOf>
            <classId>/12.db884a3c-c533-44b7-bb2d-47bec8ad4022</classId>
            <seq>5</seq>
            <hasDefault>false</hasDefault>
            <defaultValue isNull="true" />
            <isLocked>false</isLocked>
            <description>The (new) template ID</description>
            <guid>guid:5a54f1704f1c1577:-6b56085f:12370558356:-7f7c</guid>
            <versionId>3c178052-3378-4be8-a6da-9802bf33e69c</versionId>
        </processParameter>
        <processVariable name="deleteDataSQL">
            <lastModified isNull="true" />
            <lastModifiedBy isNull="true" />
            <processVariableId>2056.b9f91d6a-6d4f-4166-b8de-dfb2e7c42b21</processVariableId>
            <description isNull="true" />
            <processId>1.36841ef6-754a-43cd-8da8-73429737a99d</processId>
            <namespace>2</namespace>
            <seq>1</seq>
            <isArrayOf>false</isArrayOf>
            <classId>/12.db884a3c-c533-44b7-bb2d-47bec8ad4022</classId>
            <hasDefault>false</hasDefault>
            <defaultValue isNull="true" />
            <guid>guid:5a54f1704f1c1577:-6b56085f:12370558356:-7f7b</guid>
            <versionId>e02b74f9-1eb1-4305-be12-08076cd7fd6e</versionId>
        </processVariable>
        <processVariable name="insertDataSQL">
            <lastModified isNull="true" />
            <lastModifiedBy isNull="true" />
            <processVariableId>2056.5d139235-5cb1-4b95-8a6c-f270a71514a3</processVariableId>
            <description isNull="true" />
            <processId>1.36841ef6-754a-43cd-8da8-73429737a99d</processId>
            <namespace>2</namespace>
            <seq>2</seq>
            <isArrayOf>false</isArrayOf>
            <classId>/12.db884a3c-c533-44b7-bb2d-47bec8ad4022</classId>
            <hasDefault>false</hasDefault>
            <defaultValue isNull="true" />
            <guid>guid:5a54f1704f1c1577:-6b56085f:12370558356:-7f7a</guid>
            <versionId>420bf8a9-f91a-436b-9151-5233fcd1988d</versionId>
        </processVariable>
        <processVariable name="sqlStatements">
            <lastModified isNull="true" />
            <lastModifiedBy isNull="true" />
            <processVariableId>2056.2fa0fdf4-2dcb-470a-8209-57eecfbc65b6</processVariableId>
            <description isNull="true" />
            <processId>1.36841ef6-754a-43cd-8da8-73429737a99d</processId>
            <namespace>2</namespace>
            <seq>3</seq>
            <isArrayOf>true</isArrayOf>
            <classId>/12.3990d8b4-983d-4250-bd06-3600f527fed0</classId>
            <hasDefault>false</hasDefault>
            <defaultValue isNull="true" />
            <guid>guid:5a54f1704f1c1577:-6b56085f:12370558356:-7f79</guid>
            <versionId>bff14531-aa44-49ee-9a90-9ee203545114</versionId>
        </processVariable>
        <processVariable name="templateSQLStatement">
            <lastModified isNull="true" />
            <lastModifiedBy isNull="true" />
            <processVariableId>2056.1bf8a200-46b6-4727-9a85-23701115c370</processVariableId>
            <description isNull="true" />
            <processId>1.36841ef6-754a-43cd-8da8-73429737a99d</processId>
            <namespace>2</namespace>
            <seq>4</seq>
            <isArrayOf>false</isArrayOf>
            <classId>/12.3990d8b4-983d-4250-bd06-3600f527fed0</classId>
            <hasDefault>false</hasDefault>
            <defaultValue isNull="true" />
            <guid>guid:5a54f1704f1c1577:-6b56085f:12370558356:-7f78</guid>
            <versionId>8f5e9a1a-0e7c-428d-872f-825a4c2a1220</versionId>
        </processVariable>
        <item>
            <lastModified isNull="true" />
            <lastModifiedBy isNull="true" />
            <processItemId>2025.04c70799-93b0-4e63-a0cb-5a23179e8533</processItemId>
            <processId>1.36841ef6-754a-43cd-8da8-73429737a99d</processId>
            <name>Build Delete Data SQL</name>
            <tWComponentName>Script</tWComponentName>
            <tWComponentId>3011.f7ff2b3d-8aa9-488d-82bf-6a167eead125</tWComponentId>
            <isLogEnabled>false</isLogEnabled>
            <isTraceEnabled>false</isTraceEnabled>
            <traceCategory isNull="true" />
            <traceLevel isNull="true" />
            <traceMessage isNull="true" />
            <traceSymbolTable isNull="true" />
            <isExecutionContextTraced>false</isExecutionContextTraced>
            <saveExecutionContext>false</saveExecutionContext>
            <documentation isNull="true" />
            <isErrorHandlerEnabled>false</isErrorHandlerEnabled>
            <errorHandlerItemId isNull="true" />
            <guid>guid:5a54f1704f1c1577:-6b56085f:12370558356:-7f5f</guid>
            <versionId>13574e77-cb1d-4a93-a477-e0155feba5c8</versionId>
            <layoutData x="351" y="88">
                <errorLink>
                    <controlPoints />
                    <showEndState>false</showEndState>
                    <showName>false</showName>
                </errorLink>
            </layoutData>
            <TWComponent>
                <lastModified isNull="true" />
                <lastModifiedBy isNull="true" />
                <scriptId>3011.f7ff2b3d-8aa9-488d-82bf-6a167eead125</scriptId>
                <scriptTypeId>128</scriptTypeId>
                <isActive>true</isActive>
                <script>tw.local.deleteDataSQL
DELETE FROM lsw_ca_template_data 
WHERE id = ?</script>
                <isRule>false</isRule>
                <guid>guid:5a54f1704f1c1577:-6b56085f:12370558356:-7f60</guid>
                <versionId>0c46a6ca-f363-4b9b-a6f0-d07c1d9cc7c5</versionId>
            </TWComponent>
        </item>
        <item>
            <lastModified isNull="true" />
            <lastModifiedBy isNull="true" />
            <processItemId>2025.15ab708e-8590-4f46-a297-4c7750ab7e6b</processItemId>
            <processId>1.36841ef6-754a-43cd-8da8-73429737a99d</processId>
            <name>Create Update Template Statement</name>
            <tWComponentName>SubProcess</tWComponentName>
            <tWComponentId>3012.15db4924-aab4-4eb4-8c77-9900c0da1af0</tWComponentId>
            <isLogEnabled>false</isLogEnabled>
            <isTraceEnabled>false</isTraceEnabled>
            <traceCategory isNull="true" />
            <traceLevel isNull="true" />
            <traceMessage isNull="true" />
            <traceSymbolTable isNull="true" />
            <isExecutionContextTraced>false</isExecutionContextTraced>
            <saveExecutionContext>false</saveExecutionContext>
            <documentation isNull="true" />
            <isErrorHandlerEnabled>false</isErrorHandlerEnabled>
            <errorHandlerItemId isNull="true" />
            <guid>guid:5a54f1704f1c1577:-6b56085f:12370558356:-7f6f</guid>
            <versionId>35753b10-f575-4bc3-8659-3ec3c52a33a8</versionId>
            <layoutData x="215" y="135">
                <errorLink>
                    <controlPoints />
                    <showEndState>false</showEndState>
                    <showName>false</showName>
                </errorLink>
            </layoutData>
            <TWComponent>
                <lastModified isNull="true" />
                <lastModifiedBy isNull="true" />
                <subProcessId>3012.15db4924-aab4-4eb4-8c77-9900c0da1af0</subProcessId>
                <attachedProcessRef>/1.5a9202c7-6f7b-440a-8d6c-f9fd24ed3b92</attachedProcessRef>
                <guid>guid:5a54f1704f1c1577:-6b56085f:12370558356:-7f6e</guid>
                <versionId>b34146f3-ccb0-43b4-a96f-ee6ff7063fe4</versionId>
                <parameterMapping name="sqlStatement">
                    <lastModified isNull="true" />
                    <lastModifiedBy isNull="true" />
                    <parameterMappingId>2054.f3438d9c-d6b5-46e6-951a-543035bd93ea</parameterMappingId>
                    <processParameterId>2055.e46fc0e7-7fad-46b2-95cd-e7d4dc4a0786</processParameterId>
                    <parameterMappingParentId>3012.15db4924-aab4-4eb4-8c77-9900c0da1af0</parameterMappingParentId>
                    <useDefault>false</useDefault>
                    <value>tw.local.templateSQLStatement</value>
                    <classRef>/12.3990d8b4-983d-4250-bd06-3600f527fed0</classRef>
                    <isList>false</isList>
                    <isInput>false</isInput>
                    <guid>guid:5a54f1704f1c1577:-6b56085f:12370558356:-7f63</guid>
                    <versionId>39b55b1a-65d1-4c34-88b8-a86af5a95680</versionId>
                    <description isNull="true" />
                </parameterMapping>
                <parameterMapping name="templateID">
                    <lastModified isNull="true" />
                    <lastModifiedBy isNull="true" />
                    <parameterMappingId>2054.c4fbfe0b-933b-46aa-92dd-2616f1a951a4</parameterMappingId>
                    <processParameterId>2055.ac6f4f39-a36c-42d9-a7bc-34997ba5b559</processParameterId>
                    <parameterMappingParentId>3012.15db4924-aab4-4eb4-8c77-9900c0da1af0</parameterMappingParentId>
                    <useDefault>false</useDefault>
                    <value>tw.local.templateID</value>
                    <classRef>/12.db884a3c-c533-44b7-bb2d-47bec8ad4022</classRef>
                    <isList>false</isList>
                    <isInput>true</isInput>
                    <guid>guid:5a54f1704f1c1577:-6b56085f:12370558356:-7f65</guid>
                    <versionId>b27b321b-9d9c-4f5c-ae87-00fd6ba366e1</versionId>
                    <description isNull="true" />
                </parameterMapping>
                <parameterMapping name="templateName">
                    <lastModified isNull="true" />
                    <lastModifiedBy isNull="true" />
                    <parameterMappingId>2054.c48eb0ff-739d-4f1f-b5f3-62b2d2df6a08</parameterMappingId>
                    <processParameterId>2055.11fe473c-e696-4529-a40d-8005b490f40d</processParameterId>
                    <parameterMappingParentId>3012.15db4924-aab4-4eb4-8c77-9900c0da1af0</parameterMappingParentId>
                    <useDefault>false</useDefault>
                    <value>tw.local.templateName</value>
                    <classRef>/12.db884a3c-c533-44b7-bb2d-47bec8ad4022</classRef>
                    <isList>false</isList>
                    <isInput>true</isInput>
                    <guid>guid:5a54f1704f1c1577:-6b56085f:12370558356:-7f64</guid>
                    <versionId>f90add73-8572-4a48-aa57-6f081cb59e09</versionId>
                    <description isNull="true" />
                </parameterMapping>
            </TWComponent>
        </item>
        <item>
            <lastModified isNull="true" />
            <lastModifiedBy isNull="true" />
            <processItemId>2025.238f2526-b1e7-4199-b333-5cb6845cffc3</processItemId>
            <processId>1.36841ef6-754a-43cd-8da8-73429737a99d</processId>
            <name>Build Insert Data SQL</name>
            <tWComponentName>Script</tWComponentName>
            <tWComponentId>3011.a158fcfb-2cfa-4245-99ef-be8208b1cfe2</tWComponentId>
            <isLogEnabled>false</isLogEnabled>
            <isTraceEnabled>false</isTraceEnabled>
            <traceCategory isNull="true" />
            <traceLevel isNull="true" />
            <traceMessage isNull="true" />
            <traceSymbolTable isNull="true" />
            <isExecutionContextTraced>false</isExecutionContextTraced>
            <saveExecutionContext>false</saveExecutionContext>
            <documentation isNull="true" />
            <isErrorHandlerEnabled>false</isErrorHandlerEnabled>
            <errorHandlerItemId isNull="true" />
            <guid>guid:5a54f1704f1c1577:-6b56085f:12370558356:-7f5b</guid>
            <versionId>579ae454-7d2e-4e70-a4cd-584d24165a9c</versionId>
            <layoutData x="475" y="89">
                <errorLink>
                    <controlPoints />
                    <showEndState>false</showEndState>
                    <showName>false</showName>
                </errorLink>
            </layoutData>
            <TWComponent>
                <lastModified isNull="true" />
                <lastModifiedBy isNull="true" />
                <scriptId>3011.a158fcfb-2cfa-4245-99ef-be8208b1cfe2</scriptId>
                <scriptTypeId>128</scriptTypeId>
                <isActive>true</isActive>
                <script>tw.local.insertDataSQL
INSERT INTO lsw_ca_template_data (id, ca_guid) VALUES (?, ?)</script>
                <isRule>false</isRule>
                <guid>guid:5a54f1704f1c1577:-6b56085f:12370558356:-7f5c</guid>
                <versionId>2c2d0b8a-5da4-4eb9-9657-ed61cd8e16b4</versionId>
            </TWComponent>
        </item>
        <item>
            <lastModified isNull="true" />
            <lastModifiedBy isNull="true" />
            <processItemId>2025.563e889b-5ff9-4f95-a9de-1dde9c868d25</processItemId>
            <processId>1.36841ef6-754a-43cd-8da8-73429737a99d</processId>
            <name>Create Statements</name>
            <tWComponentName>Script</tWComponentName>
            <tWComponentId>3011.63f7199d-0544-4af7-a8e5-80e9ff50896d</tWComponentId>
            <isLogEnabled>false</isLogEnabled>
            <isTraceEnabled>false</isTraceEnabled>
            <traceCategory isNull="true" />
            <traceLevel isNull="true" />
            <traceMessage isNull="true" />
            <traceSymbolTable isNull="true" />
            <isExecutionContextTraced>false</isExecutionContextTraced>
            <saveExecutionContext>false</saveExecutionContext>
            <documentation isNull="true" />
            <isErrorHandlerEnabled>false</isErrorHandlerEnabled>
            <errorHandlerItemId isNull="true" />
            <guid>guid:5a54f1704f1c1577:-6b56085f:12370558356:-7f57</guid>
            <versionId>71ea407b-503b-4969-9fe4-c02f7470a8b2</versionId>
            <layoutData x="603" y="88">
                <errorLink>
                    <controlPoints />
                    <showEndState>false</showEndState>
                    <showName>false</showName>
                </errorLink>
            </layoutData>
            <TWComponent>
                <lastModified isNull="true" />
                <lastModifiedBy isNull="true" />
                <scriptId>3011.63f7199d-0544-4af7-a8e5-80e9ff50896d</scriptId>
                <scriptTypeId>2</scriptTypeId>
                <isActive>true</isActive>
                <script>tw.local.sqlStatements = new tw.object.listOf.SQLStatement();

tw.local.sqlStatements[tw.local.sqlStatements.listLength] = tw.local.templateSQLStatement;

var deleteStatement = newSQLStatement(tw.local.deleteDataSQL);
addSQLParameter(deleteStatement, tw.local.templateID);
tw.local.sqlStatements[tw.local.sqlStatements.listLength] = deleteStatement;

for(var i = 0; i &lt; tw.local.selectedConditionalActivities.listLength; i++) {
  var insertStatement = newSQLStatement(tw.local.insertDataSQL);
  addSQLParameter(insertStatement, tw.local.templateID);
  addSQLParameter(insertStatement, tw.local.selectedConditionalActivities[i]);
  tw.local.sqlStatements[tw.local.sqlStatements.listLength] = insertStatement;
}

</script>
                <isRule>false</isRule>
                <guid>guid:5a54f1704f1c1577:-6b56085f:12370558356:-7f58</guid>
                <versionId>27a74eec-d908-4ab5-8bfb-d88943d9d200</versionId>
            </TWComponent>
        </item>
        <item>
            <lastModified isNull="true" />
            <lastModifiedBy isNull="true" />
            <processItemId>2025.74c29860-2f3b-4261-a6d1-24bef96f9bd1</processItemId>
            <processId>1.36841ef6-754a-43cd-8da8-73429737a99d</processId>
            <name>Create Insert Template Statement</name>
            <tWComponentName>SubProcess</tWComponentName>
            <tWComponentId>3012.e15095af-f4f9-4e6a-82ac-50a4ba23f464</tWComponentId>
            <isLogEnabled>false</isLogEnabled>
            <isTraceEnabled>false</isTraceEnabled>
            <traceCategory isNull="true" />
            <traceLevel isNull="true" />
            <traceMessage isNull="true" />
            <traceSymbolTable isNull="true" />
            <isExecutionContextTraced>false</isExecutionContextTraced>
            <saveExecutionContext>false</saveExecutionContext>
            <documentation isNull="true" />
            <isErrorHandlerEnabled>false</isErrorHandlerEnabled>
            <errorHandlerItemId isNull="true" />
            <guid>guid:5a54f1704f1c1577:-6b56085f:12370558356:-7f72</guid>
            <versionId>90d8bb07-d85f-4c68-a3c7-fbb3bc73ad64</versionId>
            <layoutData x="212" y="31">
                <errorLink>
                    <controlPoints />
                    <showEndState>false</showEndState>
                    <showName>false</showName>
                </errorLink>
            </layoutData>
            <TWComponent>
                <lastModified isNull="true" />
                <lastModifiedBy isNull="true" />
                <subProcessId>3012.e15095af-f4f9-4e6a-82ac-50a4ba23f464</subProcessId>
                <attachedProcessRef>/1.170cc716-b74b-4dcf-a730-bada14eb1ad9</attachedProcessRef>
                <guid>guid:5a54f1704f1c1577:-6b56085f:12370558356:-7f71</guid>
                <versionId>251ee6c0-11d7-4c3f-b126-45a982287198</versionId>
                <parameterMapping name="templateName">
                    <lastModified isNull="true" />
                    <lastModifiedBy isNull="true" />
                    <parameterMappingId>2054.831086fc-b3aa-411b-9873-c9e0726f8cec</parameterMappingId>
                    <processParameterId>2055.cadb13bb-31a3-447c-b63c-61b46be648ca</processParameterId>
                    <parameterMappingParentId>3012.e15095af-f4f9-4e6a-82ac-50a4ba23f464</parameterMappingParentId>
                    <useDefault>false</useDefault>
                    <value>tw.local.templateName</value>
                    <classRef>/12.db884a3c-c533-44b7-bb2d-47bec8ad4022</classRef>
                    <isList>false</isList>
                    <isInput>true</isInput>
                    <guid>guid:5a54f1704f1c1577:-6b56085f:12370558356:-7f6d</guid>
                    <versionId>3ba0fa3b-e994-4653-9391-65406c4665a4</versionId>
                    <description isNull="true" />
                </parameterMapping>
                <parameterMapping name="templateID">
                    <lastModified isNull="true" />
                    <lastModifiedBy isNull="true" />
                    <parameterMappingId>2054.3ec00fc7-7c45-419a-9c10-9fdcac01b1d7</parameterMappingId>
                    <processParameterId>2055.cba59e9a-2538-4fe0-9573-c08f01239e60</processParameterId>
                    <parameterMappingParentId>3012.e15095af-f4f9-4e6a-82ac-50a4ba23f464</parameterMappingParentId>
                    <useDefault>false</useDefault>
                    <value>tw.local.templateID</value>
                    <classRef>/12.db884a3c-c533-44b7-bb2d-47bec8ad4022</classRef>
                    <isList>false</isList>
                    <isInput>false</isInput>
                    <guid>guid:5a54f1704f1c1577:-6b56085f:12370558356:-7f6a</guid>
                    <versionId>47b66195-3be3-421d-9069-a55651691f1d</versionId>
                    <description isNull="true" />
                </parameterMapping>
                <parameterMapping name="sqlStatement">
                    <lastModified isNull="true" />
                    <lastModifiedBy isNull="true" />
                    <parameterMappingId>2054.18245370-2fdf-41b4-ad80-143be9afbfd6</parameterMappingId>
                    <processParameterId>2055.717626df-42d4-477a-939d-97197208249e</processParameterId>
                    <parameterMappingParentId>3012.e15095af-f4f9-4e6a-82ac-50a4ba23f464</parameterMappingParentId>
                    <useDefault>false</useDefault>
                    <value>tw.local.templateSQLStatement</value>
                    <classRef>/12.3990d8b4-983d-4250-bd06-3600f527fed0</classRef>
                    <isList>false</isList>
                    <isInput>false</isInput>
                    <guid>guid:5a54f1704f1c1577:-6b56085f:12370558356:-7f6b</guid>
                    <versionId>782efa05-22e5-45f8-9cef-4921bbeda59c</versionId>
                    <description isNull="true" />
                </parameterMapping>
                <parameterMapping name="bpdGUID">
                    <lastModified isNull="true" />
                    <lastModifiedBy isNull="true" />
                    <parameterMappingId>2054.88ecc62b-fd3f-40c4-9957-c5288abcd7ea</parameterMappingId>
                    <processParameterId>2055.a6c57ccc-e4ed-47aa-ae5f-6db3e10ab950</processParameterId>
                    <parameterMappingParentId>3012.e15095af-f4f9-4e6a-82ac-50a4ba23f464</parameterMappingParentId>
                    <useDefault>false</useDefault>
                    <value>tw.local.bpdGUID</value>
                    <classRef>/12.db884a3c-c533-44b7-bb2d-47bec8ad4022</classRef>
                    <isList>false</isList>
                    <isInput>true</isInput>
                    <guid>guid:5a54f1704f1c1577:-6b56085f:12370558356:-7f6c</guid>
                    <versionId>ce7d9577-124f-4dc3-9bbb-7c64ccb8b605</versionId>
                    <description isNull="true" />
                </parameterMapping>
            </TWComponent>
        </item>
        <item>
            <lastModified isNull="true" />
            <lastModifiedBy isNull="true" />
            <processItemId>2025.6d51b082-47ce-454e-824d-a4e8e8602237</processItemId>
            <processId>1.36841ef6-754a-43cd-8da8-73429737a99d</processId>
            <name>Insert or Update?</name>
            <tWComponentName>Switch</tWComponentName>
            <tWComponentId>3013.09866e85-e467-4429-876c-7e44600bf3b7</tWComponentId>
            <isLogEnabled>false</isLogEnabled>
            <isTraceEnabled>false</isTraceEnabled>
            <traceCategory isNull="true" />
            <traceLevel isNull="true" />
            <traceMessage isNull="true" />
            <traceSymbolTable isNull="true" />
            <isExecutionContextTraced>false</isExecutionContextTraced>
            <saveExecutionContext>false</saveExecutionContext>
            <documentation isNull="true" />
            <isErrorHandlerEnabled>false</isErrorHandlerEnabled>
            <errorHandlerItemId isNull="true" />
            <guid>guid:5a54f1704f1c1577:-6b56085f:12370558356:-7f74</guid>
            <versionId>915c85c1-17b7-4bb6-be85-4c710d130d41</versionId>
            <layoutData x="104" y="92">
                <errorLink>
                    <controlPoints />
                    <showEndState>false</showEndState>
                    <showName>false</showName>
                </errorLink>
            </layoutData>
            <TWComponent>
                <lastModified isNull="true" />
                <lastModifiedBy isNull="true" />
                <switchId>3013.09866e85-e467-4429-876c-7e44600bf3b7</switchId>
                <guid>guid:5a54f1704f1c1577:-6b56085f:12370558356:-7f75</guid>
                <versionId>6463c272-2646-4e0e-a45e-89be2a7bbcf4</versionId>
                <SwitchCondition>
                    <lastModified isNull="true" />
                    <lastModifiedBy isNull="true" />
                    <switchConditionId>3014.53918247-886f-489a-a7cc-a9a98f5f1156</switchConditionId>
                    <switchId>3013.09866e85-e467-4429-876c-7e44600bf3b7</switchId>
                    <seq>1</seq>
                    <endStateId>guid:5a54f1704f1c1577:-6b56085f:12370558356:-7f67</endStateId>
                    <condition>tw.local.templateID != null &amp;&amp; tw.local.templateID.length &gt; 0</condition>
                    <guid>guid:5a54f1704f1c1577:-6b56085f:12370558356:-7f68</guid>
                    <versionId>d868cf08-6a3b-4566-92e9-da12f77f8b4a</versionId>
                </SwitchCondition>
            </TWComponent>
        </item>
        <item>
            <lastModified isNull="true" />
            <lastModifiedBy isNull="true" />
            <processItemId>2025.962ebf38-b9d0-4221-8a52-88eaf2cf9d47</processItemId>
            <processId>1.36841ef6-754a-43cd-8da8-73429737a99d</processId>
            <name>End</name>
            <tWComponentName>ExitPoint</tWComponentName>
            <tWComponentId>3008.8c978701-1bd6-4f2b-b1ec-51131a2cc115</tWComponentId>
            <isLogEnabled>false</isLogEnabled>
            <isTraceEnabled>false</isTraceEnabled>
            <traceCategory isNull="true" />
            <traceLevel isNull="true" />
            <traceMessage isNull="true" />
            <traceSymbolTable isNull="true" />
            <isExecutionContextTraced>false</isExecutionContextTraced>
            <saveExecutionContext>true</saveExecutionContext>
            <documentation isNull="true" />
            <isErrorHandlerEnabled>false</isErrorHandlerEnabled>
            <errorHandlerItemId isNull="true" />
            <guid>guid:5a54f1704f1c1577:-6b56085f:12370558356:-7f82</guid>
            <versionId>f3fc2e7d-1400-4285-a215-12e1397a2786</versionId>
            <layoutData x="836" y="97">
                <errorLink>
                    <controlPoints />
                    <showEndState>false</showEndState>
                    <showName>false</showName>
                </errorLink>
            </layoutData>
            <TWComponent>
                <lastModified isNull="true" />
                <lastModifiedBy isNull="true" />
                <exitPointId>3008.8c978701-1bd6-4f2b-b1ec-51131a2cc115</exitPointId>
                <haltProcess>false</haltProcess>
                <guid>guid:5a54f1704f1c1577:-6b56085f:12370558356:-7f81</guid>
                <versionId>068e552c-1331-4c6d-a654-be6fa3376088</versionId>
            </TWComponent>
        </item>
        <item>
            <lastModified isNull="true" />
            <lastModifiedBy isNull="true" />
            <processItemId>2025.a5cab10c-f46b-4b4a-83f4-00006d331d19</processItemId>
            <processId>1.36841ef6-754a-43cd-8da8-73429737a99d</processId>
            <name>Execute Statements</name>
            <tWComponentName>SubProcess</tWComponentName>
            <tWComponentId>3012.c52bd248-3049-4ea2-aca5-5514f12735ce</tWComponentId>
            <isLogEnabled>false</isLogEnabled>
            <isTraceEnabled>false</isTraceEnabled>
            <traceCategory isNull="true" />
            <traceLevel isNull="true" />
            <traceMessage isNull="true" />
            <traceSymbolTable isNull="true" />
            <isExecutionContextTraced>false</isExecutionContextTraced>
            <saveExecutionContext>false</saveExecutionContext>
            <documentation isNull="true" />
            <isErrorHandlerEnabled>false</isErrorHandlerEnabled>
            <errorHandlerItemId isNull="true" />
            <guid>guid:5a54f1704f1c1577:-6b56085f:12370558356:-7f55</guid>
            <versionId>fead45b3-7aa2-4cae-93c4-d794aca6322f</versionId>
            <layoutData x="729" y="87">
                <errorLink>
                    <controlPoints />
                    <showEndState>false</showEndState>
                    <showName>false</showName>
                </errorLink>
            </layoutData>
            <TWComponent>
                <lastModified isNull="true" />
                <lastModifiedBy isNull="true" />
                <subProcessId>3012.c52bd248-3049-4ea2-aca5-5514f12735ce</subProcessId>
                <attachedProcessRef>/1.89ee1e72-5c6b-44ed-9e55-158a6cb613af</attachedProcessRef>
                <guid>guid:5a54f1704f1c1577:-6b56085f:12370558356:-7f54</guid>
                <versionId>2c5d75d8-7719-4aa5-88b3-7e2231cb6a24</versionId>
                <parameterMapping name="sqlStatements">
                    <lastModified isNull="true" />
                    <lastModifiedBy isNull="true" />
                    <parameterMappingId>2054.f4aa2c6f-7232-43d5-a441-1bff81e80257</parameterMappingId>
                    <processParameterId>2055.c023a0b3-e6e5-47a6-a920-04d6b2f8dc26</processParameterId>
                    <parameterMappingParentId>3012.c52bd248-3049-4ea2-aca5-5514f12735ce</parameterMappingParentId>
                    <useDefault>false</useDefault>
                    <value>tw.local.sqlStatements</value>
                    <classRef>/12.3990d8b4-983d-4250-bd06-3600f527fed0</classRef>
                    <isList>true</isList>
                    <isInput>true</isInput>
                    <guid>guid:5a54f1704f1c1577:-6b56085f:12370558356:-7f53</guid>
                    <versionId>4ae17869-17ef-4065-b514-a59c1314f27d</versionId>
                    <description isNull="true" />
                </parameterMapping>
                <parameterMapping name="returnType">
                    <lastModified isNull="true" />
                    <lastModifiedBy isNull="true" />
                    <parameterMappingId>2054.c8837eb7-e07e-4e0f-965f-5f45ff03ce49</parameterMappingId>
                    <processParameterId>2055.628ceac6-aa42-426b-97c7-540674f12f38</processParameterId>
                    <parameterMappingParentId>3012.c52bd248-3049-4ea2-aca5-5514f12735ce</parameterMappingParentId>
                    <useDefault>false</useDefault>
                    <value>"SQLResult"</value>
                    <classRef>/12.db884a3c-c533-44b7-bb2d-47bec8ad4022</classRef>
                    <isList>false</isList>
                    <isInput>true</isInput>
                    <guid>guid:6adc1a108643720c:2b0b0584:12a1a840f89:-7ffc</guid>
                    <versionId>7f8406ac-cab3-4192-8943-9682c2179a30</versionId>
                    <description isNull="true" />
                </parameterMapping>
            </TWComponent>
        </item>
        <startingProcessItemId>2025.6d51b082-47ce-454e-824d-a4e8e8602237</startingProcessItemId>
        <errorHandlerItemId isNull="true" />
        <layoutData noConversion="true">
            <errorLink>
                <controlPoints />
                <showEndState>false</showEndState>
                <showName>false</showName>
            </errorLink>
        </layoutData>
        <startPoint>
            <layoutData x="20" y="100">
                <errorLink>
                    <controlPoints />
                    <showEndState>false</showEndState>
                    <showName>false</showName>
                </errorLink>
            </layoutData>
        </startPoint>
        <startLink>
            <fromPort locationId="rightCenter" portType="1" />
            <toPort locationId="leftCenter" portType="2" />
            <layoutData>
                <controlPoints />
                <showEndState>false</showEndState>
                <showName>false</showName>
            </layoutData>
        </startLink>
        <link name="Untitled">
            <lastModified isNull="true" />
            <lastModifiedBy isNull="true" />
            <processLinkId>2027.0e2f0a98-a1d0-46cf-8424-490cfaa263ee</processLinkId>
            <processId>1.36841ef6-754a-43cd-8da8-73429737a99d</processId>
            <description isNull="true" />
            <fromProcessItemId>2025.15ab708e-8590-4f46-a297-4c7750ab7e6b</fromProcessItemId>
            <endStateId>guid:5a54f1704f1c1577:-6b56085f:12370558356:-7fd3</endStateId>
            <toProcessItemId>2025.04c70799-93b0-4e63-a0cb-5a23179e8533</toProcessItemId>
            <guid>guid:5a54f1704f1c1577:-6b56085f:12370558356:-7f51</guid>
            <versionId>2825cf0a-a63a-4adf-a607-d0172bec507c</versionId>
            <layoutData>
                <controlPoints />
                <showEndState>false</showEndState>
                <showName>false</showName>
            </layoutData>
            <fromItemPort locationId="rightCenter" portType="1" />
            <toItemPort locationId="leftCenter" portType="2" />
            <fromProcessItemId>2025.15ab708e-8590-4f46-a297-4c7750ab7e6b</fromProcessItemId>
            <toProcessItemId>2025.04c70799-93b0-4e63-a0cb-5a23179e8533</toProcessItemId>
        </link>
        <link name="Untitled">
            <lastModified isNull="true" />
            <lastModifiedBy isNull="true" />
            <processLinkId>2027.69024bf5-92dd-4aa7-8c52-fed37b3217b8</processLinkId>
            <processId>1.36841ef6-754a-43cd-8da8-73429737a99d</processId>
            <description isNull="true" />
            <fromProcessItemId>2025.04c70799-93b0-4e63-a0cb-5a23179e8533</fromProcessItemId>
            <endStateId>Out</endStateId>
            <toProcessItemId>2025.238f2526-b1e7-4199-b333-5cb6845cffc3</toProcessItemId>
            <guid>guid:5a54f1704f1c1577:-6b56085f:12370558356:-7f50</guid>
            <versionId>3a7c9798-89fc-49e2-9efd-adb0f5c781f6</versionId>
            <layoutData>
                <controlPoints />
                <showEndState>false</showEndState>
                <showName>false</showName>
            </layoutData>
            <fromItemPort locationId="rightCenter" portType="1" />
            <toItemPort locationId="leftCenter" portType="2" />
            <fromProcessItemId>2025.04c70799-93b0-4e63-a0cb-5a23179e8533</fromProcessItemId>
            <toProcessItemId>2025.238f2526-b1e7-4199-b333-5cb6845cffc3</toProcessItemId>
        </link>
        <link name="Untitled">
            <lastModified isNull="true" />
            <lastModifiedBy isNull="true" />
            <processLinkId>2027.cff6d475-040d-4e58-bd5d-75cb8d34d4fe</processLinkId>
            <processId>1.36841ef6-754a-43cd-8da8-73429737a99d</processId>
            <description isNull="true" />
            <fromProcessItemId>2025.238f2526-b1e7-4199-b333-5cb6845cffc3</fromProcessItemId>
            <endStateId>Out</endStateId>
            <toProcessItemId>2025.563e889b-5ff9-4f95-a9de-1dde9c868d25</toProcessItemId>
            <guid>guid:5a54f1704f1c1577:-6b56085f:12370558356:-7f4f</guid>
            <versionId>647791a8-a1ec-4b90-bfd1-8df9a229bfec</versionId>
            <layoutData>
                <controlPoints />
                <showEndState>false</showEndState>
                <showName>false</showName>
            </layoutData>
            <fromItemPort locationId="rightCenter" portType="1" />
            <toItemPort locationId="leftCenter" portType="2" />
            <fromProcessItemId>2025.238f2526-b1e7-4199-b333-5cb6845cffc3</fromProcessItemId>
            <toProcessItemId>2025.563e889b-5ff9-4f95-a9de-1dde9c868d25</toProcessItemId>
        </link>
        <link name="Untitled">
            <lastModified isNull="true" />
            <lastModifiedBy isNull="true" />
            <processLinkId>2027.8336f885-20f5-4544-a7cd-f444eceb0519</processLinkId>
            <processId>1.36841ef6-754a-43cd-8da8-73429737a99d</processId>
            <description isNull="true" />
            <fromProcessItemId>2025.74c29860-2f3b-4261-a6d1-24bef96f9bd1</fromProcessItemId>
            <endStateId>guid:5a54f1704f1c1577:-6b56085f:12370558356:-7fec</endStateId>
            <toProcessItemId>2025.04c70799-93b0-4e63-a0cb-5a23179e8533</toProcessItemId>
            <guid>guid:5a54f1704f1c1577:-6b56085f:12370558356:-7f52</guid>
            <versionId>764f7ed2-5008-4093-af3d-dc4d0a0c9be6</versionId>
            <layoutData>
                <controlPoints />
                <showEndState>false</showEndState>
                <showName>false</showName>
            </layoutData>
            <fromItemPort locationId="rightCenter" portType="1" />
            <toItemPort locationId="leftCenter" portType="2" />
            <fromProcessItemId>2025.74c29860-2f3b-4261-a6d1-24bef96f9bd1</fromProcessItemId>
            <toProcessItemId>2025.04c70799-93b0-4e63-a0cb-5a23179e8533</toProcessItemId>
        </link>
        <link name="Update">
            <lastModified isNull="true" />
            <lastModifiedBy isNull="true" />
            <processLinkId>2027.7ecf8559-8847-4825-a986-211ab7b6f32e</processLinkId>
            <processId>1.36841ef6-754a-43cd-8da8-73429737a99d</processId>
            <description isNull="true" />
            <fromProcessItemId>2025.6d51b082-47ce-454e-824d-a4e8e8602237</fromProcessItemId>
            <endStateId>guid:5a54f1704f1c1577:-6b56085f:12370558356:-7f67</endStateId>
            <toProcessItemId>2025.15ab708e-8590-4f46-a297-4c7750ab7e6b</toProcessItemId>
            <guid>guid:5a54f1704f1c1577:-6b56085f:12370558356:-7f66</guid>
            <versionId>7f73d9aa-a9fd-43be-973f-0af3534e5890</versionId>
            <layoutData>
                <controlPoints />
                <showEndState>false</showEndState>
                <showName>true</showName>
            </layoutData>
            <fromItemPort locationId="rightCenter" portType="1" />
            <toItemPort locationId="leftCenter" portType="2" />
            <fromProcessItemId>2025.6d51b082-47ce-454e-824d-a4e8e8602237</fromProcessItemId>
            <toProcessItemId>2025.15ab708e-8590-4f46-a297-4c7750ab7e6b</toProcessItemId>
        </link>
        <link name="Untitled">
            <lastModified isNull="true" />
            <lastModifiedBy isNull="true" />
            <processLinkId>2027.c2f70792-c4ac-4738-a026-fa71f0e05900</processLinkId>
            <processId>1.36841ef6-754a-43cd-8da8-73429737a99d</processId>
            <description isNull="true" />
            <fromProcessItemId>2025.a5cab10c-f46b-4b4a-83f4-00006d331d19</fromProcessItemId>
            <endStateId>guid:a93dd992dce2d4cc:-381cc70d:115a5e00b05:-7fdb</endStateId>
            <toProcessItemId>2025.962ebf38-b9d0-4221-8a52-88eaf2cf9d47</toProcessItemId>
            <guid>guid:5a54f1704f1c1577:-6b56085f:12370558356:-7f4d</guid>
            <versionId>d803d985-67fa-4395-8101-512464b488f2</versionId>
            <layoutData>
                <controlPoints />
                <showEndState>false</showEndState>
                <showName>false</showName>
            </layoutData>
            <fromItemPort locationId="rightCenter" portType="1" />
            <toItemPort locationId="leftCenter" portType="2" />
            <fromProcessItemId>2025.a5cab10c-f46b-4b4a-83f4-00006d331d19</fromProcessItemId>
            <toProcessItemId>2025.962ebf38-b9d0-4221-8a52-88eaf2cf9d47</toProcessItemId>
        </link>
        <link name="Untitled">
            <lastModified isNull="true" />
            <lastModifiedBy isNull="true" />
            <processLinkId>2027.c2d4e64f-fd02-459d-811f-d0d84e15dcea</processLinkId>
            <processId>1.36841ef6-754a-43cd-8da8-73429737a99d</processId>
            <description isNull="true" />
            <fromProcessItemId>2025.563e889b-5ff9-4f95-a9de-1dde9c868d25</fromProcessItemId>
            <endStateId>Out</endStateId>
            <toProcessItemId>2025.a5cab10c-f46b-4b4a-83f4-00006d331d19</toProcessItemId>
            <guid>guid:5a54f1704f1c1577:-6b56085f:12370558356:-7f4e</guid>
            <versionId>df8a3b36-de9f-4f20-bfb8-8d55a432bd9a</versionId>
            <layoutData>
                <controlPoints />
                <showEndState>false</showEndState>
                <showName>false</showName>
            </layoutData>
            <fromItemPort locationId="rightCenter" portType="1" />
            <toItemPort locationId="leftCenter" portType="2" />
            <fromProcessItemId>2025.563e889b-5ff9-4f95-a9de-1dde9c868d25</fromProcessItemId>
            <toProcessItemId>2025.a5cab10c-f46b-4b4a-83f4-00006d331d19</toProcessItemId>
        </link>
        <link name="Insert">
            <lastModified isNull="true" />
            <lastModifiedBy isNull="true" />
            <processLinkId>2027.ab34a494-838d-4a94-8386-9ab6119680b9</processLinkId>
            <processId>1.36841ef6-754a-43cd-8da8-73429737a99d</processId>
            <description isNull="true" />
            <fromProcessItemId>2025.6d51b082-47ce-454e-824d-a4e8e8602237</fromProcessItemId>
            <endStateId>DEFAULT</endStateId>
            <toProcessItemId>2025.74c29860-2f3b-4261-a6d1-24bef96f9bd1</toProcessItemId>
            <guid>guid:5a54f1704f1c1577:-6b56085f:12370558356:-7f69</guid>
            <versionId>f50a28d4-2547-4627-9b91-33bde4abb3a0</versionId>
            <layoutData>
                <controlPoints />
                <showEndState>false</showEndState>
                <showName>true</showName>
            </layoutData>
            <fromItemPort locationId="rightCenter" portType="1" />
            <toItemPort locationId="leftCenter" portType="2" />
            <fromProcessItemId>2025.6d51b082-47ce-454e-824d-a4e8e8602237</fromProcessItemId>
            <toProcessItemId>2025.74c29860-2f3b-4261-a6d1-24bef96f9bd1</toProcessItemId>
        </link>
    </process>
</teamworks>

