<?xml version="1.0" encoding="UTF-8"?>
<teamworks>
    <process id="1.45fea90b-1bca-44fa-851c-d8e3413e8066" name="Update All SLA Statuses">
        <lastModified>1361372673512</lastModified>
        <lastModifiedBy>Internal TW Admin user</lastModifiedBy>
        <processId>1.45fea90b-1bca-44fa-851c-d8e3413e8066</processId>
        <image isNull="true" />
        <tabGroup isNull="true" />
        <startingProcessItemId>2025.589f9d0a-e7f4-4ef3-96a3-95276c8a7cd5</startingProcessItemId>
        <isRootProcess>false</isRootProcess>
        <processType>4</processType>
        <isErrorHandlerEnabled>false</isErrorHandlerEnabled>
        <errorHandlerItemId isNull="true" />
        <isLoggingVariables>false</isLoggingVariables>
        <isTransactional>false</isTransactional>
        <processTimingLevel isNull="true" />
        <participantRef isNull="true" />
        <exposedType isNull="true" />
        <isTrackingEnabled>true</isTrackingEnabled>
        <xmlData isNull="true" />
        <cachingType>false</cachingType>
        <itemLabel isNull="true" />
        <cacheLength>43200</cacheLength>
        <mobileReady>false</mobileReady>
        <sboSyncEnabled>true</sboSyncEnabled>
        <externalId isNull="true" />
        <isSecured>false</isSecured>
        <description isNull="true" />
        <guid>guid:83285d56cb05ab2c:7c69d3fb:111a8e4b7d4:-7f36</guid>
        <versionId>f70c18aa-5d1b-452c-9f92-c7fa0fc1c2cb</versionId>
        <dependencySummary isNull="true" />
        <item>
            <lastModified isNull="true" />
            <lastModifiedBy isNull="true" />
            <processItemId>2025.ed150884-371d-454e-ba0d-a06aac20b29c</processItemId>
            <processId>1.45fea90b-1bca-44fa-851c-d8e3413e8066</processId>
            <name>End</name>
            <tWComponentName>ExitPoint</tWComponentName>
            <tWComponentId>3008.f8a3ff87-9861-4c94-b2ab-d380696cf837</tWComponentId>
            <isLogEnabled>false</isLogEnabled>
            <isTraceEnabled>false</isTraceEnabled>
            <traceCategory isNull="true" />
            <traceLevel isNull="true" />
            <traceMessage isNull="true" />
            <traceSymbolTable isNull="true" />
            <isExecutionContextTraced>false</isExecutionContextTraced>
            <saveExecutionContext>true</saveExecutionContext>
            <documentation isNull="true" />
            <isErrorHandlerEnabled>false</isErrorHandlerEnabled>
            <errorHandlerItemId isNull="true" />
            <guid>guid:83285d56cb05ab2c:7c69d3fb:111a8e4b7d4:-7f35</guid>
            <versionId>649a042e-7f83-4ce1-970f-6cd217d9fee2</versionId>
            <layoutData x="474" y="100">
                <errorLink>
                    <controlPoints />
                    <showEndState>false</showEndState>
                    <showName>false</showName>
                </errorLink>
            </layoutData>
            <TWComponent>
                <lastModified isNull="true" />
                <lastModifiedBy isNull="true" />
                <exitPointId>3008.f8a3ff87-9861-4c94-b2ab-d380696cf837</exitPointId>
                <haltProcess>false</haltProcess>
                <guid>guid:197d4ddc90fc5427:-1c619ffe:11def1582ed:-7b1b</guid>
                <versionId>9665050e-0ac2-4ae3-89a3-a264fabb2cc0</versionId>
            </TWComponent>
        </item>
        <item>
            <lastModified isNull="true" />
            <lastModifiedBy isNull="true" />
            <processItemId>2025.589f9d0a-e7f4-4ef3-96a3-95276c8a7cd5</processItemId>
            <processId>1.45fea90b-1bca-44fa-851c-d8e3413e8066</processId>
            <name>Update Statuses</name>
            <tWComponentName>Script</tWComponentName>
            <tWComponentId>3011.616405e7-8fa3-46c4-bf02-136b49cae047</tWComponentId>
            <isLogEnabled>false</isLogEnabled>
            <isTraceEnabled>false</isTraceEnabled>
            <traceCategory isNull="true" />
            <traceLevel isNull="true" />
            <traceMessage isNull="true" />
            <traceSymbolTable isNull="true" />
            <isExecutionContextTraced>false</isExecutionContextTraced>
            <saveExecutionContext>false</saveExecutionContext>
            <documentation isNull="true" />
            <isErrorHandlerEnabled>false</isErrorHandlerEnabled>
            <errorHandlerItemId isNull="true" />
            <guid>guid:83285d56cb05ab2c:7c69d3fb:111a8e4b7d4:-7f2a</guid>
            <versionId>aec900da-816e-4862-88bd-9bb5547995d8</versionId>
            <layoutData x="244" y="85">
                <errorLink>
                    <controlPoints />
                    <showEndState>false</showEndState>
                    <showName>false</showName>
                </errorLink>
            </layoutData>
            <TWComponent>
                <lastModified isNull="true" />
                <lastModifiedBy isNull="true" />
                <scriptId>3011.616405e7-8fa3-46c4-bf02-136b49cae047</scriptId>
                <scriptTypeId>2</scriptTypeId>
                <isActive>true</isActive>
                <script>Packages.com.lombardisoftware.core.sla.SLATracking.updateAllSLAs();</script>
                <isRule>false</isRule>
                <guid>guid:197d4ddc90fc5427:-1c619ffe:11def1582ed:-7b17</guid>
                <versionId>a81400f5-15b0-45c6-907d-2178893f5a2b</versionId>
            </TWComponent>
        </item>
        <startingProcessItemId>2025.589f9d0a-e7f4-4ef3-96a3-95276c8a7cd5</startingProcessItemId>
        <errorHandlerItemId isNull="true" />
        <layoutData noConversion="true">
            <errorLink>
                <controlPoints />
                <showEndState>false</showEndState>
                <showName>false</showName>
            </errorLink>
        </layoutData>
        <startPoint>
            <layoutData x="20" y="100">
                <errorLink>
                    <controlPoints />
                    <showEndState>false</showEndState>
                    <showName>false</showName>
                </errorLink>
            </layoutData>
        </startPoint>
        <startLink>
            <fromPort locationId="rightCenter" portType="1" />
            <toPort locationId="leftCenter" portType="2" />
            <layoutData>
                <controlPoints />
                <showEndState>false</showEndState>
                <showName>false</showName>
            </layoutData>
        </startLink>
        <link name="Untitled">
            <lastModified isNull="true" />
            <lastModifiedBy isNull="true" />
            <processLinkId>2027.d4f6db1b-6930-4ddd-b2aa-58feab55fd28</processLinkId>
            <processId>1.45fea90b-1bca-44fa-851c-d8e3413e8066</processId>
            <description isNull="true" />
            <fromProcessItemId>2025.589f9d0a-e7f4-4ef3-96a3-95276c8a7cd5</fromProcessItemId>
            <endStateId>Out</endStateId>
            <toProcessItemId>2025.ed150884-371d-454e-ba0d-a06aac20b29c</toProcessItemId>
            <guid>guid:197d4ddc90fc5427:-1c619ffe:11def1582ed:-7b15</guid>
            <versionId>456d108c-45bd-410c-abb1-12de9df5e277</versionId>
            <layoutData>
                <controlPoints />
                <showEndState>false</showEndState>
                <showName>false</showName>
            </layoutData>
            <fromItemPort locationId="rightCenter" portType="1" />
            <toItemPort locationId="leftCenter" portType="2" />
            <fromProcessItemId>2025.589f9d0a-e7f4-4ef3-96a3-95276c8a7cd5</fromProcessItemId>
            <toProcessItemId>2025.ed150884-371d-454e-ba0d-a06aac20b29c</toProcessItemId>
        </link>
        <link name="Untitled">
            <lastModified isNull="true" />
            <lastModifiedBy isNull="true" />
            <processLinkId>2027.6d9b5dda-1cbf-409b-acc2-d6249fd2b57c</processLinkId>
            <processId>1.45fea90b-1bca-44fa-851c-d8e3413e8066</processId>
            <description isNull="true" />
            <fromProcessItemId>2025.589f9d0a-e7f4-4ef3-96a3-95276c8a7cd5</fromProcessItemId>
            <endStateId>Out</endStateId>
            <toProcessItemId>2025.ed150884-371d-454e-ba0d-a06aac20b29c</toProcessItemId>
            <guid>guid:197d4ddc90fc5427:-1c619ffe:11def1582ed:-7b15</guid>
            <versionId>ff8fcb2b-443e-47e6-a21e-16a06d38647d</versionId>
            <layoutData>
                <controlPoints />
                <showEndState>false</showEndState>
                <showName>false</showName>
            </layoutData>
            <fromItemPort locationId="rightCenter" portType="1" />
            <toItemPort locationId="leftCenter" portType="2" />
            <fromProcessItemId>2025.589f9d0a-e7f4-4ef3-96a3-95276c8a7cd5</fromProcessItemId>
            <toProcessItemId>2025.ed150884-371d-454e-ba0d-a06aac20b29c</toProcessItemId>
        </link>
    </process>
</teamworks>

