<?xml version="1.0" encoding="UTF-8"?>
<teamworks>
    <process id="1.5a9202c7-6f7b-440a-8d6c-f9fd24ed3b92" name="lsw Create Update CA Template Statement">
        <lastModified>1361372673512</lastModified>
        <lastModifiedBy>Internal TW Admin user</lastModifiedBy>
        <processId>1.5a9202c7-6f7b-440a-8d6c-f9fd24ed3b92</processId>
        <image isNull="true" />
        <tabGroup isNull="true" />
        <startingProcessItemId>2025.c93e8798-1798-49f6-82ea-b06b36d6832c</startingProcessItemId>
        <isRootProcess>false</isRootProcess>
        <processType>6</processType>
        <isErrorHandlerEnabled>false</isErrorHandlerEnabled>
        <errorHandlerItemId isNull="true" />
        <isLoggingVariables>false</isLoggingVariables>
        <isTransactional>false</isTransactional>
        <processTimingLevel isNull="true" />
        <participantRef isNull="true" />
        <exposedType isNull="true" />
        <isTrackingEnabled>true</isTrackingEnabled>
        <xmlData isNull="true" />
        <cachingType>false</cachingType>
        <itemLabel isNull="true" />
        <cacheLength>43200</cacheLength>
        <mobileReady>false</mobileReady>
        <sboSyncEnabled>true</sboSyncEnabled>
        <externalId isNull="true" />
        <isSecured>false</isSecured>
        <description isNull="true" />
        <guid>guid:5a54f1704f1c1577:-6b56085f:12370558356:-7fd5</guid>
        <versionId>e62cf8af-e7c9-4af2-a61d-ebd9acb2ce66</versionId>
        <dependencySummary isNull="true" />
        <processParameter name="templateID">
            <lastModified isNull="true" />
            <lastModifiedBy isNull="true" />
            <processParameterId>2055.ac6f4f39-a36c-42d9-a7bc-34997ba5b559</processParameterId>
            <processId>1.5a9202c7-6f7b-440a-8d6c-f9fd24ed3b92</processId>
            <parameterType>1</parameterType>
            <isArrayOf>false</isArrayOf>
            <classId>/12.db884a3c-c533-44b7-bb2d-47bec8ad4022</classId>
            <seq>1</seq>
            <hasDefault>false</hasDefault>
            <defaultValue isNull="true" />
            <isLocked>false</isLocked>
            <description isNull="true" />
            <guid>guid:5a54f1704f1c1577:-6b56085f:12370558356:-7fd1</guid>
            <versionId>ec7646ff-7d5e-416a-815b-3d016c8ae26f</versionId>
        </processParameter>
        <processParameter name="templateName">
            <lastModified isNull="true" />
            <lastModifiedBy isNull="true" />
            <processParameterId>2055.11fe473c-e696-4529-a40d-8005b490f40d</processParameterId>
            <processId>1.5a9202c7-6f7b-440a-8d6c-f9fd24ed3b92</processId>
            <parameterType>1</parameterType>
            <isArrayOf>false</isArrayOf>
            <classId>/12.db884a3c-c533-44b7-bb2d-47bec8ad4022</classId>
            <seq>2</seq>
            <hasDefault>false</hasDefault>
            <defaultValue isNull="true" />
            <isLocked>false</isLocked>
            <description isNull="true" />
            <guid>guid:5a54f1704f1c1577:-6b56085f:12370558356:-7fd0</guid>
            <versionId>28ca2f73-f1ee-40ac-b210-922abe2ae8de</versionId>
        </processParameter>
        <processParameter name="sqlStatement">
            <lastModified isNull="true" />
            <lastModifiedBy isNull="true" />
            <processParameterId>2055.e46fc0e7-7fad-46b2-95cd-e7d4dc4a0786</processParameterId>
            <processId>1.5a9202c7-6f7b-440a-8d6c-f9fd24ed3b92</processId>
            <parameterType>2</parameterType>
            <isArrayOf>false</isArrayOf>
            <classId>/12.3990d8b4-983d-4250-bd06-3600f527fed0</classId>
            <seq>3</seq>
            <hasDefault>false</hasDefault>
            <defaultValue isNull="true" />
            <isLocked>false</isLocked>
            <description isNull="true" />
            <guid>guid:5a54f1704f1c1577:-6b56085f:12370558356:-7fcf</guid>
            <versionId>e7fd5ad9-473e-4c5c-bd3b-6ac3c39cfe7c</versionId>
        </processParameter>
        <processVariable name="sql">
            <lastModified isNull="true" />
            <lastModifiedBy isNull="true" />
            <processVariableId>2056.83475108-69a9-4cdd-a421-96eadc5a123f</processVariableId>
            <description isNull="true" />
            <processId>1.5a9202c7-6f7b-440a-8d6c-f9fd24ed3b92</processId>
            <namespace>2</namespace>
            <seq>1</seq>
            <isArrayOf>false</isArrayOf>
            <classId>/12.db884a3c-c533-44b7-bb2d-47bec8ad4022</classId>
            <hasDefault>false</hasDefault>
            <defaultValue isNull="true" />
            <guid>guid:5a54f1704f1c1577:-6b56085f:12370558356:-7fce</guid>
            <versionId>3a9bb666-63ae-4f44-b60d-c85b1b99a68f</versionId>
        </processVariable>
        <item>
            <lastModified isNull="true" />
            <lastModifiedBy isNull="true" />
            <processItemId>2025.c93e8798-1798-49f6-82ea-b06b36d6832c</processItemId>
            <processId>1.5a9202c7-6f7b-440a-8d6c-f9fd24ed3b92</processId>
            <name>Build Update SQL</name>
            <tWComponentName>Script</tWComponentName>
            <tWComponentId>3011.ffcd5f81-255c-49a8-89ed-311cd94fb7ae</tWComponentId>
            <isLogEnabled>false</isLogEnabled>
            <isTraceEnabled>false</isTraceEnabled>
            <traceCategory isNull="true" />
            <traceLevel isNull="true" />
            <traceMessage isNull="true" />
            <traceSymbolTable isNull="true" />
            <isExecutionContextTraced>false</isExecutionContextTraced>
            <saveExecutionContext>false</saveExecutionContext>
            <documentation isNull="true" />
            <isErrorHandlerEnabled>false</isErrorHandlerEnabled>
            <errorHandlerItemId isNull="true" />
            <guid>guid:5a54f1704f1c1577:-6b56085f:12370558356:-7fca</guid>
            <versionId>322574f3-9953-4cbf-ac8c-3b1737fc4adb</versionId>
            <layoutData x="135" y="87">
                <errorLink>
                    <controlPoints />
                    <showEndState>false</showEndState>
                    <showName>false</showName>
                </errorLink>
            </layoutData>
            <TWComponent>
                <lastModified isNull="true" />
                <lastModifiedBy isNull="true" />
                <scriptId>3011.ffcd5f81-255c-49a8-89ed-311cd94fb7ae</scriptId>
                <scriptTypeId>128</scriptTypeId>
                <isActive>true</isActive>
                <script>tw.local.sql
UPDATE lsw_ca_template 
SET name = ?
WHERE id = ?</script>
                <isRule>false</isRule>
                <guid>guid:5a54f1704f1c1577:-6b56085f:12370558356:-7fcb</guid>
                <versionId>81f12db8-40cc-4b0a-9ab3-139a8d5a9656</versionId>
            </TWComponent>
        </item>
        <item>
            <lastModified isNull="true" />
            <lastModifiedBy isNull="true" />
            <processItemId>2025.2916d7d0-1d86-4405-84f1-ba1f07313a12</processItemId>
            <processId>1.5a9202c7-6f7b-440a-8d6c-f9fd24ed3b92</processId>
            <name>Create Statement</name>
            <tWComponentName>Script</tWComponentName>
            <tWComponentId>3011.399e7d58-3889-4e85-a289-7318585f94a2</tWComponentId>
            <isLogEnabled>false</isLogEnabled>
            <isTraceEnabled>false</isTraceEnabled>
            <traceCategory isNull="true" />
            <traceLevel isNull="true" />
            <traceMessage isNull="true" />
            <traceSymbolTable isNull="true" />
            <isExecutionContextTraced>false</isExecutionContextTraced>
            <saveExecutionContext>false</saveExecutionContext>
            <documentation isNull="true" />
            <isErrorHandlerEnabled>false</isErrorHandlerEnabled>
            <errorHandlerItemId isNull="true" />
            <guid>guid:5a54f1704f1c1577:-6b56085f:12370558356:-7fc6</guid>
            <versionId>e4567de9-0e0a-48e2-8c9b-2c73215de5a6</versionId>
            <layoutData x="279" y="90">
                <errorLink>
                    <controlPoints />
                    <showEndState>false</showEndState>
                    <showName>false</showName>
                </errorLink>
            </layoutData>
            <TWComponent>
                <lastModified isNull="true" />
                <lastModifiedBy isNull="true" />
                <scriptId>3011.399e7d58-3889-4e85-a289-7318585f94a2</scriptId>
                <scriptTypeId>2</scriptTypeId>
                <isActive>true</isActive>
                <script>tw.local.sqlStatement = newSQLStatement(tw.local.sql);
addSQLParameter(tw.local.sqlStatement, tw.local.templateName);
addSQLParameter(tw.local.sqlStatement, tw.local.templateID);</script>
                <isRule>false</isRule>
                <guid>guid:5a54f1704f1c1577:-6b56085f:12370558356:-7fc7</guid>
                <versionId>842b41c4-b058-41b9-93a2-be130d18d925</versionId>
            </TWComponent>
        </item>
        <item>
            <lastModified isNull="true" />
            <lastModifiedBy isNull="true" />
            <processItemId>2025.cda648e2-78e4-48c0-974a-943589ca335b</processItemId>
            <processId>1.5a9202c7-6f7b-440a-8d6c-f9fd24ed3b92</processId>
            <name>End</name>
            <tWComponentName>ExitPoint</tWComponentName>
            <tWComponentId>3008.f671dc59-c498-4318-b004-968b3a371f4f</tWComponentId>
            <isLogEnabled>false</isLogEnabled>
            <isTraceEnabled>false</isTraceEnabled>
            <traceCategory isNull="true" />
            <traceLevel isNull="true" />
            <traceMessage isNull="true" />
            <traceSymbolTable isNull="true" />
            <isExecutionContextTraced>false</isExecutionContextTraced>
            <saveExecutionContext>true</saveExecutionContext>
            <documentation isNull="true" />
            <isErrorHandlerEnabled>false</isErrorHandlerEnabled>
            <errorHandlerItemId isNull="true" />
            <guid>guid:5a54f1704f1c1577:-6b56085f:12370558356:-7fd3</guid>
            <versionId>e55243a8-9d7b-4ebd-b676-f28c94100ac4</versionId>
            <layoutData x="414" y="98">
                <errorLink>
                    <controlPoints />
                    <showEndState>false</showEndState>
                    <showName>false</showName>
                </errorLink>
            </layoutData>
            <TWComponent>
                <lastModified isNull="true" />
                <lastModifiedBy isNull="true" />
                <exitPointId>3008.f671dc59-c498-4318-b004-968b3a371f4f</exitPointId>
                <haltProcess>false</haltProcess>
                <guid>guid:5a54f1704f1c1577:-6b56085f:12370558356:-7fd2</guid>
                <versionId>49f90487-b9cb-47b7-b442-c9ef4eacb6a6</versionId>
            </TWComponent>
        </item>
        <startingProcessItemId>2025.c93e8798-1798-49f6-82ea-b06b36d6832c</startingProcessItemId>
        <errorHandlerItemId isNull="true" />
        <layoutData noConversion="true">
            <errorLink>
                <controlPoints />
                <showEndState>false</showEndState>
                <showName>false</showName>
            </errorLink>
        </layoutData>
        <startPoint>
            <layoutData x="20" y="100">
                <errorLink>
                    <controlPoints />
                    <showEndState>false</showEndState>
                    <showName>false</showName>
                </errorLink>
            </layoutData>
        </startPoint>
        <startLink>
            <fromPort locationId="rightCenter" portType="1" />
            <toPort locationId="leftCenter" portType="2" />
            <layoutData>
                <controlPoints />
                <showEndState>false</showEndState>
                <showName>false</showName>
            </layoutData>
        </startLink>
        <link name="Untitled">
            <lastModified isNull="true" />
            <lastModifiedBy isNull="true" />
            <processLinkId>2027.ca021706-07dc-4d70-b6c2-70eaa27cfc04</processLinkId>
            <processId>1.5a9202c7-6f7b-440a-8d6c-f9fd24ed3b92</processId>
            <description isNull="true" />
            <fromProcessItemId>2025.c93e8798-1798-49f6-82ea-b06b36d6832c</fromProcessItemId>
            <endStateId>Out</endStateId>
            <toProcessItemId>2025.2916d7d0-1d86-4405-84f1-ba1f07313a12</toProcessItemId>
            <guid>guid:5a54f1704f1c1577:-6b56085f:12370558356:-7fc5</guid>
            <versionId>2641d544-5405-44da-9830-7a3c4424c83b</versionId>
            <layoutData>
                <controlPoints />
                <showEndState>false</showEndState>
                <showName>false</showName>
            </layoutData>
            <fromItemPort locationId="rightCenter" portType="1" />
            <toItemPort locationId="leftCenter" portType="2" />
            <fromProcessItemId>2025.c93e8798-1798-49f6-82ea-b06b36d6832c</fromProcessItemId>
            <toProcessItemId>2025.2916d7d0-1d86-4405-84f1-ba1f07313a12</toProcessItemId>
        </link>
        <link name="Untitled">
            <lastModified isNull="true" />
            <lastModifiedBy isNull="true" />
            <processLinkId>2027.e8639480-881b-491f-b3f1-0aae6f65f5d5</processLinkId>
            <processId>1.5a9202c7-6f7b-440a-8d6c-f9fd24ed3b92</processId>
            <description isNull="true" />
            <fromProcessItemId>2025.2916d7d0-1d86-4405-84f1-ba1f07313a12</fromProcessItemId>
            <endStateId>Out</endStateId>
            <toProcessItemId>2025.cda648e2-78e4-48c0-974a-943589ca335b</toProcessItemId>
            <guid>guid:5a54f1704f1c1577:-6b56085f:12370558356:-7fc4</guid>
            <versionId>49988541-9dbc-462d-80a5-2b1be6014e99</versionId>
            <layoutData>
                <controlPoints />
                <showEndState>false</showEndState>
                <showName>false</showName>
            </layoutData>
            <fromItemPort locationId="rightCenter" portType="1" />
            <toItemPort locationId="leftCenter" portType="2" />
            <fromProcessItemId>2025.2916d7d0-1d86-4405-84f1-ba1f07313a12</fromProcessItemId>
            <toProcessItemId>2025.cda648e2-78e4-48c0-974a-943589ca335b</toProcessItemId>
        </link>
    </process>
</teamworks>

