<?xml version="1.0" encoding="UTF-8"?>
<teamworks>
    <process id="1.66f8367b-2221-45e8-b803-07a523ceacab" name="Update SLA Status">
        <lastModified>1361412273512</lastModified>
        <lastModifiedBy>Internal TW Admin user</lastModifiedBy>
        <processId>1.66f8367b-2221-45e8-b803-07a523ceacab</processId>
        <image isNull="true" />
        <tabGroup isNull="true" />
        <startingProcessItemId>2025.aeeeec7d-de8d-474b-8462-1fd51187ae77</startingProcessItemId>
        <isRootProcess>false</isRootProcess>
        <processType>4</processType>
        <isErrorHandlerEnabled>false</isErrorHandlerEnabled>
        <errorHandlerItemId isNull="true" />
        <isLoggingVariables>false</isLoggingVariables>
        <isTransactional>false</isTransactional>
        <processTimingLevel isNull="true" />
        <participantRef isNull="true" />
        <exposedType isNull="true" />
        <isTrackingEnabled>true</isTrackingEnabled>
        <xmlData isNull="true" />
        <cachingType>false</cachingType>
        <itemLabel isNull="true" />
        <cacheLength>43200</cacheLength>
        <mobileReady>false</mobileReady>
        <sboSyncEnabled>true</sboSyncEnabled>
        <externalId isNull="true" />
        <isSecured>false</isSecured>
        <description isNull="true" />
        <guid>guid:83285d56cb05ab2c:-e6f3392:111af28b30d:-7617</guid>
        <versionId>a2836f9f-ca60-48b2-b328-ddf069873a52</versionId>
        <dependencySummary isNull="true" />
        <processParameter name="slaName">
            <lastModified isNull="true" />
            <lastModifiedBy isNull="true" />
            <processParameterId>2055.4d7df96c-a4df-4281-a5bb-55b636d74a84</processParameterId>
            <processId>1.66f8367b-2221-45e8-b803-07a523ceacab</processId>
            <parameterType>1</parameterType>
            <isArrayOf>false</isArrayOf>
            <classId>/12.db884a3c-c533-44b7-bb2d-47bec8ad4022</classId>
            <seq>1</seq>
            <hasDefault>false</hasDefault>
            <defaultValue isNull="true" />
            <isLocked>false</isLocked>
            <description>The name of the SLA</description>
            <guid>guid:197d4ddc90fc5427:-1c619ffe:11def1582ed:-7b12</guid>
            <versionId>fb29b481-308c-4426-b568-fe6d8440bfc3</versionId>
        </processParameter>
        <item>
            <lastModified isNull="true" />
            <lastModifiedBy isNull="true" />
            <processItemId>2025.0ea5f003-741a-4c12-99db-5e330cd7f8a9</processItemId>
            <processId>1.66f8367b-2221-45e8-b803-07a523ceacab</processId>
            <name>End</name>
            <tWComponentName>ExitPoint</tWComponentName>
            <tWComponentId>3008.2306e8c3-86f3-4a92-b1a7-282536b64995</tWComponentId>
            <isLogEnabled>false</isLogEnabled>
            <isTraceEnabled>false</isTraceEnabled>
            <traceCategory isNull="true" />
            <traceLevel isNull="true" />
            <traceMessage isNull="true" />
            <traceSymbolTable isNull="true" />
            <isExecutionContextTraced>false</isExecutionContextTraced>
            <saveExecutionContext>true</saveExecutionContext>
            <documentation isNull="true" />
            <isErrorHandlerEnabled>false</isErrorHandlerEnabled>
            <errorHandlerItemId isNull="true" />
            <guid>guid:83285d56cb05ab2c:-e6f3392:111af28b30d:-7612</guid>
            <versionId>0b6fa895-b4c4-4237-818d-b5195e4ccca8</versionId>
            <layoutData x="474" y="100">
                <errorLink>
                    <controlPoints />
                    <showEndState>false</showEndState>
                    <showName>false</showName>
                </errorLink>
            </layoutData>
            <TWComponent>
                <lastModified isNull="true" />
                <lastModifiedBy isNull="true" />
                <exitPointId>3008.2306e8c3-86f3-4a92-b1a7-282536b64995</exitPointId>
                <haltProcess>false</haltProcess>
                <guid>guid:197d4ddc90fc5427:-1c619ffe:11def1582ed:-7b0e</guid>
                <versionId>7ff56216-98fa-4b8a-bd3d-b80b1a3de9a3</versionId>
            </TWComponent>
        </item>
        <item>
            <lastModified isNull="true" />
            <lastModifiedBy isNull="true" />
            <processItemId>2025.aeeeec7d-de8d-474b-8462-1fd51187ae77</processItemId>
            <processId>1.66f8367b-2221-45e8-b803-07a523ceacab</processId>
            <name>Update Status</name>
            <tWComponentName>Script</tWComponentName>
            <tWComponentId>3011.3324de97-98cb-4f7c-b9b9-6996e8dbae67</tWComponentId>
            <isLogEnabled>false</isLogEnabled>
            <isTraceEnabled>false</isTraceEnabled>
            <traceCategory isNull="true" />
            <traceLevel isNull="true" />
            <traceMessage isNull="true" />
            <traceSymbolTable isNull="true" />
            <isExecutionContextTraced>false</isExecutionContextTraced>
            <saveExecutionContext>false</saveExecutionContext>
            <documentation isNull="true" />
            <isErrorHandlerEnabled>false</isErrorHandlerEnabled>
            <errorHandlerItemId isNull="true" />
            <guid>guid:83285d56cb05ab2c:-e6f3392:111af28b30d:-7611</guid>
            <versionId>86e04357-5fab-4fcd-94db-379dcd6b3aa3</versionId>
            <layoutData x="244" y="85">
                <errorLink>
                    <controlPoints />
                    <showEndState>false</showEndState>
                    <showName>false</showName>
                </errorLink>
            </layoutData>
            <TWComponent>
                <lastModified isNull="true" />
                <lastModifiedBy isNull="true" />
                <scriptId>3011.3324de97-98cb-4f7c-b9b9-6996e8dbae67</scriptId>
                <scriptTypeId>2</scriptTypeId>
                <isActive>true</isActive>
                <script>Packages.com.lombardisoftware.core.sla.SLATracking.updateSLA(tw.local.slaName);</script>
                <isRule>false</isRule>
                <guid>guid:197d4ddc90fc5427:-1c619ffe:11def1582ed:-7b0a</guid>
                <versionId>456782ee-c441-4f1e-887a-896e670171eb</versionId>
            </TWComponent>
        </item>
        <startingProcessItemId>2025.aeeeec7d-de8d-474b-8462-1fd51187ae77</startingProcessItemId>
        <errorHandlerItemId isNull="true" />
        <layoutData noConversion="true">
            <errorLink>
                <controlPoints />
                <showEndState>false</showEndState>
                <showName>false</showName>
            </errorLink>
        </layoutData>
        <startPoint>
            <layoutData x="20" y="100">
                <errorLink>
                    <controlPoints />
                    <showEndState>false</showEndState>
                    <showName>false</showName>
                </errorLink>
            </layoutData>
        </startPoint>
        <startLink>
            <fromPort locationId="rightCenter" portType="1" />
            <toPort locationId="leftCenter" portType="2" />
            <layoutData>
                <controlPoints />
                <showEndState>false</showEndState>
                <showName>false</showName>
            </layoutData>
        </startLink>
        <link name="Untitled">
            <lastModified isNull="true" />
            <lastModifiedBy isNull="true" />
            <processLinkId>2027.576e6fcb-efc3-428e-b2be-71c9630efe8e</processLinkId>
            <processId>1.66f8367b-2221-45e8-b803-07a523ceacab</processId>
            <description isNull="true" />
            <fromProcessItemId>2025.aeeeec7d-de8d-474b-8462-1fd51187ae77</fromProcessItemId>
            <endStateId>Out</endStateId>
            <toProcessItemId>2025.0ea5f003-741a-4c12-99db-5e330cd7f8a9</toProcessItemId>
            <guid>guid:197d4ddc90fc5427:-1c619ffe:11def1582ed:-7b08</guid>
            <versionId>8deabf82-c5fa-491d-b56b-cbfadf9b39d1</versionId>
            <layoutData>
                <controlPoints />
                <showEndState>false</showEndState>
                <showName>false</showName>
            </layoutData>
            <fromItemPort locationId="rightCenter" portType="1" />
            <toItemPort locationId="leftCenter" portType="2" />
            <fromProcessItemId>2025.aeeeec7d-de8d-474b-8462-1fd51187ae77</fromProcessItemId>
            <toProcessItemId>2025.0ea5f003-741a-4c12-99db-5e330cd7f8a9</toProcessItemId>
        </link>
        <link name="Untitled">
            <lastModified isNull="true" />
            <lastModifiedBy isNull="true" />
            <processLinkId>2027.fdbc16bd-73da-4ee1-8ce4-d548d5a99efe</processLinkId>
            <processId>1.66f8367b-2221-45e8-b803-07a523ceacab</processId>
            <description isNull="true" />
            <fromProcessItemId>2025.aeeeec7d-de8d-474b-8462-1fd51187ae77</fromProcessItemId>
            <endStateId>Out</endStateId>
            <toProcessItemId>2025.0ea5f003-741a-4c12-99db-5e330cd7f8a9</toProcessItemId>
            <guid>guid:197d4ddc90fc5427:-1c619ffe:11def1582ed:-7b08</guid>
            <versionId>de72deae-12be-4214-abde-98055b662437</versionId>
            <layoutData>
                <controlPoints />
                <showEndState>false</showEndState>
                <showName>false</showName>
            </layoutData>
            <fromItemPort locationId="rightCenter" portType="1" />
            <toItemPort locationId="leftCenter" portType="2" />
            <fromProcessItemId>2025.aeeeec7d-de8d-474b-8462-1fd51187ae77</fromProcessItemId>
            <toProcessItemId>2025.0ea5f003-741a-4c12-99db-5e330cd7f8a9</toProcessItemId>
        </link>
    </process>
</teamworks>

