<?xml version="1.0" encoding="UTF-8"?>
<teamworks>
    <process id="1.6ab4ed30-ffa5-4879-8bf9-75ac0636ce84" name="lsw Conditional Activity Selection Coach">
        <lastModified>1361372673512</lastModified>
        <lastModifiedBy>Internal TW Admin user</lastModifiedBy>
        <processId>1.6ab4ed30-ffa5-4879-8bf9-75ac0636ce84</processId>
        <image isNull="true" />
        <tabGroup isNull="true" />
        <startingProcessItemId>2025.b9462054-1265-4a49-b5dc-21222f4c8c92</startingProcessItemId>
        <isRootProcess>false</isRootProcess>
        <processType>3</processType>
        <isErrorHandlerEnabled>false</isErrorHandlerEnabled>
        <errorHandlerItemId isNull="true" />
        <isLoggingVariables>false</isLoggingVariables>
        <isTransactional>false</isTransactional>
        <processTimingLevel isNull="true" />
        <participantRef isNull="true" />
        <exposedType isNull="true" />
        <isTrackingEnabled>true</isTrackingEnabled>
        <xmlData isNull="true" />
        <cachingType>false</cachingType>
        <itemLabel isNull="true" />
        <cacheLength>43200</cacheLength>
        <mobileReady>false</mobileReady>
        <sboSyncEnabled>true</sboSyncEnabled>
        <externalId isNull="true" />
        <isSecured>false</isSecured>
        <description isNull="true" />
        <guid>guid:5a54f1704f1c1577:-6b56085f:12370558356:-7efe</guid>
        <versionId>9014f48e-f5df-4102-ba3d-ac160fecba38</versionId>
        <dependencySummary isNull="true" />
        <processParameter name="bpdGUID">
            <lastModified isNull="true" />
            <lastModifiedBy isNull="true" />
            <processParameterId>2055.f545be53-d9dd-4a40-8930-7fe2f8782f94</processParameterId>
            <processId>1.6ab4ed30-ffa5-4879-8bf9-75ac0636ce84</processId>
            <parameterType>1</parameterType>
            <isArrayOf>false</isArrayOf>
            <classId>/12.db884a3c-c533-44b7-bb2d-47bec8ad4022</classId>
            <seq>1</seq>
            <hasDefault>false</hasDefault>
            <defaultValue isNull="true" />
            <isLocked>false</isLocked>
            <description isNull="true" />
            <guid>guid:5a54f1704f1c1577:-6b56085f:12370558356:-7efa</guid>
            <versionId>cd3576b7-b559-442f-90a7-39e463541797</versionId>
        </processParameter>
        <processParameter name="conditionalActivities">
            <lastModified isNull="true" />
            <lastModifiedBy isNull="true" />
            <processParameterId>2055.e8d1bd9b-88e1-46bf-8072-ef03f958f205</processParameterId>
            <processId>1.6ab4ed30-ffa5-4879-8bf9-75ac0636ce84</processId>
            <parameterType>1</parameterType>
            <isArrayOf>true</isArrayOf>
            <classId>/12.4b7c93cd-cecb-4b9f-b753-43ef956d8169</classId>
            <seq>2</seq>
            <hasDefault>false</hasDefault>
            <defaultValue isNull="true" />
            <isLocked>false</isLocked>
            <description>The conditional activities from the BPD</description>
            <guid>guid:5a54f1704f1c1577:-6b56085f:12370558356:-7ef9</guid>
            <versionId>7c01f6ae-71cd-41ce-b527-f9fe85b2fc9a</versionId>
        </processParameter>
        <processParameter name="selectedConditionalActivities">
            <lastModified isNull="true" />
            <lastModifiedBy isNull="true" />
            <processParameterId>2055.ba5d0c10-85d2-41a4-bde2-b0becfa4f7e7</processParameterId>
            <processId>1.6ab4ed30-ffa5-4879-8bf9-75ac0636ce84</processId>
            <parameterType>1</parameterType>
            <isArrayOf>true</isArrayOf>
            <classId>/12.db884a3c-c533-44b7-bb2d-47bec8ad4022</classId>
            <seq>3</seq>
            <hasDefault>true</hasDefault>
            <defaultValue>var autoObject = new tw.object.arrayOf.String();
autoObject[0] = "";
autoObject
</defaultValue>
            <isLocked>false</isLocked>
            <description>GUIDs of preselected conditional activities (if any)</description>
            <guid>guid:5a54f1704f1c1577:-6b56085f:12370558356:-7ef8</guid>
            <versionId>d28ccafb-554c-4ece-abfc-6ce3a3bcffac</versionId>
        </processParameter>
        <processParameter name="templateID">
            <lastModified isNull="true" />
            <lastModifiedBy isNull="true" />
            <processParameterId>2055.a4b2b2f3-8bef-4d34-88c3-8a748e7533f9</processParameterId>
            <processId>1.6ab4ed30-ffa5-4879-8bf9-75ac0636ce84</processId>
            <parameterType>1</parameterType>
            <isArrayOf>false</isArrayOf>
            <classId>/12.db884a3c-c533-44b7-bb2d-47bec8ad4022</classId>
            <seq>4</seq>
            <hasDefault>true</hasDefault>
            <defaultValue>""</defaultValue>
            <isLocked>false</isLocked>
            <description>The ID of a template to start with (if any)</description>
            <guid>guid:5a54f1704f1c1577:-6b56085f:12370558356:-7ef7</guid>
            <versionId>e700cae0-615f-42ce-9695-7e2926b2195c</versionId>
        </processParameter>
        <processParameter name="isReadOnly">
            <lastModified isNull="true" />
            <lastModifiedBy isNull="true" />
            <processParameterId>2055.96f81d37-c7f9-4b04-af51-8cfdf838c1dc</processParameterId>
            <processId>1.6ab4ed30-ffa5-4879-8bf9-75ac0636ce84</processId>
            <parameterType>1</parameterType>
            <isArrayOf>false</isArrayOf>
            <classId>/12.83ff975e-8dbc-42e5-b738-fa8bc08274a2</classId>
            <seq>5</seq>
            <hasDefault>true</hasDefault>
            <defaultValue>false</defaultValue>
            <isLocked>false</isLocked>
            <description>Whether or not the selection tree is read-only.</description>
            <guid>guid:5a54f1704f1c1577:-6b56085f:12370558356:-7ef6</guid>
            <versionId>9655cfd2-496d-4959-9e5d-87c8c9b4d0f0</versionId>
        </processParameter>
        <processParameter name="selectedConditionalActivities">
            <lastModified isNull="true" />
            <lastModifiedBy isNull="true" />
            <processParameterId>2055.df3d9e5f-c498-4ef8-a6a6-00808ef4ab97</processParameterId>
            <processId>1.6ab4ed30-ffa5-4879-8bf9-75ac0636ce84</processId>
            <parameterType>2</parameterType>
            <isArrayOf>true</isArrayOf>
            <classId>/12.db884a3c-c533-44b7-bb2d-47bec8ad4022</classId>
            <seq>6</seq>
            <hasDefault>false</hasDefault>
            <defaultValue isNull="true" />
            <isLocked>false</isLocked>
            <description>GUIDs of conditional activities selected by coach and/or template</description>
            <guid>guid:5a54f1704f1c1577:-6b56085f:12370558356:-7ef5</guid>
            <versionId>39cca6f8-29ff-4bcb-8930-a08879aa76f4</versionId>
        </processParameter>
        <processParameter name="templateID">
            <lastModified isNull="true" />
            <lastModifiedBy isNull="true" />
            <processParameterId>2055.4c21b60a-07a5-40b1-acf3-74d68b8c7695</processParameterId>
            <processId>1.6ab4ed30-ffa5-4879-8bf9-75ac0636ce84</processId>
            <parameterType>2</parameterType>
            <isArrayOf>false</isArrayOf>
            <classId>/12.db884a3c-c533-44b7-bb2d-47bec8ad4022</classId>
            <seq>7</seq>
            <hasDefault>false</hasDefault>
            <defaultValue isNull="true" />
            <isLocked>false</isLocked>
            <description>The ID of the template used to select the conditional activities.  Some of the selected conditional activities may have changed since loading the template.</description>
            <guid>guid:5a54f1704f1c1577:-6b56085f:12370558356:-7ef4</guid>
            <versionId>695c3b81-93b8-45ae-bf92-f79e642424de</versionId>
        </processParameter>
        <processVariable name="templateNames">
            <lastModified isNull="true" />
            <lastModifiedBy isNull="true" />
            <processVariableId>2056.ec55b9f6-2382-4229-9ce8-331e2c063c4f</processVariableId>
            <description>Auto generated variable for mapping of lsw Get Conditional Activity Template Names</description>
            <processId>1.6ab4ed30-ffa5-4879-8bf9-75ac0636ce84</processId>
            <namespace>2</namespace>
            <seq>1</seq>
            <isArrayOf>true</isArrayOf>
            <classId>/12.d2e5a15a-ea53-4793-9e93-29af5bd80b13</classId>
            <hasDefault>false</hasDefault>
            <defaultValue isNull="true" />
            <guid>guid:5a54f1704f1c1577:-6b56085f:12370558356:-7ef3</guid>
            <versionId>b223f104-8f04-4185-bf99-6dd6dbb54f43</versionId>
        </processVariable>
        <processVariable name="templateName">
            <lastModified isNull="true" />
            <lastModifiedBy isNull="true" />
            <processVariableId>2056.fd8335d6-89d8-4b4f-8d51-69fbb4b5585a</processVariableId>
            <description>Auto generated variable for mapping of lsw Save Conditional Activity Template</description>
            <processId>1.6ab4ed30-ffa5-4879-8bf9-75ac0636ce84</processId>
            <namespace>2</namespace>
            <seq>2</seq>
            <isArrayOf>false</isArrayOf>
            <classId>/12.db884a3c-c533-44b7-bb2d-47bec8ad4022</classId>
            <hasDefault>false</hasDefault>
            <defaultValue isNull="true" />
            <guid>guid:5a54f1704f1c1577:-6b56085f:12370558356:-7ef2</guid>
            <versionId>9c639d7b-404b-4033-b7aa-7f4ac7349aec</versionId>
        </processVariable>
        <processVariable name="originalSelectedConditionalActivities">
            <lastModified isNull="true" />
            <lastModifiedBy isNull="true" />
            <processVariableId>2056.d20c739a-8c32-4b21-bb07-f2488e064976</processVariableId>
            <description isNull="true" />
            <processId>1.6ab4ed30-ffa5-4879-8bf9-75ac0636ce84</processId>
            <namespace>2</namespace>
            <seq>3</seq>
            <isArrayOf>true</isArrayOf>
            <classId>/12.db884a3c-c533-44b7-bb2d-47bec8ad4022</classId>
            <hasDefault>false</hasDefault>
            <defaultValue isNull="true" />
            <guid>guid:5a54f1704f1c1577:-6b56085f:12370558356:-7ef1</guid>
            <versionId>d71010aa-58f1-4e4f-b4ac-baa33e62bf37</versionId>
        </processVariable>
        <processVariable name="conditionalActivitySelectionTreeHTML">
            <lastModified isNull="true" />
            <lastModifiedBy isNull="true" />
            <processVariableId>2056.491c7fc9-9b83-49cc-8a11-77561fcdb162</processVariableId>
            <description>Auto generated variable for mapping of lsw Create Conditional Activity Selection Tree HTML</description>
            <processId>1.6ab4ed30-ffa5-4879-8bf9-75ac0636ce84</processId>
            <namespace>2</namespace>
            <seq>4</seq>
            <isArrayOf>false</isArrayOf>
            <classId>/12.db884a3c-c533-44b7-bb2d-47bec8ad4022</classId>
            <hasDefault>false</hasDefault>
            <defaultValue isNull="true" />
            <guid>guid:5a54f1704f1c1577:-6b56085f:12370558356:-7ef0</guid>
            <versionId>13c2e45f-d8fd-458d-84f2-23144ef7185a</versionId>
        </processVariable>
        <processVariable name="originalTemplateID">
            <lastModified isNull="true" />
            <lastModifiedBy isNull="true" />
            <processVariableId>2056.8226d913-e2f1-4508-a3bb-dba318a887d3</processVariableId>
            <description isNull="true" />
            <processId>1.6ab4ed30-ffa5-4879-8bf9-75ac0636ce84</processId>
            <namespace>2</namespace>
            <seq>5</seq>
            <isArrayOf>false</isArrayOf>
            <classId>/12.db884a3c-c533-44b7-bb2d-47bec8ad4022</classId>
            <hasDefault>false</hasDefault>
            <defaultValue isNull="true" />
            <guid>guid:5a54f1704f1c1577:-6b56085f:12370558356:-7eef</guid>
            <versionId>589cda00-adf2-4bcd-aee6-40f1d26a82fd</versionId>
        </processVariable>
        <item>
            <lastModified isNull="true" />
            <lastModifiedBy isNull="true" />
            <processItemId>2025.626b43f8-88d5-4ee6-9633-d9d79cca4091</processItemId>
            <processId>1.6ab4ed30-ffa5-4879-8bf9-75ac0636ce84</processId>
            <name>Save Template Coach</name>
            <tWComponentName>SubProcess</tWComponentName>
            <tWComponentId>3012.66fccb42-8e11-451a-8147-531cb759a89f</tWComponentId>
            <isLogEnabled>false</isLogEnabled>
            <isTraceEnabled>false</isTraceEnabled>
            <traceCategory isNull="true" />
            <traceLevel isNull="true" />
            <traceMessage isNull="true" />
            <traceSymbolTable isNull="true" />
            <isExecutionContextTraced>false</isExecutionContextTraced>
            <saveExecutionContext>false</saveExecutionContext>
            <documentation isNull="true" />
            <isErrorHandlerEnabled>false</isErrorHandlerEnabled>
            <errorHandlerItemId isNull="true" />
            <guid>guid:5a54f1704f1c1577:-6b56085f:12370558356:-7eda</guid>
            <versionId>05020ae4-35c5-4e83-a17d-0232951b4d6a</versionId>
            <layoutData x="384" y="9">
                <errorLink>
                    <controlPoints />
                    <showEndState>false</showEndState>
                    <showName>false</showName>
                </errorLink>
            </layoutData>
            <TWComponent>
                <lastModified isNull="true" />
                <lastModifiedBy isNull="true" />
                <subProcessId>3012.66fccb42-8e11-451a-8147-531cb759a89f</subProcessId>
                <attachedProcessRef>/1.f19596ff-93b8-4f49-875c-1edec488e96a</attachedProcessRef>
                <guid>guid:5a54f1704f1c1577:-6b56085f:12370558356:-7ed9</guid>
                <versionId>5fdbfc5c-1e0d-4f5b-a77a-034ed9af73c7</versionId>
                <parameterMapping name="templateID">
                    <lastModified isNull="true" />
                    <lastModifiedBy isNull="true" />
                    <parameterMappingId>2054.31e77b71-fdc9-4835-bc55-2dbd7bbf8bf9</parameterMappingId>
                    <processParameterId>2055.3a4c317f-68ba-41d3-a1c9-0700892d0d24</processParameterId>
                    <parameterMappingParentId>3012.66fccb42-8e11-451a-8147-531cb759a89f</parameterMappingParentId>
                    <useDefault>false</useDefault>
                    <value>tw.local.templateID</value>
                    <classRef>/12.db884a3c-c533-44b7-bb2d-47bec8ad4022</classRef>
                    <isList>false</isList>
                    <isInput>true</isInput>
                    <guid>guid:5a54f1704f1c1577:-6b56085f:12370558356:-7eb2</guid>
                    <versionId>133af5ce-18e4-4468-bd02-1396db97530a</versionId>
                    <description isNull="true" />
                </parameterMapping>
                <parameterMapping name="readonly">
                    <lastModified isNull="true" />
                    <lastModifiedBy isNull="true" />
                    <parameterMappingId>2054.07eec1f9-e79a-47bc-8554-53039124ada0</parameterMappingId>
                    <processParameterId>2055.20d55c27-521f-4c57-b082-f0e2abcadba1</processParameterId>
                    <parameterMappingParentId>3012.66fccb42-8e11-451a-8147-531cb759a89f</parameterMappingParentId>
                    <useDefault>false</useDefault>
                    <value isNull="true" />
                    <classRef>/12.83ff975e-8dbc-42e5-b738-fa8bc08274a2</classRef>
                    <isList>false</isList>
                    <isInput>true</isInput>
                    <guid>guid:5a54f1704f1c1577:-6b56085f:12370558356:-7eae</guid>
                    <versionId>5ef7d22f-5b3e-468e-8067-a27ba501afc5</versionId>
                    <description isNull="true" />
                </parameterMapping>
                <parameterMapping name="selectedConditionalActivities">
                    <lastModified isNull="true" />
                    <lastModifiedBy isNull="true" />
                    <parameterMappingId>2054.625aae8e-3491-42af-aba6-fa041acd9a10</parameterMappingId>
                    <processParameterId>2055.72e1a622-756a-4092-bed2-e61da437e51a</processParameterId>
                    <parameterMappingParentId>3012.66fccb42-8e11-451a-8147-531cb759a89f</parameterMappingParentId>
                    <useDefault>false</useDefault>
                    <value>tw.local.selectedConditionalActivities</value>
                    <classRef>/12.db884a3c-c533-44b7-bb2d-47bec8ad4022</classRef>
                    <isList>true</isList>
                    <isInput>true</isInput>
                    <guid>guid:5a54f1704f1c1577:-6b56085f:12370558356:-7eaf</guid>
                    <versionId>71fa4460-f934-4939-a4b5-a33c8c8001c3</versionId>
                    <description isNull="true" />
                </parameterMapping>
                <parameterMapping name="templateName">
                    <lastModified isNull="true" />
                    <lastModifiedBy isNull="true" />
                    <parameterMappingId>2054.8a3a5cd3-b30e-4ba2-ba03-741318e9748d</parameterMappingId>
                    <processParameterId>2055.c5a947e3-255c-48b0-bc62-8b6e4887727d</processParameterId>
                    <parameterMappingParentId>3012.66fccb42-8e11-451a-8147-531cb759a89f</parameterMappingParentId>
                    <useDefault>false</useDefault>
                    <value>tw.local.templateName</value>
                    <classRef>/12.db884a3c-c533-44b7-bb2d-47bec8ad4022</classRef>
                    <isList>false</isList>
                    <isInput>true</isInput>
                    <guid>guid:5a54f1704f1c1577:-6b56085f:12370558356:-7eb1</guid>
                    <versionId>936ed126-b0e4-4195-81ca-85a4ff56ed2a</versionId>
                    <description isNull="true" />
                </parameterMapping>
                <parameterMapping name="bpdGUID">
                    <lastModified isNull="true" />
                    <lastModifiedBy isNull="true" />
                    <parameterMappingId>2054.dd42ac60-57be-4d0b-a4d9-ec860c30cc79</parameterMappingId>
                    <processParameterId>2055.7acbd8d2-9d83-4791-8ad8-78e1b394d9be</processParameterId>
                    <parameterMappingParentId>3012.66fccb42-8e11-451a-8147-531cb759a89f</parameterMappingParentId>
                    <useDefault>false</useDefault>
                    <value>tw.local.bpdGUID</value>
                    <classRef>/12.db884a3c-c533-44b7-bb2d-47bec8ad4022</classRef>
                    <isList>false</isList>
                    <isInput>true</isInput>
                    <guid>guid:5a54f1704f1c1577:-6b56085f:12370558356:-7eb0</guid>
                    <versionId>c32f4b38-82ab-4e90-b29a-96771b578416</versionId>
                    <description isNull="true" />
                </parameterMapping>
                <parameterMapping name="templateID">
                    <lastModified isNull="true" />
                    <lastModifiedBy isNull="true" />
                    <parameterMappingId>2054.8099b9a9-6621-4abf-a430-cdaf1b5b6dea</parameterMappingId>
                    <processParameterId>2055.52c05d42-68fb-49cb-ad65-9e30edf8c6e6</processParameterId>
                    <parameterMappingParentId>3012.66fccb42-8e11-451a-8147-531cb759a89f</parameterMappingParentId>
                    <useDefault>false</useDefault>
                    <value>tw.local.templateID</value>
                    <classRef>/12.db884a3c-c533-44b7-bb2d-47bec8ad4022</classRef>
                    <isList>false</isList>
                    <isInput>false</isInput>
                    <guid>guid:5a54f1704f1c1577:-6b56085f:12370558356:-7ead</guid>
                    <versionId>ee8bbc66-10fe-4cd6-afdc-a1c31ecb479f</versionId>
                    <description isNull="true" />
                </parameterMapping>
            </TWComponent>
        </item>
        <item>
            <lastModified isNull="true" />
            <lastModifiedBy isNull="true" />
            <processItemId>2025.67c2d98b-494e-4dee-ac71-94fe53a8fefd</processItemId>
            <processId>1.6ab4ed30-ffa5-4879-8bf9-75ac0636ce84</processId>
            <name>Create Selection Tree HTML</name>
            <tWComponentName>SubProcess</tWComponentName>
            <tWComponentId>3012.743d9272-6ba9-405c-a935-3cf8657f6bee</tWComponentId>
            <isLogEnabled>false</isLogEnabled>
            <isTraceEnabled>false</isTraceEnabled>
            <traceCategory isNull="true" />
            <traceLevel isNull="true" />
            <traceMessage isNull="true" />
            <traceSymbolTable isNull="true" />
            <isExecutionContextTraced>false</isExecutionContextTraced>
            <saveExecutionContext>false</saveExecutionContext>
            <documentation isNull="true" />
            <isErrorHandlerEnabled>false</isErrorHandlerEnabled>
            <errorHandlerItemId isNull="true" />
            <guid>guid:5a54f1704f1c1577:-6b56085f:12370558356:-7edd</guid>
            <versionId>34e6fe53-21f3-435d-84d8-d95db9313844</versionId>
            <layoutData x="512" y="187">
                <errorLink>
                    <controlPoints />
                    <showEndState>false</showEndState>
                    <showName>false</showName>
                </errorLink>
            </layoutData>
            <TWComponent>
                <lastModified isNull="true" />
                <lastModifiedBy isNull="true" />
                <subProcessId>3012.743d9272-6ba9-405c-a935-3cf8657f6bee</subProcessId>
                <attachedProcessRef>/1.f4dba1a1-aaae-4534-a8b4-e8e973853818</attachedProcessRef>
                <guid>guid:5a54f1704f1c1577:-6b56085f:12370558356:-7edc</guid>
                <versionId>aa51e43c-e5e9-4a01-97da-762da5a7d0bb</versionId>
                <parameterMapping name="conditionalActivities">
                    <lastModified isNull="true" />
                    <lastModifiedBy isNull="true" />
                    <parameterMappingId>2054.c3c59747-56e9-4e35-bd8c-aeba01530103</parameterMappingId>
                    <processParameterId>2055.599adf4b-4ad5-4cbc-874f-2c01a672149e</processParameterId>
                    <parameterMappingParentId>3012.743d9272-6ba9-405c-a935-3cf8657f6bee</parameterMappingParentId>
                    <useDefault>false</useDefault>
                    <value>tw.local.conditionalActivities</value>
                    <classRef>/12.4b7c93cd-cecb-4b9f-b753-43ef956d8169</classRef>
                    <isList>true</isList>
                    <isInput>true</isInput>
                    <guid>guid:5a54f1704f1c1577:-6b56085f:12370558356:-7eac</guid>
                    <versionId>472d9fb9-02a1-412c-bbee-d15c08b6fc78</versionId>
                    <description isNull="true" />
                </parameterMapping>
                <parameterMapping name="selectedConditionalActivities">
                    <lastModified isNull="true" />
                    <lastModifiedBy isNull="true" />
                    <parameterMappingId>2054.c5a45e39-1d44-48af-ad51-01d78793e612</parameterMappingId>
                    <processParameterId>2055.d4bab48c-9ec7-40d8-b330-fc430872e79c</processParameterId>
                    <parameterMappingParentId>3012.743d9272-6ba9-405c-a935-3cf8657f6bee</parameterMappingParentId>
                    <useDefault>false</useDefault>
                    <value>tw.local.selectedConditionalActivities</value>
                    <classRef>/12.db884a3c-c533-44b7-bb2d-47bec8ad4022</classRef>
                    <isList>true</isList>
                    <isInput>true</isInput>
                    <guid>guid:5a54f1704f1c1577:-6b56085f:12370558356:-7eab</guid>
                    <versionId>5bba8fc0-443c-4c2f-9153-092afb4db3ff</versionId>
                    <description isNull="true" />
                </parameterMapping>
                <parameterMapping name="conditionalActivitySelectionTreeHTML">
                    <lastModified isNull="true" />
                    <lastModifiedBy isNull="true" />
                    <parameterMappingId>2054.e2d843b0-3441-448c-bbfd-b42ac3ae6a32</parameterMappingId>
                    <processParameterId>2055.9fc09732-0162-4010-a899-287759cb54e1</processParameterId>
                    <parameterMappingParentId>3012.743d9272-6ba9-405c-a935-3cf8657f6bee</parameterMappingParentId>
                    <useDefault>false</useDefault>
                    <value>tw.local.conditionalActivitySelectionTreeHTML</value>
                    <classRef>/12.db884a3c-c533-44b7-bb2d-47bec8ad4022</classRef>
                    <isList>false</isList>
                    <isInput>false</isInput>
                    <guid>guid:5a54f1704f1c1577:-6b56085f:12370558356:-7ea9</guid>
                    <versionId>d3c9d04e-29d1-44ca-a222-0fbc0f6b92bf</versionId>
                    <description isNull="true" />
                </parameterMapping>
                <parameterMapping name="isReadOnly">
                    <lastModified isNull="true" />
                    <lastModifiedBy isNull="true" />
                    <parameterMappingId>2054.59fc8bd4-7519-4bf7-8668-f781cb5cfe7d</parameterMappingId>
                    <processParameterId>2055.298fcfbd-7c5a-4b69-9380-dae362c75d4b</processParameterId>
                    <parameterMappingParentId>3012.743d9272-6ba9-405c-a935-3cf8657f6bee</parameterMappingParentId>
                    <useDefault>false</useDefault>
                    <value>tw.local.isReadOnly</value>
                    <classRef>/12.83ff975e-8dbc-42e5-b738-fa8bc08274a2</classRef>
                    <isList>false</isList>
                    <isInput>true</isInput>
                    <guid>guid:5a54f1704f1c1577:-6b56085f:12370558356:-7eaa</guid>
                    <versionId>d479fd8d-3f5d-43b8-a0ed-359a363fbe07</versionId>
                    <description isNull="true" />
                </parameterMapping>
            </TWComponent>
        </item>
        <item>
            <lastModified isNull="true" />
            <lastModifiedBy isNull="true" />
            <processItemId>2025.b37d8b17-7c94-47ed-b2b4-a1f61cc63fb5</processItemId>
            <processId>1.6ab4ed30-ffa5-4879-8bf9-75ac0636ce84</processId>
            <name>Revert</name>
            <tWComponentName>Script</tWComponentName>
            <tWComponentId>3011.200db3fa-5422-469d-9628-03bc25b5d97e</tWComponentId>
            <isLogEnabled>false</isLogEnabled>
            <isTraceEnabled>false</isTraceEnabled>
            <traceCategory isNull="true" />
            <traceLevel isNull="true" />
            <traceMessage isNull="true" />
            <traceSymbolTable isNull="true" />
            <isExecutionContextTraced>false</isExecutionContextTraced>
            <saveExecutionContext>false</saveExecutionContext>
            <documentation isNull="true" />
            <isErrorHandlerEnabled>false</isErrorHandlerEnabled>
            <errorHandlerItemId isNull="true" />
            <guid>guid:5a54f1704f1c1577:-6b56085f:12370558356:-7ece</guid>
            <versionId>3c4218c8-3249-43b1-b6b0-a469bd34c9b9</versionId>
            <layoutData x="359" y="321">
                <errorLink>
                    <controlPoints />
                    <showEndState>false</showEndState>
                    <showName>false</showName>
                </errorLink>
            </layoutData>
            <TWComponent>
                <lastModified isNull="true" />
                <lastModifiedBy isNull="true" />
                <scriptId>3011.200db3fa-5422-469d-9628-03bc25b5d97e</scriptId>
                <scriptTypeId>2</scriptTypeId>
                <isActive>true</isActive>
                <script>tw.local.selectedConditionalActivities = tw.local.originalSelectedConditionalActivities;
tw.local.templateID = tw.local.originalTemplateID;</script>
                <isRule>false</isRule>
                <guid>guid:5a54f1704f1c1577:-6b56085f:12370558356:-7ecf</guid>
                <versionId>6a461fad-a8d1-4816-897c-f8dec5ee8fac</versionId>
            </TWComponent>
        </item>
        <item>
            <lastModified isNull="true" />
            <lastModifiedBy isNull="true" />
            <processItemId>2025.875fca76-eb13-4a0e-8d02-6e77f9dbbed1</processItemId>
            <processId>1.6ab4ed30-ffa5-4879-8bf9-75ac0636ce84</processId>
            <name>Conditional Activities</name>
            <tWComponentName>Coach</tWComponentName>
            <tWComponentId>3003.4a056276-3661-4b20-bd70-efe6fb7247c3</tWComponentId>
            <isLogEnabled>false</isLogEnabled>
            <isTraceEnabled>false</isTraceEnabled>
            <traceCategory isNull="true" />
            <traceLevel isNull="true" />
            <traceMessage isNull="true" />
            <traceSymbolTable isNull="true" />
            <isExecutionContextTraced>false</isExecutionContextTraced>
            <saveExecutionContext>true</saveExecutionContext>
            <documentation isNull="true" />
            <isErrorHandlerEnabled>false</isErrorHandlerEnabled>
            <errorHandlerItemId isNull="true" />
            <guid>guid:5a54f1704f1c1577:-6b56085f:12370558356:-7eca</guid>
            <versionId>4670a0db-29da-4da4-be9d-1d26ca91b3f8</versionId>
            <layoutData x="765" y="190">
                <errorLink>
                    <controlPoints />
                    <showEndState>false</showEndState>
                    <showName>false</showName>
                </errorLink>
            </layoutData>
            <TWComponent>
                <lastModified isNull="true" />
                <lastModifiedBy isNull="true" />
                <coachId>3003.4a056276-3661-4b20-bd70-efe6fb7247c3</coachId>
                <title>Untitled1</title>
                <layoutRef>/20.fa3fc599-a72a-4a82-8f14-6bba1565444a</layoutRef>
                <layoutData isNull="true" />
                <xslRef isNull="true" />
                <guid>guid:5a54f1704f1c1577:-6b56085f:12370558356:-7ecb</guid>
                <versionId>ae200d14-1f75-42d2-a856-8e086d8a46f9</versionId>
                <CoachResources>
                    <lastModified isNull="true" />
                    <lastModifiedBy isNull="true" />
                    <coachResourceId>3004.fccb48d6-4edd-4676-804c-f6fcdf2bf704</coachResourceId>
                    <coachId>3003.4a056276-3661-4b20-bd70-efe6fb7247c3</coachId>
                    <virtualName>CoachDesignerXML</virtualName>
                    <type>text/HTML</type>
                    <resourceData>&lt;tw:Form xmlns:tw="http://lombardisoftware.com/schema/coachdesigner" xmlns:xsi="http://www.w3.org/2001/XMLSchema-instance" xsi:schemaLocation="http://lombardisoftware.com/schema/forms Form.xsd"&gt;
  &lt;tw:FormTitle&gt;Lombardi Coach&lt;/tw:FormTitle&gt;
  &lt;tw:Layout tw:id="section" tw:styleClass=""&gt;
    &lt;tw:Section tw:columns="1"&gt;
      &lt;tw:SectionTitle tw:id="sectionTitle" tw:visible="false"&gt;Section Title&lt;/tw:SectionTitle&gt;
      &lt;tw:SectionHeading tw:id="sectionHeading" tw:visible="false"&gt;Section Heading&lt;/tw:SectionHeading&gt;
      &lt;tw:Row tw:rows="3"&gt;
        &lt;tw:Column&gt;
          &lt;tw:Control tw:col="1" tw:colspan="1" tw:id="section1" tw:row="1" tw:rowspan="1"&gt;
            &lt;tw:Documentation&gt;This section will be an empty section with two columns defined.&lt;/tw:Documentation&gt;
            &lt;tw:Section tw:columns="2"&gt;
              &lt;tw:SectionTitle tw:id="sectionTitle" tw:visible="false"&gt;Section Title&lt;/tw:SectionTitle&gt;
              &lt;tw:Row tw:rows="1"&gt;
                &lt;tw:Column&gt;
                  &lt;tw:Control tw:col="1" tw:colspan="1" tw:id="ComboBox0" tw:row="1" tw:rowspan="1"&gt;
                    &lt;tw:Documentation&gt;Shows a drop-down list of values from which the user can select a single value.&lt;/tw:Documentation&gt;
                    &lt;tw:PaletteIcon&gt;coachdesigner16/choice_obj.gif&lt;/tw:PaletteIcon&gt;
                    &lt;tw:EventHandler tw:event="onChange"&gt;
                      &lt;tw:ClientScript&gt;if(this.value != null &amp;amp;&amp;amp; this.value.length &amp;gt; 0) {
  document.getElementById("ButtonGroup1_Button1").click();
}&lt;/tw:ClientScript&gt;
                    &lt;/tw:EventHandler&gt;
                    &lt;tw:SingleSelect tw:binding="tw.local.templateID"&gt;
                      &lt;tw:Label tw:visible="true"&gt;Template:&lt;/tw:Label&gt;
                      &lt;tw:StaticOption tw:value=""&gt;-- None --&lt;/tw:StaticOption&gt;
                      &lt;tw:DynamicOption tw:binding="tw.local.templateNames[]" tw:displayBinding=".name" tw:valueBinding=".value" /&gt;
                      &lt;tw:BasedOn tw:type="List Variable" /&gt;
                      &lt;tw:VisualDropDown /&gt;
                    &lt;/tw:SingleSelect&gt;
                  &lt;/tw:Control&gt;
                &lt;/tw:Column&gt;
                &lt;tw:Column&gt;
                  &lt;tw:Control tw:col="2" tw:colspan="1" tw:id="ButtonGroup1" tw:row="1" tw:rowspan="1"&gt;
                    &lt;tw:Documentation&gt;A Button Group containing one Button.&lt;/tw:Documentation&gt;
                    &lt;tw:PaletteIcon&gt;coachdesigner16/button_obj.gif&lt;/tw:PaletteIcon&gt;
                    &lt;tw:ButtonGroup&gt;
                      &lt;tw:Label tw:visible="false"&gt;A Button:&lt;/tw:Label&gt;
                      &lt;tw:Button tw:decisionPoint="true" tw:id="Button0"&gt;
                        &lt;tw:Label&gt;Save&lt;/tw:Label&gt;
                        &lt;tw:EventHandler tw:event="onClick" /&gt;
                      &lt;/tw:Button&gt;
                      &lt;tw:Button tw:decisionPoint="true" tw:id="Button1"&gt;
                        &lt;tw:Label&gt;Reload&lt;/tw:Label&gt;
                        &lt;tw:EventHandler tw:event="onClick" /&gt;
                      &lt;/tw:Button&gt;
                    &lt;/tw:ButtonGroup&gt;
                  &lt;/tw:Control&gt;
                &lt;/tw:Column&gt;
              &lt;/tw:Row&gt;
            &lt;/tw:Section&gt;
          &lt;/tw:Control&gt;
          &lt;tw:Control tw:col="1" tw:colspan="1" tw:id="section2" tw:row="2" tw:rowspan="1"&gt;
            &lt;tw:Documentation&gt;This section will be an empty section with one column.&lt;/tw:Documentation&gt;
            &lt;tw:Section tw:columns="1"&gt;
              &lt;tw:SectionTitle tw:id="sectionTitle" tw:visible="true"&gt;Select Conditional Activities to execute&lt;/tw:SectionTitle&gt;
              &lt;tw:SectionHeading tw:id="sectionHeading" tw:visible="false"&gt;Section Heading&lt;/tw:SectionHeading&gt;
              &lt;tw:Row tw:rows="1"&gt;
                &lt;tw:Column&gt;
                  &lt;tw:Control tw:col="1" tw:colspan="2" tw:id="CATree" tw:row="1" tw:rowspan="1"&gt;
                    &lt;tw:Documentation&gt;Displays a tree of Conditional Activities.

Input:

tw.local.conditionalActivitives     (ConditionalActivity[]) the list of conditional activities. Obtain from tw.system.process.conditionalActivities
tw.local.initConditionalActivitives (String[])              the list of conditional activities to initialize as checked when tree is displayed

Output:

tw.local.selectedConditionalActivities (String) a comma separated list of guids representing the conditional activities that were selected in the tree&lt;/tw:Documentation&gt;
                    &lt;tw:PaletteIcon&gt;coachdesigner16/customhtml.gif&lt;/tw:PaletteIcon&gt;
                    &lt;tw:LabeledCustomHTML&gt;
                      &lt;tw:Content&gt;&amp;lt;#=tw.local.conditionalActivitySelectionTreeHTML#&amp;gt;&lt;/tw:Content&gt;
                    &lt;/tw:LabeledCustomHTML&gt;
                  &lt;/tw:Control&gt;
                &lt;/tw:Column&gt;
              &lt;/tw:Row&gt;
            &lt;/tw:Section&gt;
          &lt;/tw:Control&gt;
          &lt;tw:Control tw:col="1" tw:colspan="1" tw:id="ButtonGroup0" tw:row="3" tw:rowspan="1"&gt;
            &lt;tw:Documentation&gt;A ButtonGroup containing one Button.&lt;/tw:Documentation&gt;
            &lt;tw:PaletteIcon&gt;coachdesigner16/button_obj.gif&lt;/tw:PaletteIcon&gt;
            &lt;tw:ButtonGroup&gt;
              &lt;tw:Label tw:visible="false"&gt;A Button:&lt;/tw:Label&gt;
              &lt;tw:Button tw:decisionPoint="true" tw:id="Button1" tw:isCancel="true"&gt;
                &lt;tw:Label&gt;Revert&lt;/tw:Label&gt;
                &lt;tw:EventHandler tw:event="onClick" /&gt;
              &lt;/tw:Button&gt;
              &lt;tw:Button tw:decisionPoint="true" tw:id="Button2"&gt;
                &lt;tw:Label&gt;Postpone&lt;/tw:Label&gt;
                &lt;tw:EventHandler tw:event="onClick" /&gt;
              &lt;/tw:Button&gt;
              &lt;tw:Button tw:decisionPoint="true" tw:id="Button0" tw:isCancel="false"&gt;
                &lt;tw:Label&gt;Done&lt;/tw:Label&gt;
                &lt;tw:EventHandler tw:event="onClick" /&gt;
              &lt;/tw:Button&gt;
            &lt;/tw:ButtonGroup&gt;
          &lt;/tw:Control&gt;
        &lt;/tw:Column&gt;
      &lt;/tw:Row&gt;
    &lt;/tw:Section&gt;
  &lt;/tw:Layout&gt;
&lt;/tw:Form&gt;

</resourceData>
                    <guid>guid:5a54f1704f1c1577:-6b56085f:12370558356:-7ec8</guid>
                    <versionId>8d3fac8c-4de2-4b54-ad50-2ed9e4e945a1</versionId>
                </CoachResources>
                <CoachButtons>
                    <lastModified isNull="true" />
                    <lastModifiedBy isNull="true" />
                    <coachButtonId>3005.9a30573a-7d93-4b95-937c-945af188f0a0</coachButtonId>
                    <coachId>3003.4a056276-3661-4b20-bd70-efe6fb7247c3</coachId>
                    <seq>1</seq>
                    <endStateId>guid:5a54f1704f1c1577:-6b56085f:12370558356:-7ec6</endStateId>
                    <isSpecial>false</isSpecial>
                    <isDisplayed>true</isDisplayed>
                    <buttonLabel>Done</buttonLabel>
                    <buttonHint>ButtonGroup0_Button0</buttonHint>
                    <buttonText isNull="true" />
                    <isCheckBoxVisible>false</isCheckBoxVisible>
                    <isUncheckAllowed>false</isUncheckAllowed>
                    <metaData>CoachDesignerButtonId:ButtonGroup0_Button0;CoachDesignerIsCancel:false</metaData>
                    <buttonExpression>ButtonGroup0_Button0</buttonExpression>
                    <guid>8e12b466-19ce-45c0-aadd-3479a9e1d63e</guid>
                    <versionId>c66d0e95-8e6d-43d2-9ca3-2e5ab0f3789c</versionId>
                </CoachButtons>
                <CoachButtons>
                    <lastModified isNull="true" />
                    <lastModifiedBy isNull="true" />
                    <coachButtonId>3005.757ec737-50c0-490f-9153-9f2d0823989c</coachButtonId>
                    <coachId>3003.4a056276-3661-4b20-bd70-efe6fb7247c3</coachId>
                    <seq>2</seq>
                    <endStateId>guid:5a54f1704f1c1577:-6b56085f:12370558356:-7ec4</endStateId>
                    <isSpecial>false</isSpecial>
                    <isDisplayed>true</isDisplayed>
                    <buttonLabel>Revert</buttonLabel>
                    <buttonHint>ButtonGroup0_Button1</buttonHint>
                    <buttonText isNull="true" />
                    <isCheckBoxVisible>false</isCheckBoxVisible>
                    <isUncheckAllowed>false</isUncheckAllowed>
                    <metaData>CoachDesignerButtonId:ButtonGroup0_Button1;CoachDesignerIsCancel:true</metaData>
                    <buttonExpression>ButtonGroup0_Button1</buttonExpression>
                    <guid>913644e4-0496-4cb4-b38e-b26afc2abb8b</guid>
                    <versionId>e1b33a63-dcc8-4ab9-abd9-6596d93ebfba</versionId>
                </CoachButtons>
                <CoachButtons>
                    <lastModified isNull="true" />
                    <lastModifiedBy isNull="true" />
                    <coachButtonId>3005.41cdbcac-5582-4ac0-8d22-db2d470252d2</coachButtonId>
                    <coachId>3003.4a056276-3661-4b20-bd70-efe6fb7247c3</coachId>
                    <seq>3</seq>
                    <endStateId>guid:5a54f1704f1c1577:-6b56085f:12370558356:-7ea5</endStateId>
                    <isSpecial>false</isSpecial>
                    <isDisplayed>true</isDisplayed>
                    <buttonLabel>Save</buttonLabel>
                    <buttonHint>ButtonGroup1_Button0</buttonHint>
                    <buttonText isNull="true" />
                    <isCheckBoxVisible>false</isCheckBoxVisible>
                    <isUncheckAllowed>false</isUncheckAllowed>
                    <metaData>CoachDesignerButtonId:ButtonGroup1_Button0;CoachDesignerIsCancel:false</metaData>
                    <buttonExpression>ButtonGroup1_Button0</buttonExpression>
                    <guid>85bc21fa-8c0d-476f-b7ff-195eb513cd4c</guid>
                    <versionId>7ad4d58f-ae1c-4d95-aafb-2ff91d27f6fe</versionId>
                </CoachButtons>
                <CoachButtons>
                    <lastModified isNull="true" />
                    <lastModifiedBy isNull="true" />
                    <coachButtonId>3005.a5b3cddd-a817-4701-88da-8429626c4a71</coachButtonId>
                    <coachId>3003.4a056276-3661-4b20-bd70-efe6fb7247c3</coachId>
                    <seq>4</seq>
                    <endStateId>guid:5a54f1704f1c1577:-6b56085f:12370558356:-7ea3</endStateId>
                    <isSpecial>false</isSpecial>
                    <isDisplayed>true</isDisplayed>
                    <buttonLabel>Reload</buttonLabel>
                    <buttonHint>ButtonGroup1_Button1</buttonHint>
                    <buttonText isNull="true" />
                    <isCheckBoxVisible>false</isCheckBoxVisible>
                    <isUncheckAllowed>false</isUncheckAllowed>
                    <metaData>CoachDesignerButtonId:ButtonGroup1_Button1;CoachDesignerIsCancel:false</metaData>
                    <buttonExpression>ButtonGroup1_Button1</buttonExpression>
                    <guid>5f5121f1-043d-46cf-82af-746ed8f21375</guid>
                    <versionId>2fc8210d-63e8-4b8e-9d97-ca2c54f9fda1</versionId>
                </CoachButtons>
                <CoachButtons>
                    <lastModified isNull="true" />
                    <lastModifiedBy isNull="true" />
                    <coachButtonId>3005.3eeb76c6-ec20-4798-bf0c-fecdc1647605</coachButtonId>
                    <coachId>3003.4a056276-3661-4b20-bd70-efe6fb7247c3</coachId>
                    <seq>5</seq>
                    <endStateId>guid:5a54f1704f1c1577:-6b56085f:12370558356:-7ea1</endStateId>
                    <isSpecial>false</isSpecial>
                    <isDisplayed>true</isDisplayed>
                    <buttonLabel>Postpone</buttonLabel>
                    <buttonHint>ButtonGroup0_Button2</buttonHint>
                    <buttonText isNull="true" />
                    <isCheckBoxVisible>false</isCheckBoxVisible>
                    <isUncheckAllowed>false</isUncheckAllowed>
                    <metaData>CoachDesignerButtonId:ButtonGroup0_Button2;CoachDesignerIsCancel:false</metaData>
                    <buttonExpression>ButtonGroup0_Button2</buttonExpression>
                    <guid>85e643da-1924-40d5-8761-178f20ce98cb</guid>
                    <versionId>7c50b03e-1d7f-4971-a211-5327db122f3d</versionId>
                </CoachButtons>
            </TWComponent>
        </item>
        <item>
            <lastModified isNull="true" />
            <lastModifiedBy isNull="true" />
            <processItemId>2025.c3aaf665-b93d-46b6-b613-682dceadb6be</processItemId>
            <processId>1.6ab4ed30-ffa5-4879-8bf9-75ac0636ce84</processId>
            <name>Get Template Names</name>
            <tWComponentName>SubProcess</tWComponentName>
            <tWComponentId>3012.5007e6a5-1c10-49bc-b795-ebb337f81abd</tWComponentId>
            <isLogEnabled>false</isLogEnabled>
            <isTraceEnabled>false</isTraceEnabled>
            <traceCategory isNull="true" />
            <traceLevel isNull="true" />
            <traceMessage isNull="true" />
            <traceSymbolTable isNull="true" />
            <isExecutionContextTraced>false</isExecutionContextTraced>
            <saveExecutionContext>false</saveExecutionContext>
            <documentation isNull="true" />
            <isErrorHandlerEnabled>false</isErrorHandlerEnabled>
            <errorHandlerItemId isNull="true" />
            <guid>guid:5a54f1704f1c1577:-6b56085f:12370558356:-7ee0</guid>
            <versionId>47ee4b98-e21d-4baa-8d75-9690d4e69dcb</versionId>
            <layoutData x="385" y="187">
                <errorLink>
                    <controlPoints />
                    <showEndState>false</showEndState>
                    <showName>false</showName>
                </errorLink>
            </layoutData>
            <TWComponent>
                <lastModified isNull="true" />
                <lastModifiedBy isNull="true" />
                <subProcessId>3012.5007e6a5-1c10-49bc-b795-ebb337f81abd</subProcessId>
                <attachedProcessRef>/1.799f0397-1f1f-4771-984a-e5b5965570c4</attachedProcessRef>
                <guid>guid:5a54f1704f1c1577:-6b56085f:12370558356:-7edf</guid>
                <versionId>ad736396-518a-4de3-b103-cd5a0beb8218</versionId>
                <parameterMapping name="bpdGUID">
                    <lastModified isNull="true" />
                    <lastModifiedBy isNull="true" />
                    <parameterMappingId>2054.ccb21f65-9c62-48d6-9e7d-0f9d528f58db</parameterMappingId>
                    <processParameterId>2055.a71d8ac4-4aef-4d5f-a9fa-e11bba8a3506</processParameterId>
                    <parameterMappingParentId>3012.5007e6a5-1c10-49bc-b795-ebb337f81abd</parameterMappingParentId>
                    <useDefault>false</useDefault>
                    <value>tw.local.bpdGUID</value>
                    <classRef>/12.db884a3c-c533-44b7-bb2d-47bec8ad4022</classRef>
                    <isList>false</isList>
                    <isInput>true</isInput>
                    <guid>guid:5a54f1704f1c1577:-6b56085f:12370558356:-7eb4</guid>
                    <versionId>11c3b3c4-1cbc-417f-9c74-294302a7cb2c</versionId>
                    <description isNull="true" />
                </parameterMapping>
                <parameterMapping name="templateNames">
                    <lastModified isNull="true" />
                    <lastModifiedBy isNull="true" />
                    <parameterMappingId>2054.fcc7dcbf-37d8-4a4a-a82d-437816c0021a</parameterMappingId>
                    <processParameterId>2055.aab53eac-0cc9-47a0-983f-3c29680541de</processParameterId>
                    <parameterMappingParentId>3012.5007e6a5-1c10-49bc-b795-ebb337f81abd</parameterMappingParentId>
                    <useDefault>false</useDefault>
                    <value>tw.local.templateNames</value>
                    <classRef>/12.d2e5a15a-ea53-4793-9e93-29af5bd80b13</classRef>
                    <isList>true</isList>
                    <isInput>false</isInput>
                    <guid>guid:5a54f1704f1c1577:-6b56085f:12370558356:-7eb3</guid>
                    <versionId>da28c9c5-973a-4ff9-a118-181717488c67</versionId>
                    <description isNull="true" />
                </parameterMapping>
            </TWComponent>
        </item>
        <item>
            <lastModified isNull="true" />
            <lastModifiedBy isNull="true" />
            <processItemId>2025.f61a3ebb-c883-43f4-822c-f8689b1a7d75</processItemId>
            <processId>1.6ab4ed30-ffa5-4879-8bf9-75ac0636ce84</processId>
            <name>Get Selected Template Name</name>
            <tWComponentName>Script</tWComponentName>
            <tWComponentId>3011.feb17fb0-04d0-4b86-bb8e-e4ee8c3b6cad</tWComponentId>
            <isLogEnabled>false</isLogEnabled>
            <isTraceEnabled>false</isTraceEnabled>
            <traceCategory isNull="true" />
            <traceLevel isNull="true" />
            <traceMessage isNull="true" />
            <traceSymbolTable isNull="true" />
            <isExecutionContextTraced>false</isExecutionContextTraced>
            <saveExecutionContext>false</saveExecutionContext>
            <documentation isNull="true" />
            <isErrorHandlerEnabled>false</isErrorHandlerEnabled>
            <errorHandlerItemId isNull="true" />
            <guid>guid:5a54f1704f1c1577:-6b56085f:12370558356:-7ed2</guid>
            <versionId>8690373b-ab48-40fb-8e1c-e08956ff2ea2</versionId>
            <layoutData x="636" y="10">
                <errorLink>
                    <controlPoints />
                    <showEndState>false</showEndState>
                    <showName>false</showName>
                </errorLink>
            </layoutData>
            <TWComponent>
                <lastModified isNull="true" />
                <lastModifiedBy isNull="true" />
                <scriptId>3011.feb17fb0-04d0-4b86-bb8e-e4ee8c3b6cad</scriptId>
                <scriptTypeId>2</scriptTypeId>
                <isActive>true</isActive>
                <script>if(tw.local.templateID != null &amp;&amp; tw.local.templateID.length &gt; 0) {
  var numTemplates = tw.local.templateNames.listLength;
  for(var i = 0; i &lt; numTemplates; i++) {
    if(tw.local.templateID == tw.local.templateNames[i].value) {
      tw.local.templateName = tw.local.templateNames[i].name;
      break;
    }
  }
} else {
  tw.local.templateName = "";
}
</script>
                <isRule>false</isRule>
                <guid>guid:5a54f1704f1c1577:-6b56085f:12370558356:-7ed3</guid>
                <versionId>e44a517d-4e09-40cd-ba98-c4bac28101f3</versionId>
            </TWComponent>
        </item>
        <item>
            <lastModified isNull="true" />
            <lastModifiedBy isNull="true" />
            <processItemId>2025.cda69ee6-ae30-4d04-99d6-0ec133e06da1</processItemId>
            <processId>1.6ab4ed30-ffa5-4879-8bf9-75ac0636ce84</processId>
            <name>Load Template</name>
            <tWComponentName>SubProcess</tWComponentName>
            <tWComponentId>3012.ee6336b3-eb1c-4867-ad7f-273cc44dfa29</tWComponentId>
            <isLogEnabled>false</isLogEnabled>
            <isTraceEnabled>false</isTraceEnabled>
            <traceCategory isNull="true" />
            <traceLevel isNull="true" />
            <traceMessage isNull="true" />
            <traceSymbolTable isNull="true" />
            <isExecutionContextTraced>false</isExecutionContextTraced>
            <saveExecutionContext>false</saveExecutionContext>
            <documentation isNull="true" />
            <isErrorHandlerEnabled>false</isErrorHandlerEnabled>
            <errorHandlerItemId isNull="true" />
            <guid>guid:5a54f1704f1c1577:-6b56085f:12370558356:-7ed7</guid>
            <versionId>afd195ee-4f94-4f1d-b509-f0d57972b158</versionId>
            <layoutData x="638" y="99">
                <errorLink>
                    <controlPoints />
                    <showEndState>false</showEndState>
                    <showName>false</showName>
                </errorLink>
            </layoutData>
            <TWComponent>
                <lastModified isNull="true" />
                <lastModifiedBy isNull="true" />
                <subProcessId>3012.ee6336b3-eb1c-4867-ad7f-273cc44dfa29</subProcessId>
                <attachedProcessRef>/1.7d03c736-e572-4622-b7f8-67105a55af6d</attachedProcessRef>
                <guid>guid:5a54f1704f1c1577:-6b56085f:12370558356:-7ed6</guid>
                <versionId>f862b849-4572-465d-862b-b7637b480cc2</versionId>
                <parameterMapping name="templateID">
                    <lastModified isNull="true" />
                    <lastModifiedBy isNull="true" />
                    <parameterMappingId>2054.bd4258ca-27d7-47ce-8b32-e5489be6a711</parameterMappingId>
                    <processParameterId>2055.1eaea77f-456b-470d-b6ea-e6d39f5e2bcc</processParameterId>
                    <parameterMappingParentId>3012.ee6336b3-eb1c-4867-ad7f-273cc44dfa29</parameterMappingParentId>
                    <useDefault>false</useDefault>
                    <value>tw.local.templateID</value>
                    <classRef>/12.db884a3c-c533-44b7-bb2d-47bec8ad4022</classRef>
                    <isList>false</isList>
                    <isInput>true</isInput>
                    <guid>guid:5a54f1704f1c1577:-6b56085f:12370558356:-7ea8</guid>
                    <versionId>32913702-b889-4073-8b55-6800ccf4393f</versionId>
                    <description isNull="true" />
                </parameterMapping>
                <parameterMapping name="selectedConditionalActivities">
                    <lastModified isNull="true" />
                    <lastModifiedBy isNull="true" />
                    <parameterMappingId>2054.19109c7a-b679-4580-a03c-9d95035b93dc</parameterMappingId>
                    <processParameterId>2055.5d730763-f57a-45a0-bbce-91d9351c6c0d</processParameterId>
                    <parameterMappingParentId>3012.ee6336b3-eb1c-4867-ad7f-273cc44dfa29</parameterMappingParentId>
                    <useDefault>false</useDefault>
                    <value>tw.local.selectedConditionalActivities</value>
                    <classRef>/12.db884a3c-c533-44b7-bb2d-47bec8ad4022</classRef>
                    <isList>true</isList>
                    <isInput>false</isInput>
                    <guid>guid:5a54f1704f1c1577:-6b56085f:12370558356:-7ea7</guid>
                    <versionId>9e394885-c6a9-411c-866e-2cec5d88d019</versionId>
                    <description isNull="true" />
                </parameterMapping>
            </TWComponent>
        </item>
        <item>
            <lastModified isNull="true" />
            <lastModifiedBy isNull="true" />
            <processItemId>2025.0192fd0e-f878-46d6-9b6b-69581433f562</processItemId>
            <processId>1.6ab4ed30-ffa5-4879-8bf9-75ac0636ce84</processId>
            <name>Use Initial Template?</name>
            <tWComponentName>Switch</tWComponentName>
            <tWComponentId>3013.1619c724-60e6-40ff-8c02-76f3df94f9b5</tWComponentId>
            <isLogEnabled>false</isLogEnabled>
            <isTraceEnabled>false</isTraceEnabled>
            <traceCategory isNull="true" />
            <traceLevel isNull="true" />
            <traceMessage isNull="true" />
            <traceSymbolTable isNull="true" />
            <isExecutionContextTraced>false</isExecutionContextTraced>
            <saveExecutionContext>true</saveExecutionContext>
            <documentation isNull="true" />
            <isErrorHandlerEnabled>false</isErrorHandlerEnabled>
            <errorHandlerItemId isNull="true" />
            <guid>guid:5a54f1704f1c1577:-6b56085f:12370558356:-7ee7</guid>
            <versionId>b0d84296-9e10-4258-9e59-22c3e928f5b8</versionId>
            <layoutData x="264" y="195">
                <errorLink>
                    <controlPoints />
                    <showEndState>false</showEndState>
                    <showName>false</showName>
                </errorLink>
            </layoutData>
            <TWComponent>
                <lastModified isNull="true" />
                <lastModifiedBy isNull="true" />
                <switchId>3013.1619c724-60e6-40ff-8c02-76f3df94f9b5</switchId>
                <guid>guid:5a54f1704f1c1577:-6b56085f:12370558356:-7ee8</guid>
                <versionId>3ad1546e-8d86-460c-855b-b6105b3c432b</versionId>
                <SwitchCondition>
                    <lastModified isNull="true" />
                    <lastModifiedBy isNull="true" />
                    <switchConditionId>3014.0b19d86c-4cfb-4112-b12f-dfa163a126cf</switchConditionId>
                    <switchId>3013.1619c724-60e6-40ff-8c02-76f3df94f9b5</switchId>
                    <seq>1</seq>
                    <endStateId>guid:5a54f1704f1c1577:-6b56085f:12370558356:-7ebc</endStateId>
                    <condition>tw.local.templateID != null &amp;&amp; tw.local.templateID.length &gt; 0 &amp;&amp; tw.local.selectedConditionalActivities == null || tw.local.selectedConditionalActivities.listLength == 0</condition>
                    <guid>guid:5a54f1704f1c1577:-6b56085f:12370558356:-7ebd</guid>
                    <versionId>b440c09c-0bc3-4505-a781-b50a98561565</versionId>
                </SwitchCondition>
            </TWComponent>
        </item>
        <item>
            <lastModified isNull="true" />
            <lastModifiedBy isNull="true" />
            <processItemId>2025.3c99646a-a84d-4d29-b340-f4e1f1d051e0</processItemId>
            <processId>1.6ab4ed30-ffa5-4879-8bf9-75ac0636ce84</processId>
            <name>End</name>
            <tWComponentName>ExitPoint</tWComponentName>
            <tWComponentId>3008.abba4f5b-619a-4e4d-9bd8-26f80ce3fbe5</tWComponentId>
            <isLogEnabled>false</isLogEnabled>
            <isTraceEnabled>false</isTraceEnabled>
            <traceCategory isNull="true" />
            <traceLevel isNull="true" />
            <traceMessage isNull="true" />
            <traceSymbolTable isNull="true" />
            <isExecutionContextTraced>false</isExecutionContextTraced>
            <saveExecutionContext>true</saveExecutionContext>
            <documentation isNull="true" />
            <isErrorHandlerEnabled>false</isErrorHandlerEnabled>
            <errorHandlerItemId isNull="true" />
            <guid>guid:5a54f1704f1c1577:-6b56085f:12370558356:-7efc</guid>
            <versionId>c3306848-568a-4358-97b2-f5ac2bad8d3e</versionId>
            <layoutData x="998" y="196">
                <errorLink>
                    <controlPoints />
                    <showEndState>false</showEndState>
                    <showName>false</showName>
                </errorLink>
            </layoutData>
            <TWComponent>
                <lastModified isNull="true" />
                <lastModifiedBy isNull="true" />
                <exitPointId>3008.abba4f5b-619a-4e4d-9bd8-26f80ce3fbe5</exitPointId>
                <haltProcess>false</haltProcess>
                <guid>guid:5a54f1704f1c1577:-6b56085f:12370558356:-7efb</guid>
                <versionId>7466515d-ff49-4fe6-bc5f-b18dab52460e</versionId>
            </TWComponent>
        </item>
        <item>
            <lastModified isNull="true" />
            <lastModifiedBy isNull="true" />
            <processItemId>2025.1bb41b24-24d3-4587-aaff-e1910f71aa5a</processItemId>
            <processId>1.6ab4ed30-ffa5-4879-8bf9-75ac0636ce84</processId>
            <name>Load Initial Template</name>
            <tWComponentName>SubProcess</tWComponentName>
            <tWComponentId>3012.079a17cb-94f2-41a7-acbc-716dd78b4066</tWComponentId>
            <isLogEnabled>false</isLogEnabled>
            <isTraceEnabled>false</isTraceEnabled>
            <traceCategory isNull="true" />
            <traceLevel isNull="true" />
            <traceMessage isNull="true" />
            <traceSymbolTable isNull="true" />
            <isExecutionContextTraced>false</isExecutionContextTraced>
            <saveExecutionContext>false</saveExecutionContext>
            <documentation isNull="true" />
            <isErrorHandlerEnabled>false</isErrorHandlerEnabled>
            <errorHandlerItemId isNull="true" />
            <guid>guid:5a54f1704f1c1577:-6b56085f:12370558356:-7ee5</guid>
            <versionId>ca158969-e2d1-4cdd-b1e8-9a8056fc50bd</versionId>
            <layoutData x="248" y="70">
                <errorLink>
                    <controlPoints />
                    <showEndState>false</showEndState>
                    <showName>false</showName>
                </errorLink>
            </layoutData>
            <TWComponent>
                <lastModified isNull="true" />
                <lastModifiedBy isNull="true" />
                <subProcessId>3012.079a17cb-94f2-41a7-acbc-716dd78b4066</subProcessId>
                <attachedProcessRef>/1.7d03c736-e572-4622-b7f8-67105a55af6d</attachedProcessRef>
                <guid>guid:5a54f1704f1c1577:-6b56085f:12370558356:-7ee4</guid>
                <versionId>7360ee45-8ef4-4b68-91fe-188fb82c984d</versionId>
                <parameterMapping name="selectedConditionalActivities">
                    <lastModified isNull="true" />
                    <lastModifiedBy isNull="true" />
                    <parameterMappingId>2054.5b1cc0cf-12c3-4353-88ed-36532251562c</parameterMappingId>
                    <processParameterId>2055.5d730763-f57a-45a0-bbce-91d9351c6c0d</processParameterId>
                    <parameterMappingParentId>3012.079a17cb-94f2-41a7-acbc-716dd78b4066</parameterMappingParentId>
                    <useDefault>false</useDefault>
                    <value>tw.local.selectedConditionalActivities</value>
                    <classRef>/12.db884a3c-c533-44b7-bb2d-47bec8ad4022</classRef>
                    <isList>true</isList>
                    <isInput>false</isInput>
                    <guid>guid:5a54f1704f1c1577:-6b56085f:12370558356:-7ee2</guid>
                    <versionId>3ccaf501-353f-49f2-9014-c1f3393dec27</versionId>
                    <description isNull="true" />
                </parameterMapping>
                <parameterMapping name="templateID">
                    <lastModified isNull="true" />
                    <lastModifiedBy isNull="true" />
                    <parameterMappingId>2054.5635f6dc-48c6-4134-843c-b2d965be4a61</parameterMappingId>
                    <processParameterId>2055.1eaea77f-456b-470d-b6ea-e6d39f5e2bcc</processParameterId>
                    <parameterMappingParentId>3012.079a17cb-94f2-41a7-acbc-716dd78b4066</parameterMappingParentId>
                    <useDefault>false</useDefault>
                    <value>tw.local.templateID</value>
                    <classRef>/12.db884a3c-c533-44b7-bb2d-47bec8ad4022</classRef>
                    <isList>false</isList>
                    <isInput>true</isInput>
                    <guid>guid:5a54f1704f1c1577:-6b56085f:12370558356:-7ee3</guid>
                    <versionId>b93f5432-0eb5-4a51-b33c-528c63a46d5f</versionId>
                    <description isNull="true" />
                </parameterMapping>
            </TWComponent>
        </item>
        <item>
            <lastModified isNull="true" />
            <lastModifiedBy isNull="true" />
            <processItemId>2025.4ec02c67-a99a-4c9b-aca5-4a77bcd2b2f8</processItemId>
            <processId>1.6ab4ed30-ffa5-4879-8bf9-75ac0636ce84</processId>
            <name>Postpone</name>
            <tWComponentName>PostponeAction</tWComponentName>
            <tWComponentId>3015.30a66c24-6324-46bd-b78f-1551d293e1cc</tWComponentId>
            <isLogEnabled>false</isLogEnabled>
            <isTraceEnabled>false</isTraceEnabled>
            <traceCategory isNull="true" />
            <traceLevel isNull="true" />
            <traceMessage isNull="true" />
            <traceSymbolTable isNull="true" />
            <isExecutionContextTraced>false</isExecutionContextTraced>
            <saveExecutionContext>true</saveExecutionContext>
            <documentation isNull="true" />
            <isErrorHandlerEnabled>false</isErrorHandlerEnabled>
            <errorHandlerItemId isNull="true" />
            <guid>guid:5a54f1704f1c1577:-6b56085f:12370558356:-7e90</guid>
            <versionId>da8d01b7-21bc-426d-b062-09408512fb4c</versionId>
            <layoutData x="880" y="290">
                <errorLink>
                    <controlPoints />
                    <showEndState>false</showEndState>
                    <showName>false</showName>
                </errorLink>
            </layoutData>
            <TWComponent>
                <lastModified isNull="true" />
                <lastModifiedBy isNull="true" />
                <taskActionId>3015.30a66c24-6324-46bd-b78f-1551d293e1cc</taskActionId>
                <canChangeDueDate>false</canChangeDueDate>
                <dueInOption>2</dueInOption>
                <dueDateIncrData isNull="true" />
                <dueDateFixedData isNull="true" />
                <dueDateIncrType>2</dueDateIncrType>
                <dueDateSpecificDate isNull="true" />
                <isChangeStatusActive>false</isChangeStatusActive>
                <newStatusOption>1</newStatusOption>
                <newStatus isNull="true" />
                <isPriorityActive>false</isPriorityActive>
                <priorityOption>1</priorityOption>
                <newPriorityId>30.30</newPriorityId>
                <newPriorityScript isNull="true" />
                <isSubjectActive>false</isSubjectActive>
                <subjectOption>1</subjectOption>
                <subjectScript isNull="true" />
                <isNarrativeActive>false</isNarrativeActive>
                <narrativeOption>1</narrativeOption>
                <narrativeScript isNull="true" />
                <isIgnoreException>true</isIgnoreException>
                <suspendProcess>true</suspendProcess>
                <isActionOtherTask>false</isActionOtherTask>
                <otherTaskId isNull="true" />
                <isReassignActive>false</isReassignActive>
                <reassignOption>0</reassignOption>
                <reassignTo isNull="true" />
                <timeScheduleName isNull="true" />
                <holidayScheduleName isNull="true" />
                <timezone isNull="true" />
                <guid>guid:5a54f1704f1c1577:-6b56085f:12370558356:-7e91</guid>
                <versionId>010be255-685e-4d0b-8b1e-8d00c32ea925</versionId>
            </TWComponent>
        </item>
        <item>
            <lastModified isNull="true" />
            <lastModifiedBy isNull="true" />
            <processItemId>2025.b9462054-1265-4a49-b5dc-21222f4c8c92</processItemId>
            <processId>1.6ab4ed30-ffa5-4879-8bf9-75ac0636ce84</processId>
            <name>Init</name>
            <tWComponentName>Script</tWComponentName>
            <tWComponentId>3011.3e1de8cc-4c84-4af9-8716-30ca57bc38f7</tWComponentId>
            <isLogEnabled>false</isLogEnabled>
            <isTraceEnabled>false</isTraceEnabled>
            <traceCategory isNull="true" />
            <traceLevel isNull="true" />
            <traceMessage isNull="true" />
            <traceSymbolTable isNull="true" />
            <isExecutionContextTraced>false</isExecutionContextTraced>
            <saveExecutionContext>false</saveExecutionContext>
            <documentation isNull="true" />
            <isErrorHandlerEnabled>false</isErrorHandlerEnabled>
            <errorHandlerItemId isNull="true" />
            <guid>guid:5a54f1704f1c1577:-6b56085f:12370558356:-7eeb</guid>
            <versionId>f3388e56-8aa7-49f1-ba09-9dc400818ecc</versionId>
            <layoutData x="125" y="186">
                <errorLink>
                    <controlPoints />
                    <showEndState>false</showEndState>
                    <showName>false</showName>
                </errorLink>
            </layoutData>
            <TWComponent>
                <lastModified isNull="true" />
                <lastModifiedBy isNull="true" />
                <scriptId>3011.3e1de8cc-4c84-4af9-8716-30ca57bc38f7</scriptId>
                <scriptTypeId>2</scriptTypeId>
                <isActive>true</isActive>
                <script>tw.local.originalSelectedConditionalActivities = tw.local.selectedConditionalActivities;
tw.local.originalTemplateID = tw.local.templateID;

tw.local.selectedConditionalActivities = new tw.object.listOf.String();
if(tw.local.originalSelectedConditionalActivities != null) {
  var numSelected = tw.local.originalSelectedConditionalActivities.listLength;
  for(var i = 0; i &lt; numSelected; i++) {
    tw.local.selectedConditionalActivities[i] = tw.local.originalSelectedConditionalActivities[i];
  }
}

</script>
                <isRule>false</isRule>
                <guid>guid:5a54f1704f1c1577:-6b56085f:12370558356:-7eec</guid>
                <versionId>463678b7-e75a-4a72-bfeb-ad9e918ad4e5</versionId>
            </TWComponent>
        </item>
        <startingProcessItemId>2025.b9462054-1265-4a49-b5dc-21222f4c8c92</startingProcessItemId>
        <errorHandlerItemId isNull="true" />
        <layoutData noConversion="true">
            <errorLink>
                <controlPoints />
                <showEndState>false</showEndState>
                <showName>false</showName>
            </errorLink>
        </layoutData>
        <startPoint>
            <layoutData x="17" y="193">
                <errorLink>
                    <controlPoints />
                    <showEndState>false</showEndState>
                    <showName>false</showName>
                </errorLink>
            </layoutData>
        </startPoint>
        <startLink>
            <fromPort locationId="rightCenter" portType="1" />
            <toPort locationId="leftCenter" portType="2" />
            <layoutData>
                <controlPoints />
                <showEndState>false</showEndState>
                <showName>false</showName>
            </layoutData>
        </startLink>
        <link name="Untitled">
            <lastModified isNull="true" />
            <lastModifiedBy isNull="true" />
            <processLinkId>2027.dd4f261e-93f9-449b-8103-0305d84de321</processLinkId>
            <processId>1.6ab4ed30-ffa5-4879-8bf9-75ac0636ce84</processId>
            <description isNull="true" />
            <fromProcessItemId>2025.cda69ee6-ae30-4d04-99d6-0ec133e06da1</fromProcessItemId>
            <endStateId>guid:5a54f1704f1c1577:-6b56085f:12370558356:-7fa2</endStateId>
            <toProcessItemId>2025.67c2d98b-494e-4dee-ac71-94fe53a8fefd</toProcessItemId>
            <guid>guid:5a54f1704f1c1577:-6b56085f:12370558356:-7eb7</guid>
            <versionId>0e56554a-24c2-4a8e-a834-25c7d5ea1b82</versionId>
            <layoutData>
                <controlPoints />
                <showEndState>false</showEndState>
                <showName>false</showName>
            </layoutData>
            <fromItemPort locationId="leftCenter" portType="1" />
            <toItemPort locationId="topRight" portType="2" />
            <fromProcessItemId>2025.cda69ee6-ae30-4d04-99d6-0ec133e06da1</fromProcessItemId>
            <toProcessItemId>2025.67c2d98b-494e-4dee-ac71-94fe53a8fefd</toProcessItemId>
        </link>
        <link name="Untitled">
            <lastModified isNull="true" />
            <lastModifiedBy isNull="true" />
            <processLinkId>2027.1b26b763-c543-4f05-926a-354a839bc34c</processLinkId>
            <processId>1.6ab4ed30-ffa5-4879-8bf9-75ac0636ce84</processId>
            <description isNull="true" />
            <fromProcessItemId>2025.c3aaf665-b93d-46b6-b613-682dceadb6be</fromProcessItemId>
            <endStateId>guid:5a54f1704f1c1577:-6b56085f:12370558356:-7fc0</endStateId>
            <toProcessItemId>2025.67c2d98b-494e-4dee-ac71-94fe53a8fefd</toProcessItemId>
            <guid>guid:5a54f1704f1c1577:-1e17a40f:123711828f2:-7fec</guid>
            <versionId>1fa1cdc1-699f-4635-b418-e48b25d7f2d1</versionId>
            <layoutData>
                <controlPoints />
                <showEndState>false</showEndState>
                <showName>false</showName>
            </layoutData>
            <fromItemPort locationId="rightCenter" portType="1" />
            <toItemPort locationId="leftCenter" portType="2" />
            <fromProcessItemId>2025.c3aaf665-b93d-46b6-b613-682dceadb6be</fromProcessItemId>
            <toProcessItemId>2025.67c2d98b-494e-4dee-ac71-94fe53a8fefd</toProcessItemId>
        </link>
        <link name="Untitled">
            <lastModified isNull="true" />
            <lastModifiedBy isNull="true" />
            <processLinkId>2027.354314c1-fd77-4e3b-97a9-119b28b149d1</processLinkId>
            <processId>1.6ab4ed30-ffa5-4879-8bf9-75ac0636ce84</processId>
            <description isNull="true" />
            <fromProcessItemId>2025.875fca76-eb13-4a0e-8d02-6e77f9dbbed1</fromProcessItemId>
            <endStateId>guid:5a54f1704f1c1577:-6b56085f:12370558356:-7ea3</endStateId>
            <toProcessItemId>2025.cda69ee6-ae30-4d04-99d6-0ec133e06da1</toProcessItemId>
            <guid>guid:5a54f1704f1c1577:-6b56085f:12370558356:-7e97</guid>
            <versionId>2754cd11-264b-4928-b0ee-ddf59435e95c</versionId>
            <layoutData>
                <controlPoints />
                <showEndState>true</showEndState>
                <showName>false</showName>
            </layoutData>
            <fromItemPort locationId="topLeft" portType="1" />
            <toItemPort locationId="rightCenter" portType="2" />
            <fromProcessItemId>2025.875fca76-eb13-4a0e-8d02-6e77f9dbbed1</fromProcessItemId>
            <toProcessItemId>2025.cda69ee6-ae30-4d04-99d6-0ec133e06da1</toProcessItemId>
        </link>
        <link name="Untitled">
            <lastModified isNull="true" />
            <lastModifiedBy isNull="true" />
            <processLinkId>2027.c5558cdf-be1d-4ad2-9849-3d2ec5bc6062</processLinkId>
            <processId>1.6ab4ed30-ffa5-4879-8bf9-75ac0636ce84</processId>
            <description isNull="true" />
            <fromProcessItemId>2025.f61a3ebb-c883-43f4-822c-f8689b1a7d75</fromProcessItemId>
            <endStateId>Out</endStateId>
            <toProcessItemId>2025.626b43f8-88d5-4ee6-9633-d9d79cca4091</toProcessItemId>
            <guid>guid:5a54f1704f1c1577:-6b56085f:12370558356:-7eb6</guid>
            <versionId>2a6f0987-4061-4a79-b0bf-a7aa7f74f2e0</versionId>
            <layoutData>
                <controlPoints />
                <showEndState>false</showEndState>
                <showName>false</showName>
            </layoutData>
            <fromItemPort locationId="leftCenter" portType="1" />
            <toItemPort locationId="rightCenter" portType="2" />
            <fromProcessItemId>2025.f61a3ebb-c883-43f4-822c-f8689b1a7d75</fromProcessItemId>
            <toProcessItemId>2025.626b43f8-88d5-4ee6-9633-d9d79cca4091</toProcessItemId>
        </link>
        <link name="Untitled">
            <lastModified isNull="true" />
            <lastModifiedBy isNull="true" />
            <processLinkId>2027.b6561b2a-d60d-46af-b85c-5336e912fa5e</processLinkId>
            <processId>1.6ab4ed30-ffa5-4879-8bf9-75ac0636ce84</processId>
            <description isNull="true" />
            <fromProcessItemId>2025.626b43f8-88d5-4ee6-9633-d9d79cca4091</fromProcessItemId>
            <endStateId>guid:5a54f1704f1c1577:-6b56085f:12370558356:-7f22</endStateId>
            <toProcessItemId>2025.67c2d98b-494e-4dee-ac71-94fe53a8fefd</toProcessItemId>
            <guid>guid:5a54f1704f1c1577:-6b56085f:12370558356:-7eb8</guid>
            <versionId>30283f5b-7686-4016-b3e7-1483da92732d</versionId>
            <layoutData>
                <controlPoints />
                <showEndState>true</showEndState>
                <showName>false</showName>
            </layoutData>
            <fromItemPort locationId="rightBottom" portType="1" />
            <toItemPort locationId="topCenter" portType="2" />
            <fromProcessItemId>2025.626b43f8-88d5-4ee6-9633-d9d79cca4091</fromProcessItemId>
            <toProcessItemId>2025.67c2d98b-494e-4dee-ac71-94fe53a8fefd</toProcessItemId>
        </link>
        <link name="Untitled">
            <lastModified isNull="true" />
            <lastModifiedBy isNull="true" />
            <processLinkId>2027.5f41575e-459b-43a7-81ae-ddf761f2e7f8</processLinkId>
            <processId>1.6ab4ed30-ffa5-4879-8bf9-75ac0636ce84</processId>
            <description isNull="true" />
            <fromProcessItemId>2025.67c2d98b-494e-4dee-ac71-94fe53a8fefd</fromProcessItemId>
            <endStateId>guid:5a54f1704f1c1577:-6b56085f:12370558356:-7f0b</endStateId>
            <toProcessItemId>2025.875fca76-eb13-4a0e-8d02-6e77f9dbbed1</toProcessItemId>
            <guid>guid:5a54f1704f1c1577:-6b56085f:12370558356:-7e94</guid>
            <versionId>348c7fe5-a284-413b-8b27-318973e379f0</versionId>
            <layoutData>
                <controlPoints />
                <showEndState>false</showEndState>
                <showName>false</showName>
            </layoutData>
            <fromItemPort locationId="rightCenter" portType="1" />
            <toItemPort locationId="leftCenter" portType="2" />
            <fromProcessItemId>2025.67c2d98b-494e-4dee-ac71-94fe53a8fefd</fromProcessItemId>
            <toProcessItemId>2025.875fca76-eb13-4a0e-8d02-6e77f9dbbed1</toProcessItemId>
        </link>
        <link name="Untitled">
            <lastModified isNull="true" />
            <lastModifiedBy isNull="true" />
            <processLinkId>2027.4c3ff2ce-f1d9-496e-b3c4-a7b2adb7f470</processLinkId>
            <processId>1.6ab4ed30-ffa5-4879-8bf9-75ac0636ce84</processId>
            <description isNull="true" />
            <fromProcessItemId>2025.1bb41b24-24d3-4587-aaff-e1910f71aa5a</fromProcessItemId>
            <endStateId>guid:5a54f1704f1c1577:-6b56085f:12370558356:-7fa2</endStateId>
            <toProcessItemId>2025.c3aaf665-b93d-46b6-b613-682dceadb6be</toProcessItemId>
            <guid>guid:5a54f1704f1c1577:-6b56085f:12370558356:-7eba</guid>
            <versionId>3f29efe0-9c40-45ca-aa0b-550cd59c195a</versionId>
            <layoutData>
                <controlPoints />
                <showEndState>false</showEndState>
                <showName>false</showName>
            </layoutData>
            <fromItemPort locationId="rightCenter" portType="1" />
            <toItemPort locationId="leftTop" portType="2" />
            <fromProcessItemId>2025.1bb41b24-24d3-4587-aaff-e1910f71aa5a</fromProcessItemId>
            <toProcessItemId>2025.c3aaf665-b93d-46b6-b613-682dceadb6be</toProcessItemId>
        </link>
        <link name="Yes">
            <lastModified isNull="true" />
            <lastModifiedBy isNull="true" />
            <processLinkId>2027.b0baa733-4b2e-428d-b88b-04965b64dd4a</processLinkId>
            <processId>1.6ab4ed30-ffa5-4879-8bf9-75ac0636ce84</processId>
            <description isNull="true" />
            <fromProcessItemId>2025.0192fd0e-f878-46d6-9b6b-69581433f562</fromProcessItemId>
            <endStateId>guid:5a54f1704f1c1577:-6b56085f:12370558356:-7ebc</endStateId>
            <toProcessItemId>2025.1bb41b24-24d3-4587-aaff-e1910f71aa5a</toProcessItemId>
            <guid>guid:5a54f1704f1c1577:-6b56085f:12370558356:-7ebe</guid>
            <versionId>4275a657-a9a3-4959-8744-f865ae7ffcec</versionId>
            <layoutData>
                <controlPoints />
                <showEndState>false</showEndState>
                <showName>true</showName>
            </layoutData>
            <fromItemPort locationId="topCenter" portType="1" />
            <toItemPort locationId="bottomCenter" portType="2" />
            <fromProcessItemId>2025.0192fd0e-f878-46d6-9b6b-69581433f562</fromProcessItemId>
            <toProcessItemId>2025.1bb41b24-24d3-4587-aaff-e1910f71aa5a</toProcessItemId>
        </link>
        <link name="Untitled">
            <lastModified isNull="true" />
            <lastModifiedBy isNull="true" />
            <processLinkId>2027.1e6035c6-7cec-49c6-8195-a2cb27ff7e7d</processLinkId>
            <processId>1.6ab4ed30-ffa5-4879-8bf9-75ac0636ce84</processId>
            <description isNull="true" />
            <fromProcessItemId>2025.626b43f8-88d5-4ee6-9633-d9d79cca4091</fromProcessItemId>
            <endStateId>guid:5a54f1704f1c1577:-6b56085f:12370558356:-7f49</endStateId>
            <toProcessItemId>2025.c3aaf665-b93d-46b6-b613-682dceadb6be</toProcessItemId>
            <guid>guid:5a54f1704f1c1577:-6b56085f:12370558356:-7eb9</guid>
            <versionId>7fc6e5ab-afee-4f51-9bc1-e79321213640</versionId>
            <layoutData>
                <controlPoints />
                <showEndState>true</showEndState>
                <showName>false</showName>
            </layoutData>
            <fromItemPort locationId="bottomCenter" portType="1" />
            <toItemPort locationId="topCenter" portType="2" />
            <fromProcessItemId>2025.626b43f8-88d5-4ee6-9633-d9d79cca4091</fromProcessItemId>
            <toProcessItemId>2025.c3aaf665-b93d-46b6-b613-682dceadb6be</toProcessItemId>
        </link>
        <link name="Untitled">
            <lastModified isNull="true" />
            <lastModifiedBy isNull="true" />
            <processLinkId>2027.9177220d-e27f-4cd8-83f7-b88863592946</processLinkId>
            <processId>1.6ab4ed30-ffa5-4879-8bf9-75ac0636ce84</processId>
            <description isNull="true" />
            <fromProcessItemId>2025.875fca76-eb13-4a0e-8d02-6e77f9dbbed1</fromProcessItemId>
            <endStateId>guid:5a54f1704f1c1577:-6b56085f:12370558356:-7ec4</endStateId>
            <toProcessItemId>2025.b37d8b17-7c94-47ed-b2b4-a1f61cc63fb5</toProcessItemId>
            <guid>guid:5a54f1704f1c1577:-6b56085f:12370558356:-7e9d</guid>
            <versionId>873d8210-e9c8-40af-8f55-7f5d2b80157e</versionId>
            <layoutData>
                <controlPoints />
                <showEndState>true</showEndState>
                <showName>false</showName>
            </layoutData>
            <fromItemPort locationId="bottomLeft" portType="1" />
            <toItemPort locationId="rightCenter" portType="2" />
            <fromProcessItemId>2025.875fca76-eb13-4a0e-8d02-6e77f9dbbed1</fromProcessItemId>
            <toProcessItemId>2025.b37d8b17-7c94-47ed-b2b4-a1f61cc63fb5</toProcessItemId>
        </link>
        <link name="Untitled">
            <lastModified isNull="true" />
            <lastModifiedBy isNull="true" />
            <processLinkId>2027.1d3a08b1-98f4-41dc-a981-b8a254661db1</processLinkId>
            <processId>1.6ab4ed30-ffa5-4879-8bf9-75ac0636ce84</processId>
            <description isNull="true" />
            <fromProcessItemId>2025.875fca76-eb13-4a0e-8d02-6e77f9dbbed1</fromProcessItemId>
            <endStateId>guid:5a54f1704f1c1577:-6b56085f:12370558356:-7ec6</endStateId>
            <toProcessItemId>2025.3c99646a-a84d-4d29-b340-f4e1f1d051e0</toProcessItemId>
            <guid>guid:5a54f1704f1c1577:-6b56085f:12370558356:-7e9e</guid>
            <versionId>8c1a2d22-4549-4d00-9ebd-0754f26a4a96</versionId>
            <layoutData>
                <controlPoints />
                <showEndState>true</showEndState>
                <showName>false</showName>
            </layoutData>
            <fromItemPort locationId="rightCenter" portType="1" />
            <toItemPort locationId="leftCenter" portType="2" />
            <fromProcessItemId>2025.875fca76-eb13-4a0e-8d02-6e77f9dbbed1</fromProcessItemId>
            <toProcessItemId>2025.3c99646a-a84d-4d29-b340-f4e1f1d051e0</toProcessItemId>
        </link>
        <link name="Untitled">
            <lastModified isNull="true" />
            <lastModifiedBy isNull="true" />
            <processLinkId>2027.4bc60e68-f9c9-4ef2-9f11-b0a0f571c621</processLinkId>
            <processId>1.6ab4ed30-ffa5-4879-8bf9-75ac0636ce84</processId>
            <description isNull="true" />
            <fromProcessItemId>2025.b9462054-1265-4a49-b5dc-21222f4c8c92</fromProcessItemId>
            <endStateId>Out</endStateId>
            <toProcessItemId>2025.0192fd0e-f878-46d6-9b6b-69581433f562</toProcessItemId>
            <guid>guid:5a54f1704f1c1577:-6b56085f:12370558356:-7ebf</guid>
            <versionId>a4a057a0-2549-4382-ba1a-013fd86d9de0</versionId>
            <layoutData>
                <controlPoints />
                <showEndState>false</showEndState>
                <showName>false</showName>
            </layoutData>
            <fromItemPort locationId="rightCenter" portType="1" />
            <toItemPort locationId="leftCenter" portType="2" />
            <fromProcessItemId>2025.b9462054-1265-4a49-b5dc-21222f4c8c92</fromProcessItemId>
            <toProcessItemId>2025.0192fd0e-f878-46d6-9b6b-69581433f562</toProcessItemId>
        </link>
        <link name="No">
            <lastModified isNull="true" />
            <lastModifiedBy isNull="true" />
            <processLinkId>2027.e667394f-a19d-4922-bba1-1b85f609c66c</processLinkId>
            <processId>1.6ab4ed30-ffa5-4879-8bf9-75ac0636ce84</processId>
            <description isNull="true" />
            <fromProcessItemId>2025.0192fd0e-f878-46d6-9b6b-69581433f562</fromProcessItemId>
            <endStateId>DEFAULT</endStateId>
            <toProcessItemId>2025.c3aaf665-b93d-46b6-b613-682dceadb6be</toProcessItemId>
            <guid>guid:5a54f1704f1c1577:-6b56085f:12370558356:-7ebb</guid>
            <versionId>cf1d8f6b-adfc-4099-9f26-255fef799f94</versionId>
            <layoutData>
                <controlPoints />
                <showEndState>false</showEndState>
                <showName>true</showName>
            </layoutData>
            <fromItemPort locationId="rightCenter" portType="1" />
            <toItemPort locationId="leftCenter" portType="2" />
            <fromProcessItemId>2025.0192fd0e-f878-46d6-9b6b-69581433f562</fromProcessItemId>
            <toProcessItemId>2025.c3aaf665-b93d-46b6-b613-682dceadb6be</toProcessItemId>
        </link>
        <link name="Untitled">
            <lastModified isNull="true" />
            <lastModifiedBy isNull="true" />
            <processLinkId>2027.66cba14d-2d64-43ae-9009-d47b5c3a9398</processLinkId>
            <processId>1.6ab4ed30-ffa5-4879-8bf9-75ac0636ce84</processId>
            <description isNull="true" />
            <fromProcessItemId>2025.b37d8b17-7c94-47ed-b2b4-a1f61cc63fb5</fromProcessItemId>
            <endStateId>Out</endStateId>
            <toProcessItemId>2025.b9462054-1265-4a49-b5dc-21222f4c8c92</toProcessItemId>
            <guid>guid:5a54f1704f1c1577:-6b56085f:12370558356:-7eb5</guid>
            <versionId>cff7dbda-096d-4f41-a7fc-8e0a6a2c1ca7</versionId>
            <layoutData>
                <controlPoints />
                <showEndState>false</showEndState>
                <showName>false</showName>
            </layoutData>
            <fromItemPort locationId="leftCenter" portType="1" />
            <toItemPort locationId="bottomCenter" portType="2" />
            <fromProcessItemId>2025.b37d8b17-7c94-47ed-b2b4-a1f61cc63fb5</fromProcessItemId>
            <toProcessItemId>2025.b9462054-1265-4a49-b5dc-21222f4c8c92</toProcessItemId>
        </link>
        <link name="Untitled">
            <lastModified isNull="true" />
            <lastModifiedBy isNull="true" />
            <processLinkId>2027.d3e01c11-d2d0-4eea-96b5-d4cda8ab0ba8</processLinkId>
            <processId>1.6ab4ed30-ffa5-4879-8bf9-75ac0636ce84</processId>
            <description isNull="true" />
            <fromProcessItemId>2025.875fca76-eb13-4a0e-8d02-6e77f9dbbed1</fromProcessItemId>
            <endStateId>guid:5a54f1704f1c1577:-6b56085f:12370558356:-7ea1</endStateId>
            <toProcessItemId>2025.4ec02c67-a99a-4c9b-aca5-4a77bcd2b2f8</toProcessItemId>
            <guid>guid:5a54f1704f1c1577:-6b56085f:12370558356:-7e8f</guid>
            <versionId>e9e6635d-eff6-449c-ab2a-ea74774e73cf</versionId>
            <layoutData>
                <controlPoints />
                <showEndState>true</showEndState>
                <showName>false</showName>
            </layoutData>
            <fromItemPort locationId="bottomRight" portType="1" />
            <toItemPort locationId="leftCenter" portType="2" />
            <fromProcessItemId>2025.875fca76-eb13-4a0e-8d02-6e77f9dbbed1</fromProcessItemId>
            <toProcessItemId>2025.4ec02c67-a99a-4c9b-aca5-4a77bcd2b2f8</toProcessItemId>
        </link>
        <link name="Untitled">
            <lastModified isNull="true" />
            <lastModifiedBy isNull="true" />
            <processLinkId>2027.dd755fdb-2afd-4752-8e47-5ff6f43c4217</processLinkId>
            <processId>1.6ab4ed30-ffa5-4879-8bf9-75ac0636ce84</processId>
            <description isNull="true" />
            <fromProcessItemId>2025.4ec02c67-a99a-4c9b-aca5-4a77bcd2b2f8</fromProcessItemId>
            <endStateId>Out</endStateId>
            <toProcessItemId>2025.875fca76-eb13-4a0e-8d02-6e77f9dbbed1</toProcessItemId>
            <guid>guid:5a54f1704f1c1577:-6b56085f:12370558356:-7e8e</guid>
            <versionId>eb12ff5b-59f4-494b-b434-9e06ae8791b8</versionId>
            <layoutData>
                <controlPoints />
                <showEndState>false</showEndState>
                <showName>false</showName>
            </layoutData>
            <fromItemPort locationId="topLeft" portType="1" />
            <toItemPort locationId="rightBottom" portType="2" />
            <fromProcessItemId>2025.4ec02c67-a99a-4c9b-aca5-4a77bcd2b2f8</fromProcessItemId>
            <toProcessItemId>2025.875fca76-eb13-4a0e-8d02-6e77f9dbbed1</toProcessItemId>
        </link>
        <link name="Untitled">
            <lastModified isNull="true" />
            <lastModifiedBy isNull="true" />
            <processLinkId>2027.da8ac57a-b055-4bd0-a349-f6470d47e018</processLinkId>
            <processId>1.6ab4ed30-ffa5-4879-8bf9-75ac0636ce84</processId>
            <description isNull="true" />
            <fromProcessItemId>2025.875fca76-eb13-4a0e-8d02-6e77f9dbbed1</fromProcessItemId>
            <endStateId>guid:5a54f1704f1c1577:-6b56085f:12370558356:-7ea5</endStateId>
            <toProcessItemId>2025.f61a3ebb-c883-43f4-822c-f8689b1a7d75</toProcessItemId>
            <guid>guid:5a54f1704f1c1577:-6b56085f:12370558356:-7e9a</guid>
            <versionId>f40c6f22-1f36-49e4-b81a-0986e91a53a7</versionId>
            <layoutData>
                <controlPoints />
                <showEndState>true</showEndState>
                <showName>false</showName>
            </layoutData>
            <fromItemPort locationId="topCenter" portType="1" />
            <toItemPort locationId="rightCenter" portType="2" />
            <fromProcessItemId>2025.875fca76-eb13-4a0e-8d02-6e77f9dbbed1</fromProcessItemId>
            <toProcessItemId>2025.f61a3ebb-c883-43f4-822c-f8689b1a7d75</toProcessItemId>
        </link>
    </process>
</teamworks>

