<?xml version="1.0" encoding="UTF-8"?>
<teamworks>
    <process id="1.75441aee-57ba-47b2-8cdf-be21c2328718" name="SQL Execute Script (SQLResult)">
        <lastModified>1361412273512</lastModified>
        <lastModifiedBy>Internal TW Admin user</lastModifiedBy>
        <processId>1.75441aee-57ba-47b2-8cdf-be21c2328718</processId>
        <image isNull="true" />
        <tabGroup isNull="true" />
        <startingProcessItemId>2025.d6a0c322-a908-4b46-bc79-213835c7181d</startingProcessItemId>
        <isRootProcess>false</isRootProcess>
        <processType>4</processType>
        <isErrorHandlerEnabled>false</isErrorHandlerEnabled>
        <errorHandlerItemId isNull="true" />
        <isLoggingVariables>false</isLoggingVariables>
        <isTransactional>false</isTransactional>
        <processTimingLevel isNull="true" />
        <participantRef isNull="true" />
        <exposedType isNull="true" />
        <isTrackingEnabled>true</isTrackingEnabled>
        <xmlData isNull="true" />
        <cachingType>false</cachingType>
        <itemLabel isNull="true" />
        <cacheLength>43200</cacheLength>
        <mobileReady>false</mobileReady>
        <sboSyncEnabled>true</sboSyncEnabled>
        <externalId isNull="true" />
        <isSecured>false</isSecured>
        <description>Execute a literal SQL script string that contains multiple statements separated by the specified separator (such as "/" for Oracle, "GO" for SQL Server, and "@" for DB2) and returns the results based on the supplied return type.</description>
        <guid>guid:d7766b7587753602:16bdf27c:11586c10093:-7ff3</guid>
        <versionId>f47b1f6f-e1bb-4ca7-92c8-25549079cee5</versionId>
        <dependencySummary isNull="true" />
        <processParameter name="sqlScript">
            <lastModified isNull="true" />
            <lastModifiedBy isNull="true" />
            <processParameterId>2055.cb81f922-810f-40a6-ab43-0d026c602632</processParameterId>
            <processId>1.75441aee-57ba-47b2-8cdf-be21c2328718</processId>
            <parameterType>1</parameterType>
            <isArrayOf>false</isArrayOf>
            <classId>/12.db884a3c-c533-44b7-bb2d-47bec8ad4022</classId>
            <seq>1</seq>
            <hasDefault>false</hasDefault>
            <defaultValue isNull="true" />
            <isLocked>false</isLocked>
            <description isNull="true" />
            <guid>guid:197d4ddc90fc5427:-1c619ffe:11def1582ed:-7a1b</guid>
            <versionId>643da381-f5a7-44d3-8265-4f7830763bc6</versionId>
        </processParameter>
        <processParameter name="sqlStatementSeparator">
            <lastModified isNull="true" />
            <lastModifiedBy isNull="true" />
            <processParameterId>2055.c4b59b3f-ed4a-4321-9802-28ca3fcd394a</processParameterId>
            <processId>1.75441aee-57ba-47b2-8cdf-be21c2328718</processId>
            <parameterType>1</parameterType>
            <isArrayOf>false</isArrayOf>
            <classId>/12.db884a3c-c533-44b7-bb2d-47bec8ad4022</classId>
            <seq>2</seq>
            <hasDefault>true</hasDefault>
            <defaultValue>","</defaultValue>
            <isLocked>false</isLocked>
            <description isNull="true" />
            <guid>guid:197d4ddc90fc5427:-1c619ffe:11def1582ed:-7a19</guid>
            <versionId>88c20210-5e02-425e-9bad-06e66b34b136</versionId>
        </processParameter>
        <processParameter name="dataSourceName">
            <lastModified isNull="true" />
            <lastModifiedBy isNull="true" />
            <processParameterId>2055.17a7ead4-c0f4-4bdb-bc34-27b030a4ee50</processParameterId>
            <processId>1.75441aee-57ba-47b2-8cdf-be21c2328718</processId>
            <parameterType>1</parameterType>
            <isArrayOf>false</isArrayOf>
            <classId>/12.db884a3c-c533-44b7-bb2d-47bec8ad4022</classId>
            <seq>4</seq>
            <hasDefault>true</hasDefault>
            <defaultValue>"jdbc/TeamWorksDB"</defaultValue>
            <isLocked>false</isLocked>
            <description isNull="true" />
            <guid>guid:197d4ddc90fc5427:-1c619ffe:11def1582ed:-7a17</guid>
            <versionId>735c76a9-cd21-404b-b3ef-fc20a8656b35</versionId>
        </processParameter>
        <processParameter name="results">
            <lastModified isNull="true" />
            <lastModifiedBy isNull="true" />
            <processParameterId>2055.33947126-7ccf-4283-8b87-cf8847ad22e7</processParameterId>
            <processId>1.75441aee-57ba-47b2-8cdf-be21c2328718</processId>
            <parameterType>2</parameterType>
            <isArrayOf>true</isArrayOf>
            <classId>/12.3b1e3757-a1f4-4c3f-bbb8-16fecd4d65c1</classId>
            <seq>6</seq>
            <hasDefault>false</hasDefault>
            <defaultValue isNull="true" />
            <isLocked>false</isLocked>
            <description isNull="true" />
            <guid>guid:197d4ddc90fc5427:-1c619ffe:11def1582ed:-7a15</guid>
            <versionId>769bca55-de6d-4234-8b80-5603854d995a</versionId>
        </processParameter>
        <processVariable name="returnType">
            <lastModified isNull="true" />
            <lastModifiedBy isNull="true" />
            <processVariableId>2056.d0fc74b3-c11d-48ac-b0d3-0d0bf53f61e1</processVariableId>
            <description isNull="true" />
            <processId>1.75441aee-57ba-47b2-8cdf-be21c2328718</processId>
            <namespace>2</namespace>
            <seq>1</seq>
            <isArrayOf>false</isArrayOf>
            <classId>/12.db884a3c-c533-44b7-bb2d-47bec8ad4022</classId>
            <hasDefault>true</hasDefault>
            <defaultValue>"SQLResult"</defaultValue>
            <guid>guid:197d4ddc90fc5427:-1c619ffe:11def1582ed:-7a0f</guid>
            <versionId>0f920b28-07de-4073-ae54-29ed157b2b3b</versionId>
        </processVariable>
        <item>
            <lastModified isNull="true" />
            <lastModifiedBy isNull="true" />
            <processItemId>2025.d6a0c322-a908-4b46-bc79-213835c7181d</processItemId>
            <processId>1.75441aee-57ba-47b2-8cdf-be21c2328718</processId>
            <name>Execute Script</name>
            <tWComponentName>JavaConnector</tWComponentName>
            <tWComponentId>3022.df789ce6-e36e-473e-ade2-8b7b8e57cdd5</tWComponentId>
            <isLogEnabled>false</isLogEnabled>
            <isTraceEnabled>false</isTraceEnabled>
            <traceCategory isNull="true" />
            <traceLevel isNull="true" />
            <traceMessage isNull="true" />
            <traceSymbolTable isNull="true" />
            <isExecutionContextTraced>false</isExecutionContextTraced>
            <saveExecutionContext>false</saveExecutionContext>
            <documentation isNull="true" />
            <isErrorHandlerEnabled>false</isErrorHandlerEnabled>
            <errorHandlerItemId isNull="true" />
            <guid>guid:12be50909032b80c:18f81ea7:11f41c537ad:-79cf</guid>
            <versionId>55132829-ae21-45dd-ba28-daa202518450</versionId>
            <layoutData x="137" y="85">
                <errorLink>
                    <controlPoints />
                    <showEndState>false</showEndState>
                    <showName>false</showName>
                </errorLink>
            </layoutData>
            <TWComponent>
                <lastModified isNull="true" />
                <lastModifiedBy isNull="true" />
                <javaConnectorId>3022.df789ce6-e36e-473e-ade2-8b7b8e57cdd5</javaConnectorId>
                <definition>&lt;connector&gt;
  &lt;javaClassName&gt;teamworks.SQLConnector&lt;/javaClassName&gt;
  &lt;methodName&gt;executeScript&lt;/methodName&gt;
  &lt;inputRecord&gt;
    &lt;element type="java.lang.String" nativeType="java.lang.String" parameter="Parameter 0" argument="tw.local.sqlScript" description="SQL Script" /&gt;
    &lt;element type="java.lang.String" nativeType="java.lang.String" parameter="Parameter 1" argument="tw.local.sqlStatementSeparator" description="SQL Statement Separator" /&gt;
    &lt;element type="java.lang.String" nativeType="java.lang.String" parameter="Parameter 2" argument="tw.local.dataSourceName" description="JNDI DataSource Name" /&gt;
    &lt;element type="java.lang.String" nativeType="java.lang.String" parameter="Parameter 3" argument="&amp;quot;SQLResult&amp;quot;" description="Return Type (SQLResult, XMLElement, Record, or complex type name)" /&gt;
  &lt;/inputRecord&gt;
  &lt;outputRecord&gt;
    &lt;element type="java.lang.Object" nativeType="java.lang.Object" parameter="Return Value" argument="tw.local.results" description="" /&gt;
  &lt;/outputRecord&gt;
&lt;/connector&gt;</definition>
                <guid>guid:12be50909032b80c:18f81ea7:11f41c537ad:-79d0</guid>
                <versionId>240e0e32-4294-4d11-a140-d6cf2e6b5085</versionId>
            </TWComponent>
        </item>
        <item>
            <lastModified isNull="true" />
            <lastModifiedBy isNull="true" />
            <processItemId>2025.774677f4-fe03-4b9d-b21d-8b1de4db9742</processItemId>
            <processId>1.75441aee-57ba-47b2-8cdf-be21c2328718</processId>
            <name>End</name>
            <tWComponentName>ExitPoint</tWComponentName>
            <tWComponentId>3008.7c25f79f-6d5c-45cd-b82f-7eea5c476c4a</tWComponentId>
            <isLogEnabled>false</isLogEnabled>
            <isTraceEnabled>false</isTraceEnabled>
            <traceCategory isNull="true" />
            <traceLevel isNull="true" />
            <traceMessage isNull="true" />
            <traceSymbolTable isNull="true" />
            <isExecutionContextTraced>false</isExecutionContextTraced>
            <saveExecutionContext>true</saveExecutionContext>
            <documentation isNull="true" />
            <isErrorHandlerEnabled>false</isErrorHandlerEnabled>
            <errorHandlerItemId isNull="true" />
            <guid>guid:d7766b7587753602:16bdf27c:11586c10093:-7ff2</guid>
            <versionId>fa3339cb-572e-42d5-b5b2-02183e6a11ec</versionId>
            <layoutData x="294" y="100">
                <errorLink>
                    <controlPoints />
                    <showEndState>false</showEndState>
                    <showName>false</showName>
                </errorLink>
            </layoutData>
            <TWComponent>
                <lastModified isNull="true" />
                <lastModifiedBy isNull="true" />
                <exitPointId>3008.7c25f79f-6d5c-45cd-b82f-7eea5c476c4a</exitPointId>
                <haltProcess>false</haltProcess>
                <guid>guid:197d4ddc90fc5427:-1c619ffe:11def1582ed:-7a11</guid>
                <versionId>4a15d4a0-76ee-4535-a320-9ca71c6b64a5</versionId>
            </TWComponent>
        </item>
        <startingProcessItemId>2025.d6a0c322-a908-4b46-bc79-213835c7181d</startingProcessItemId>
        <errorHandlerItemId isNull="true" />
        <layoutData noConversion="true">
            <errorLink>
                <controlPoints />
                <showEndState>false</showEndState>
                <showName>false</showName>
            </errorLink>
        </layoutData>
        <startPoint>
            <layoutData x="20" y="100">
                <errorLink>
                    <controlPoints />
                    <showEndState>false</showEndState>
                    <showName>false</showName>
                </errorLink>
            </layoutData>
        </startPoint>
        <startLink>
            <fromPort locationId="rightCenter" portType="1" />
            <toPort locationId="leftCenter" portType="2" />
            <layoutData>
                <controlPoints />
                <showEndState>false</showEndState>
                <showName>false</showName>
            </layoutData>
        </startLink>
        <link name="Untitled">
            <lastModified isNull="true" />
            <lastModifiedBy isNull="true" />
            <processLinkId>2027.fb852b6b-b4be-40c2-9799-3ab4c4cec59d</processLinkId>
            <processId>1.75441aee-57ba-47b2-8cdf-be21c2328718</processId>
            <description isNull="true" />
            <fromProcessItemId>2025.d6a0c322-a908-4b46-bc79-213835c7181d</fromProcessItemId>
            <endStateId>Out</endStateId>
            <toProcessItemId>2025.774677f4-fe03-4b9d-b21d-8b1de4db9742</toProcessItemId>
            <guid>guid:12be50909032b80c:18f81ea7:11f41c537ad:-79b6</guid>
            <versionId>b6b14eba-b3b8-41e5-80ab-26ab9908efe0</versionId>
            <layoutData>
                <controlPoints />
                <showEndState>false</showEndState>
                <showName>false</showName>
            </layoutData>
            <fromItemPort locationId="rightCenter" portType="1" />
            <toItemPort locationId="leftCenter" portType="2" />
            <fromProcessItemId>2025.d6a0c322-a908-4b46-bc79-213835c7181d</fromProcessItemId>
            <toProcessItemId>2025.774677f4-fe03-4b9d-b21d-8b1de4db9742</toProcessItemId>
        </link>
    </process>
</teamworks>

