<?xml version="1.0" encoding="UTF-8"?>
<teamworks>
    <process id="1.799f0397-1f1f-4771-984a-e5b5965570c4" name="lsw Get Conditional Activity Template Names">
        <lastModified>1361372673512</lastModified>
        <lastModifiedBy>Internal TW Admin user</lastModifiedBy>
        <processId>1.799f0397-1f1f-4771-984a-e5b5965570c4</processId>
        <image isNull="true" />
        <tabGroup isNull="true" />
        <startingProcessItemId>2025.0544c75f-acc4-4c80-b0b4-414922edf708</startingProcessItemId>
        <isRootProcess>false</isRootProcess>
        <processType>6</processType>
        <isErrorHandlerEnabled>false</isErrorHandlerEnabled>
        <errorHandlerItemId isNull="true" />
        <isLoggingVariables>false</isLoggingVariables>
        <isTransactional>false</isTransactional>
        <processTimingLevel isNull="true" />
        <participantRef isNull="true" />
        <exposedType isNull="true" />
        <isTrackingEnabled>true</isTrackingEnabled>
        <xmlData isNull="true" />
        <cachingType>false</cachingType>
        <itemLabel isNull="true" />
        <cacheLength>43200</cacheLength>
        <mobileReady>false</mobileReady>
        <sboSyncEnabled>true</sboSyncEnabled>
        <externalId isNull="true" />
        <isSecured>false</isSecured>
        <description isNull="true" />
        <guid>guid:5a54f1704f1c1577:-6b56085f:12370558356:-7fc2</guid>
        <versionId>4af9fff9-b287-45a5-b36e-811f67755849</versionId>
        <dependencySummary isNull="true" />
        <processParameter name="bpdGUID">
            <lastModified isNull="true" />
            <lastModifiedBy isNull="true" />
            <processParameterId>2055.a71d8ac4-4aef-4d5f-a9fa-e11bba8a3506</processParameterId>
            <processId>1.799f0397-1f1f-4771-984a-e5b5965570c4</processId>
            <parameterType>1</parameterType>
            <isArrayOf>false</isArrayOf>
            <classId>/12.db884a3c-c533-44b7-bb2d-47bec8ad4022</classId>
            <seq>1</seq>
            <hasDefault>false</hasDefault>
            <defaultValue isNull="true" />
            <isLocked>false</isLocked>
            <description>The GUID of the top-level BPD for which to retrieve templates</description>
            <guid>guid:5a54f1704f1c1577:-6b56085f:12370558356:-7fbe</guid>
            <versionId>69fe1e2c-9960-4830-9f62-3b4f9828d9c3</versionId>
        </processParameter>
        <processParameter name="templateNames">
            <lastModified isNull="true" />
            <lastModifiedBy isNull="true" />
            <processParameterId>2055.aab53eac-0cc9-47a0-983f-3c29680541de</processParameterId>
            <processId>1.799f0397-1f1f-4771-984a-e5b5965570c4</processId>
            <parameterType>2</parameterType>
            <isArrayOf>true</isArrayOf>
            <classId>/12.d2e5a15a-ea53-4793-9e93-29af5bd80b13</classId>
            <seq>2</seq>
            <hasDefault>false</hasDefault>
            <defaultValue isNull="true" />
            <isLocked>false</isLocked>
            <description>A list of Name/Value Pairs (name = Template Name, value = Template ID) with the templates that have been created for the given top-level BPD</description>
            <guid>guid:5a54f1704f1c1577:-6b56085f:12370558356:-7fbd</guid>
            <versionId>60771657-0c1a-4988-9622-f35274650b5c</versionId>
        </processParameter>
        <processVariable name="sql">
            <lastModified isNull="true" />
            <lastModifiedBy isNull="true" />
            <processVariableId>2056.e0c4c850-c4be-48e2-ac77-6de81c235eed</processVariableId>
            <description isNull="true" />
            <processId>1.799f0397-1f1f-4771-984a-e5b5965570c4</processId>
            <namespace>2</namespace>
            <seq>1</seq>
            <isArrayOf>false</isArrayOf>
            <classId>/12.db884a3c-c533-44b7-bb2d-47bec8ad4022</classId>
            <hasDefault>false</hasDefault>
            <defaultValue isNull="true" />
            <guid>guid:5a54f1704f1c1577:-6b56085f:12370558356:-7fbc</guid>
            <versionId>3426aa1c-5080-449e-a300-fecaf418e33c</versionId>
        </processVariable>
        <processVariable name="parameters">
            <lastModified isNull="true" />
            <lastModifiedBy isNull="true" />
            <processVariableId>2056.c80784c3-14ee-4138-b956-83b8427dfb1b</processVariableId>
            <description isNull="true" />
            <processId>1.799f0397-1f1f-4771-984a-e5b5965570c4</processId>
            <namespace>2</namespace>
            <seq>2</seq>
            <isArrayOf>true</isArrayOf>
            <classId>/12.f453f500-ca4e-4264-a371-72c1892e8b7c</classId>
            <hasDefault>false</hasDefault>
            <defaultValue isNull="true" />
            <guid>guid:5a54f1704f1c1577:-6b56085f:12370558356:-7fbb</guid>
            <versionId>dc6bcbfa-6ef8-4ed5-ac6f-47508b1a7183</versionId>
        </processVariable>
        <item>
            <lastModified isNull="true" />
            <lastModifiedBy isNull="true" />
            <processItemId>2025.d0762492-0b29-47bd-a2a1-c3beadd65c31</processItemId>
            <processId>1.799f0397-1f1f-4771-984a-e5b5965570c4</processId>
            <name>Setup Parameters</name>
            <tWComponentName>Script</tWComponentName>
            <tWComponentId>3011.d7f37c89-db69-4e72-bfb7-e6a95fbd03ca</tWComponentId>
            <isLogEnabled>false</isLogEnabled>
            <isTraceEnabled>false</isTraceEnabled>
            <traceCategory isNull="true" />
            <traceLevel isNull="true" />
            <traceMessage isNull="true" />
            <traceSymbolTable isNull="true" />
            <isExecutionContextTraced>false</isExecutionContextTraced>
            <saveExecutionContext>false</saveExecutionContext>
            <documentation isNull="true" />
            <isErrorHandlerEnabled>false</isErrorHandlerEnabled>
            <errorHandlerItemId isNull="true" />
            <guid>guid:5a54f1704f1c1577:-6b56085f:12370558356:-7fb3</guid>
            <versionId>844e59d0-018c-4aca-a15c-95c0b0a82e54</versionId>
            <layoutData x="273" y="91">
                <errorLink>
                    <controlPoints />
                    <showEndState>false</showEndState>
                    <showName>false</showName>
                </errorLink>
            </layoutData>
            <TWComponent>
                <lastModified isNull="true" />
                <lastModifiedBy isNull="true" />
                <scriptId>3011.d7f37c89-db69-4e72-bfb7-e6a95fbd03ca</scriptId>
                <scriptTypeId>2</scriptTypeId>
                <isActive>true</isActive>
                <script>tw.local.parameters = new tw.object.listOf.SQLParameter();
tw.local.parameters[tw.local.parameters.listLength] = newSQLParameter(tw.local.bpdGUID);</script>
                <isRule>false</isRule>
                <guid>guid:5a54f1704f1c1577:-6b56085f:12370558356:-7fb4</guid>
                <versionId>2f833872-ddac-42c1-a728-370c0a3aa82e</versionId>
            </TWComponent>
        </item>
        <item>
            <lastModified isNull="true" />
            <lastModifiedBy isNull="true" />
            <processItemId>2025.8b8ded37-3b3b-4027-b42c-83cb4dfbb4a0</processItemId>
            <processId>1.799f0397-1f1f-4771-984a-e5b5965570c4</processId>
            <name>End</name>
            <tWComponentName>ExitPoint</tWComponentName>
            <tWComponentId>3008.30819f91-ec51-415f-8cdf-da51c5883d26</tWComponentId>
            <isLogEnabled>false</isLogEnabled>
            <isTraceEnabled>false</isTraceEnabled>
            <traceCategory isNull="true" />
            <traceLevel isNull="true" />
            <traceMessage isNull="true" />
            <traceSymbolTable isNull="true" />
            <isExecutionContextTraced>false</isExecutionContextTraced>
            <saveExecutionContext>true</saveExecutionContext>
            <documentation isNull="true" />
            <isErrorHandlerEnabled>false</isErrorHandlerEnabled>
            <errorHandlerItemId isNull="true" />
            <guid>guid:5a54f1704f1c1577:-6b56085f:12370558356:-7fc0</guid>
            <versionId>94fcfd40-e502-49f3-bea0-be8b23c1ff8f</versionId>
            <layoutData x="562" y="99">
                <errorLink>
                    <controlPoints />
                    <showEndState>false</showEndState>
                    <showName>false</showName>
                </errorLink>
            </layoutData>
            <TWComponent>
                <lastModified isNull="true" />
                <lastModifiedBy isNull="true" />
                <exitPointId>3008.30819f91-ec51-415f-8cdf-da51c5883d26</exitPointId>
                <haltProcess>false</haltProcess>
                <guid>guid:5a54f1704f1c1577:-6b56085f:12370558356:-7fbf</guid>
                <versionId>d05cf3dd-1e1a-4d7d-a8ee-decaea456726</versionId>
            </TWComponent>
        </item>
        <item>
            <lastModified isNull="true" />
            <lastModifiedBy isNull="true" />
            <processItemId>2025.1530a96d-71d6-4212-bbbe-9ace96be0bcd</processItemId>
            <processId>1.799f0397-1f1f-4771-984a-e5b5965570c4</processId>
            <name>SQL Execute Statement</name>
            <tWComponentName>SubProcess</tWComponentName>
            <tWComponentId>3012.e2908547-ecd0-4818-8ff4-f908bf0e10ee</tWComponentId>
            <isLogEnabled>false</isLogEnabled>
            <isTraceEnabled>false</isTraceEnabled>
            <traceCategory isNull="true" />
            <traceLevel isNull="true" />
            <traceMessage isNull="true" />
            <traceSymbolTable isNull="true" />
            <isExecutionContextTraced>false</isExecutionContextTraced>
            <saveExecutionContext>false</saveExecutionContext>
            <documentation isNull="true" />
            <isErrorHandlerEnabled>false</isErrorHandlerEnabled>
            <errorHandlerItemId isNull="true" />
            <guid>guid:5a54f1704f1c1577:-6b56085f:12370558356:-7fae</guid>
            <versionId>e2f894a2-d863-4e62-9df3-1d9a79c88c1c</versionId>
            <layoutData x="408" y="89">
                <errorLink>
                    <controlPoints />
                    <showEndState>false</showEndState>
                    <showName>false</showName>
                </errorLink>
            </layoutData>
            <TWComponent>
                <lastModified isNull="true" />
                <lastModifiedBy isNull="true" />
                <subProcessId>3012.e2908547-ecd0-4818-8ff4-f908bf0e10ee</subProcessId>
                <attachedProcessRef>/1.8ca80af0-a727-4b90-9e04-21b32cd0c65c</attachedProcessRef>
                <guid>guid:5a54f1704f1c1577:-6b56085f:12370558356:-7fad</guid>
                <versionId>b6e11e19-4b34-4018-918c-26e146afc3dc</versionId>
                <parameterMapping name="returnType">
                    <lastModified isNull="true" />
                    <lastModifiedBy isNull="true" />
                    <parameterMappingId>2054.b146a99f-2ebf-4c9e-b205-c50f06707385</parameterMappingId>
                    <processParameterId>2055.7081e3db-2301-4308-b93d-61cf78b25816</processParameterId>
                    <parameterMappingParentId>3012.e2908547-ecd0-4818-8ff4-f908bf0e10ee</parameterMappingParentId>
                    <useDefault>false</useDefault>
                    <value>"NameValuePair"</value>
                    <classRef>/12.db884a3c-c533-44b7-bb2d-47bec8ad4022</classRef>
                    <isList>false</isList>
                    <isInput>true</isInput>
                    <guid>guid:5a54f1704f1c1577:-6b56085f:12370558356:-7faa</guid>
                    <versionId>0acd84cf-c4a1-4997-845a-08a1d303579b</versionId>
                    <description isNull="true" />
                </parameterMapping>
                <parameterMapping name="results">
                    <lastModified isNull="true" />
                    <lastModifiedBy isNull="true" />
                    <parameterMappingId>2054.511f28a7-c143-452a-b249-65295d77d8df</parameterMappingId>
                    <processParameterId>2055.21cdb854-d222-4fc8-b991-17aef09de0c4</processParameterId>
                    <parameterMappingParentId>3012.e2908547-ecd0-4818-8ff4-f908bf0e10ee</parameterMappingParentId>
                    <useDefault>false</useDefault>
                    <value>tw.local.templateNames</value>
                    <classRef>/12.c09c9b6e-aabd-4897-bef2-ed61db106297</classRef>
                    <isList>false</isList>
                    <isInput>false</isInput>
                    <guid>guid:5a54f1704f1c1577:-6b56085f:12370558356:-7fa9</guid>
                    <versionId>4c4a545f-eaf3-476a-966d-c1fb1ea8beb4</versionId>
                    <description isNull="true" />
                </parameterMapping>
                <parameterMapping name="sql">
                    <lastModified isNull="true" />
                    <lastModifiedBy isNull="true" />
                    <parameterMappingId>2054.deb8901b-b833-461f-be1c-311f67efd95c</parameterMappingId>
                    <processParameterId>2055.e3bfe8f3-c801-4ef8-bb77-77156e3b0326</processParameterId>
                    <parameterMappingParentId>3012.e2908547-ecd0-4818-8ff4-f908bf0e10ee</parameterMappingParentId>
                    <useDefault>false</useDefault>
                    <value>tw.local.sql</value>
                    <classRef>/12.db884a3c-c533-44b7-bb2d-47bec8ad4022</classRef>
                    <isList>false</isList>
                    <isInput>true</isInput>
                    <guid>guid:5a54f1704f1c1577:-6b56085f:12370558356:-7fac</guid>
                    <versionId>82ef0c22-d559-41f2-a8d3-ba6367e8bd04</versionId>
                    <description isNull="true" />
                </parameterMapping>
                <parameterMapping name="parameters">
                    <lastModified isNull="true" />
                    <lastModifiedBy isNull="true" />
                    <parameterMappingId>2054.1e7a826c-d864-4871-be71-4db743aae22f</parameterMappingId>
                    <processParameterId>2055.8b3c4f58-67b5-49b0-8df4-bdb407fbe076</processParameterId>
                    <parameterMappingParentId>3012.e2908547-ecd0-4818-8ff4-f908bf0e10ee</parameterMappingParentId>
                    <useDefault>false</useDefault>
                    <value>tw.local.parameters</value>
                    <classRef>/12.f453f500-ca4e-4264-a371-72c1892e8b7c</classRef>
                    <isList>true</isList>
                    <isInput>true</isInput>
                    <guid>guid:5a54f1704f1c1577:-6b56085f:12370558356:-7fab</guid>
                    <versionId>aa7f56bf-88e3-4d84-91f2-b606b513f934</versionId>
                    <description isNull="true" />
                </parameterMapping>
            </TWComponent>
        </item>
        <item>
            <lastModified isNull="true" />
            <lastModifiedBy isNull="true" />
            <processItemId>2025.0544c75f-acc4-4c80-b0b4-414922edf708</processItemId>
            <processId>1.799f0397-1f1f-4771-984a-e5b5965570c4</processId>
            <name>Build Query SQL</name>
            <tWComponentName>Script</tWComponentName>
            <tWComponentId>3011.2462be7c-4df2-401e-939e-02d73ba08cc2</tWComponentId>
            <isLogEnabled>false</isLogEnabled>
            <isTraceEnabled>false</isTraceEnabled>
            <traceCategory isNull="true" />
            <traceLevel isNull="true" />
            <traceMessage isNull="true" />
            <traceSymbolTable isNull="true" />
            <isExecutionContextTraced>false</isExecutionContextTraced>
            <saveExecutionContext>false</saveExecutionContext>
            <documentation isNull="true" />
            <isErrorHandlerEnabled>false</isErrorHandlerEnabled>
            <errorHandlerItemId isNull="true" />
            <guid>guid:5a54f1704f1c1577:-6b56085f:12370558356:-7fb7</guid>
            <versionId>ea195e96-3405-48f2-8dec-e7d0573eb1da</versionId>
            <layoutData x="130" y="91">
                <errorLink>
                    <controlPoints />
                    <showEndState>false</showEndState>
                    <showName>false</showName>
                </errorLink>
            </layoutData>
            <TWComponent>
                <lastModified isNull="true" />
                <lastModifiedBy isNull="true" />
                <scriptId>3011.2462be7c-4df2-401e-939e-02d73ba08cc2</scriptId>
                <scriptTypeId>128</scriptTypeId>
                <isActive>true</isActive>
                <script>tw.local.sql
SELECT id AS value, name
FROM lsw_ca_template 
WHERE bpd_guid = ?</script>
                <isRule>false</isRule>
                <guid>guid:5a54f1704f1c1577:-6b56085f:12370558356:-7fb8</guid>
                <versionId>246c1f2c-7260-4b6e-bb20-2834f5c9bcd2</versionId>
            </TWComponent>
        </item>
        <startingProcessItemId>2025.0544c75f-acc4-4c80-b0b4-414922edf708</startingProcessItemId>
        <errorHandlerItemId isNull="true" />
        <layoutData noConversion="true">
            <errorLink>
                <controlPoints />
                <showEndState>false</showEndState>
                <showName>false</showName>
            </errorLink>
        </layoutData>
        <startPoint>
            <layoutData x="20" y="100">
                <errorLink>
                    <controlPoints />
                    <showEndState>false</showEndState>
                    <showName>false</showName>
                </errorLink>
            </layoutData>
        </startPoint>
        <startLink>
            <fromPort locationId="rightCenter" portType="1" />
            <toPort locationId="leftCenter" portType="2" />
            <layoutData>
                <controlPoints />
                <showEndState>false</showEndState>
                <showName>false</showName>
            </layoutData>
        </startLink>
        <link name="Untitled">
            <lastModified isNull="true" />
            <lastModifiedBy isNull="true" />
            <processLinkId>2027.c3791e65-c36c-4ac9-8943-b0adb5f2e806</processLinkId>
            <processId>1.799f0397-1f1f-4771-984a-e5b5965570c4</processId>
            <description isNull="true" />
            <fromProcessItemId>2025.0544c75f-acc4-4c80-b0b4-414922edf708</fromProcessItemId>
            <endStateId>Out</endStateId>
            <toProcessItemId>2025.d0762492-0b29-47bd-a2a1-c3beadd65c31</toProcessItemId>
            <guid>guid:5a54f1704f1c1577:-6b56085f:12370558356:-7fa8</guid>
            <versionId>0afab068-b1d5-4943-9328-7e845631be79</versionId>
            <layoutData>
                <controlPoints />
                <showEndState>false</showEndState>
                <showName>false</showName>
            </layoutData>
            <fromItemPort locationId="rightCenter" portType="1" />
            <toItemPort locationId="leftCenter" portType="2" />
            <fromProcessItemId>2025.0544c75f-acc4-4c80-b0b4-414922edf708</fromProcessItemId>
            <toProcessItemId>2025.d0762492-0b29-47bd-a2a1-c3beadd65c31</toProcessItemId>
        </link>
        <link name="Untitled">
            <lastModified isNull="true" />
            <lastModifiedBy isNull="true" />
            <processLinkId>2027.ca01e7e9-4c1a-4759-bbeb-230ddf688deb</processLinkId>
            <processId>1.799f0397-1f1f-4771-984a-e5b5965570c4</processId>
            <description isNull="true" />
            <fromProcessItemId>2025.d0762492-0b29-47bd-a2a1-c3beadd65c31</fromProcessItemId>
            <endStateId>Out</endStateId>
            <toProcessItemId>2025.1530a96d-71d6-4212-bbbe-9ace96be0bcd</toProcessItemId>
            <guid>guid:5a54f1704f1c1577:-6b56085f:12370558356:-7fa7</guid>
            <versionId>4767242f-07a1-4b24-aa8f-861908e2c03a</versionId>
            <layoutData>
                <controlPoints />
                <showEndState>false</showEndState>
                <showName>false</showName>
            </layoutData>
            <fromItemPort locationId="rightCenter" portType="1" />
            <toItemPort locationId="leftCenter" portType="2" />
            <fromProcessItemId>2025.d0762492-0b29-47bd-a2a1-c3beadd65c31</fromProcessItemId>
            <toProcessItemId>2025.1530a96d-71d6-4212-bbbe-9ace96be0bcd</toProcessItemId>
        </link>
        <link name="Untitled">
            <lastModified isNull="true" />
            <lastModifiedBy isNull="true" />
            <processLinkId>2027.55c152a5-a023-4c56-a59f-21e038342b9c</processLinkId>
            <processId>1.799f0397-1f1f-4771-984a-e5b5965570c4</processId>
            <description isNull="true" />
            <fromProcessItemId>2025.1530a96d-71d6-4212-bbbe-9ace96be0bcd</fromProcessItemId>
            <endStateId>guid:d7766b7587753602:-9d2f0f9:11586bfc263:-7f6f</endStateId>
            <toProcessItemId>2025.8b8ded37-3b3b-4027-b42c-83cb4dfbb4a0</toProcessItemId>
            <guid>guid:5a54f1704f1c1577:-6b56085f:12370558356:-7fa6</guid>
            <versionId>89c699f0-74e2-47a2-8b25-79a59c898034</versionId>
            <layoutData>
                <controlPoints />
                <showEndState>false</showEndState>
                <showName>false</showName>
            </layoutData>
            <fromItemPort locationId="rightCenter" portType="1" />
            <toItemPort locationId="leftCenter" portType="2" />
            <fromProcessItemId>2025.1530a96d-71d6-4212-bbbe-9ace96be0bcd</fromProcessItemId>
            <toProcessItemId>2025.8b8ded37-3b3b-4027-b42c-83cb4dfbb4a0</toProcessItemId>
        </link>
    </process>
</teamworks>

