<?xml version="1.0" encoding="UTF-8"?>
<teamworks>
    <process id="1.7d03c736-e572-4622-b7f8-67105a55af6d" name="lsw Load Conditional Activity Template">
        <lastModified>1361412273512</lastModified>
        <lastModifiedBy>Internal TW Admin user</lastModifiedBy>
        <processId>1.7d03c736-e572-4622-b7f8-67105a55af6d</processId>
        <image isNull="true" />
        <tabGroup isNull="true" />
        <startingProcessItemId>2025.baf5ff3a-8c1b-4f5b-ad00-c3b6e558a9eb</startingProcessItemId>
        <isRootProcess>false</isRootProcess>
        <processType>6</processType>
        <isErrorHandlerEnabled>false</isErrorHandlerEnabled>
        <errorHandlerItemId isNull="true" />
        <isLoggingVariables>false</isLoggingVariables>
        <isTransactional>false</isTransactional>
        <processTimingLevel isNull="true" />
        <participantRef isNull="true" />
        <exposedType isNull="true" />
        <isTrackingEnabled>true</isTrackingEnabled>
        <xmlData isNull="true" />
        <cachingType>false</cachingType>
        <itemLabel isNull="true" />
        <cacheLength>43200</cacheLength>
        <mobileReady>false</mobileReady>
        <sboSyncEnabled>true</sboSyncEnabled>
        <externalId isNull="true" />
        <isSecured>false</isSecured>
        <description isNull="true" />
        <guid>guid:5a54f1704f1c1577:-6b56085f:12370558356:-7fa4</guid>
        <versionId>744c6fb4-9a03-4e2b-b796-a45edb0599e7</versionId>
        <dependencySummary isNull="true" />
        <processParameter name="templateID">
            <lastModified isNull="true" />
            <lastModifiedBy isNull="true" />
            <processParameterId>2055.1eaea77f-456b-470d-b6ea-e6d39f5e2bcc</processParameterId>
            <processId>1.7d03c736-e572-4622-b7f8-67105a55af6d</processId>
            <parameterType>1</parameterType>
            <isArrayOf>false</isArrayOf>
            <classId>/12.db884a3c-c533-44b7-bb2d-47bec8ad4022</classId>
            <seq>1</seq>
            <hasDefault>false</hasDefault>
            <defaultValue isNull="true" />
            <isLocked>false</isLocked>
            <description>The ID of the template for which to retrieve the selected conditional activities</description>
            <guid>guid:5a54f1704f1c1577:-6b56085f:12370558356:-7fa0</guid>
            <versionId>4d4acf70-d591-4e06-840d-36fc00f968a0</versionId>
        </processParameter>
        <processParameter name="selectedConditionalActivities">
            <lastModified isNull="true" />
            <lastModifiedBy isNull="true" />
            <processParameterId>2055.5d730763-f57a-45a0-bbce-91d9351c6c0d</processParameterId>
            <processId>1.7d03c736-e572-4622-b7f8-67105a55af6d</processId>
            <parameterType>2</parameterType>
            <isArrayOf>true</isArrayOf>
            <classId>/12.db884a3c-c533-44b7-bb2d-47bec8ad4022</classId>
            <seq>2</seq>
            <hasDefault>false</hasDefault>
            <defaultValue isNull="true" />
            <isLocked>false</isLocked>
            <description>The list of GUIDs of the conditional activities selected by the template.</description>
            <guid>guid:5a54f1704f1c1577:-6b56085f:12370558356:-7f9f</guid>
            <versionId>4a2415e9-7ff2-4e71-ad11-9294cd3c0ba1</versionId>
        </processParameter>
        <processVariable name="sql">
            <lastModified isNull="true" />
            <lastModifiedBy isNull="true" />
            <processVariableId>2056.4cc67c71-0915-4dd8-b338-cf45f4892122</processVariableId>
            <description isNull="true" />
            <processId>1.7d03c736-e572-4622-b7f8-67105a55af6d</processId>
            <namespace>2</namespace>
            <seq>1</seq>
            <isArrayOf>false</isArrayOf>
            <classId>/12.db884a3c-c533-44b7-bb2d-47bec8ad4022</classId>
            <hasDefault>false</hasDefault>
            <defaultValue isNull="true" />
            <guid>guid:5a54f1704f1c1577:-6b56085f:12370558356:-7f9e</guid>
            <versionId>b827fd64-6933-4a47-a265-ae95c6a79f0c</versionId>
        </processVariable>
        <processVariable name="parameters">
            <lastModified isNull="true" />
            <lastModifiedBy isNull="true" />
            <processVariableId>2056.f6b7d692-4956-4a47-8253-1d82e95f5346</processVariableId>
            <description isNull="true" />
            <processId>1.7d03c736-e572-4622-b7f8-67105a55af6d</processId>
            <namespace>2</namespace>
            <seq>2</seq>
            <isArrayOf>true</isArrayOf>
            <classId>/12.f453f500-ca4e-4264-a371-72c1892e8b7c</classId>
            <hasDefault>false</hasDefault>
            <defaultValue isNull="true" />
            <guid>guid:5a54f1704f1c1577:-6b56085f:12370558356:-7f9d</guid>
            <versionId>f6f24ba6-6606-4bec-be2b-ab9a75a99372</versionId>
        </processVariable>
        <processVariable name="results">
            <lastModified isNull="true" />
            <lastModifiedBy isNull="true" />
            <processVariableId>2056.2caf3c42-e532-4f78-9bb6-b6ec6fc40afe</processVariableId>
            <description isNull="true" />
            <processId>1.7d03c736-e572-4622-b7f8-67105a55af6d</processId>
            <namespace>2</namespace>
            <seq>3</seq>
            <isArrayOf>true</isArrayOf>
            <classId>/12.3b1e3757-a1f4-4c3f-bbb8-16fecd4d65c1</classId>
            <hasDefault>false</hasDefault>
            <defaultValue isNull="true" />
            <guid>guid:5a54f1704f1c1577:-6b56085f:12370558356:-7f9c</guid>
            <versionId>422f5db8-7531-4abb-b74b-771e68da7ce1</versionId>
        </processVariable>
        <item>
            <lastModified isNull="true" />
            <lastModifiedBy isNull="true" />
            <processItemId>2025.b7585949-ef32-4893-85da-7f7d53b57db1</processItemId>
            <processId>1.7d03c736-e572-4622-b7f8-67105a55af6d</processId>
            <name>SQL Execute Statement (SQLResult)</name>
            <tWComponentName>SubProcess</tWComponentName>
            <tWComponentId>3012.0ca71b16-e198-477e-a660-a1ff67e8bb89</tWComponentId>
            <isLogEnabled>false</isLogEnabled>
            <isTraceEnabled>false</isTraceEnabled>
            <traceCategory isNull="true" />
            <traceLevel isNull="true" />
            <traceMessage isNull="true" />
            <traceSymbolTable isNull="true" />
            <isExecutionContextTraced>false</isExecutionContextTraced>
            <saveExecutionContext>false</saveExecutionContext>
            <documentation isNull="true" />
            <isErrorHandlerEnabled>false</isErrorHandlerEnabled>
            <errorHandlerItemId isNull="true" />
            <guid>guid:5a54f1704f1c1577:-6b56085f:12370558356:-7f92</guid>
            <versionId>427ffaea-fa75-47cf-8870-0c49a756158b</versionId>
            <layoutData x="387" y="86">
                <errorLink>
                    <controlPoints />
                    <showEndState>false</showEndState>
                    <showName>false</showName>
                </errorLink>
            </layoutData>
            <TWComponent>
                <lastModified isNull="true" />
                <lastModifiedBy isNull="true" />
                <subProcessId>3012.0ca71b16-e198-477e-a660-a1ff67e8bb89</subProcessId>
                <attachedProcessRef>/1.4e480adb-5741-4f5e-aead-27b3654e9cd2</attachedProcessRef>
                <guid>guid:5a54f1704f1c1577:-6b56085f:12370558356:-7f91</guid>
                <versionId>a42046ff-0ce4-4d45-ad2d-3613ee94221b</versionId>
                <parameterMapping name="results">
                    <lastModified isNull="true" />
                    <lastModifiedBy isNull="true" />
                    <parameterMappingId>2054.7d92ee9b-9121-4d07-be14-03979ac9601a</parameterMappingId>
                    <processParameterId>2055.976cdc78-9d8d-41d4-ae85-f6c9a50c6764</processParameterId>
                    <parameterMappingParentId>3012.0ca71b16-e198-477e-a660-a1ff67e8bb89</parameterMappingParentId>
                    <useDefault>false</useDefault>
                    <value>tw.local.results</value>
                    <classRef>/12.3b1e3757-a1f4-4c3f-bbb8-16fecd4d65c1</classRef>
                    <isList>true</isList>
                    <isInput>false</isInput>
                    <guid>guid:5a54f1704f1c1577:-6b56085f:12370558356:-7f8e</guid>
                    <versionId>208cd3ce-3e82-40db-a4c1-dcfdbc59cc16</versionId>
                    <description isNull="true" />
                </parameterMapping>
                <parameterMapping name="parameters">
                    <lastModified isNull="true" />
                    <lastModifiedBy isNull="true" />
                    <parameterMappingId>2054.4f60a139-e9ac-4340-9c7a-6a05efdddf5a</parameterMappingId>
                    <processParameterId>2055.8b844f2a-0a1f-4f12-b34b-e9fd5191dc43</processParameterId>
                    <parameterMappingParentId>3012.0ca71b16-e198-477e-a660-a1ff67e8bb89</parameterMappingParentId>
                    <useDefault>false</useDefault>
                    <value>tw.local.parameters</value>
                    <classRef>/12.f453f500-ca4e-4264-a371-72c1892e8b7c</classRef>
                    <isList>true</isList>
                    <isInput>true</isInput>
                    <guid>guid:5a54f1704f1c1577:-6b56085f:12370558356:-7f8f</guid>
                    <versionId>469a7405-bf55-4723-b902-c82e9aa5f53b</versionId>
                    <description isNull="true" />
                </parameterMapping>
                <parameterMapping name="sql">
                    <lastModified isNull="true" />
                    <lastModifiedBy isNull="true" />
                    <parameterMappingId>2054.aa05f1d0-9b0c-4688-80ea-3866adc1d98a</parameterMappingId>
                    <processParameterId>2055.25f5990f-9abf-4cf6-9101-497d43dee141</processParameterId>
                    <parameterMappingParentId>3012.0ca71b16-e198-477e-a660-a1ff67e8bb89</parameterMappingParentId>
                    <useDefault>false</useDefault>
                    <value>tw.local.sql</value>
                    <classRef>/12.db884a3c-c533-44b7-bb2d-47bec8ad4022</classRef>
                    <isList>false</isList>
                    <isInput>true</isInput>
                    <guid>guid:5a54f1704f1c1577:-6b56085f:12370558356:-7f90</guid>
                    <versionId>c291ee1f-7976-4458-bbd8-4d85279d8f21</versionId>
                    <description isNull="true" />
                </parameterMapping>
            </TWComponent>
        </item>
        <item>
            <lastModified isNull="true" />
            <lastModifiedBy isNull="true" />
            <processItemId>2025.baf5ff3a-8c1b-4f5b-ad00-c3b6e558a9eb</processItemId>
            <processId>1.7d03c736-e572-4622-b7f8-67105a55af6d</processId>
            <name>Build Query SQL</name>
            <tWComponentName>Script</tWComponentName>
            <tWComponentId>3011.a786acff-2802-4444-9713-d8d429b64c71</tWComponentId>
            <isLogEnabled>false</isLogEnabled>
            <isTraceEnabled>false</isTraceEnabled>
            <traceCategory isNull="true" />
            <traceLevel isNull="true" />
            <traceMessage isNull="true" />
            <traceSymbolTable isNull="true" />
            <isExecutionContextTraced>false</isExecutionContextTraced>
            <saveExecutionContext>false</saveExecutionContext>
            <documentation isNull="true" />
            <isErrorHandlerEnabled>false</isErrorHandlerEnabled>
            <errorHandlerItemId isNull="true" />
            <guid>guid:5a54f1704f1c1577:-6b56085f:12370558356:-7f98</guid>
            <versionId>7dff062d-3ef5-492d-8f6e-5e2590f3f912</versionId>
            <layoutData x="115" y="85">
                <errorLink>
                    <controlPoints />
                    <showEndState>false</showEndState>
                    <showName>false</showName>
                </errorLink>
            </layoutData>
            <TWComponent>
                <lastModified isNull="true" />
                <lastModifiedBy isNull="true" />
                <scriptId>3011.a786acff-2802-4444-9713-d8d429b64c71</scriptId>
                <scriptTypeId>128</scriptTypeId>
                <isActive>true</isActive>
                <script>tw.local.sql
SELECT ca_guid
FROM lsw_ca_template_data 
WHERE id = ?</script>
                <isRule>false</isRule>
                <guid>guid:5a54f1704f1c1577:-6b56085f:12370558356:-7f99</guid>
                <versionId>9c2b953b-f1d7-47b5-b9b0-a77c3dc1ddfb</versionId>
            </TWComponent>
        </item>
        <item>
            <lastModified isNull="true" />
            <lastModifiedBy isNull="true" />
            <processItemId>2025.2de22ff6-c2c4-4139-b014-f6b99ccc982f</processItemId>
            <processId>1.7d03c736-e572-4622-b7f8-67105a55af6d</processId>
            <name>Setup Parameters</name>
            <tWComponentName>Script</tWComponentName>
            <tWComponentId>3011.8eb8ff07-68a8-4e01-9007-284683f555c1</tWComponentId>
            <isLogEnabled>false</isLogEnabled>
            <isTraceEnabled>false</isTraceEnabled>
            <traceCategory isNull="true" />
            <traceLevel isNull="true" />
            <traceMessage isNull="true" />
            <traceSymbolTable isNull="true" />
            <isExecutionContextTraced>false</isExecutionContextTraced>
            <saveExecutionContext>false</saveExecutionContext>
            <documentation isNull="true" />
            <isErrorHandlerEnabled>false</isErrorHandlerEnabled>
            <errorHandlerItemId isNull="true" />
            <guid>guid:5a54f1704f1c1577:-6b56085f:12370558356:-7f94</guid>
            <versionId>beb2e2f1-3dd8-451a-95d6-3a5f3d5f7336</versionId>
            <layoutData x="248" y="85">
                <errorLink>
                    <controlPoints />
                    <showEndState>false</showEndState>
                    <showName>false</showName>
                </errorLink>
            </layoutData>
            <TWComponent>
                <lastModified isNull="true" />
                <lastModifiedBy isNull="true" />
                <scriptId>3011.8eb8ff07-68a8-4e01-9007-284683f555c1</scriptId>
                <scriptTypeId>2</scriptTypeId>
                <isActive>true</isActive>
                <script>tw.local.parameters = new tw.object.listOf.SQLParameter();
if(tw.local.templateID == "" || tw.local.templateID == null) tw.local.templateID = "-1";
tw.local.parameters[tw.local.parameters.listLength] = newSQLParameter(tw.local.templateID);</script>
                <isRule>false</isRule>
                <guid>guid:5a54f1704f1c1577:-6b56085f:12370558356:-7f95</guid>
                <versionId>3f1349bd-db3c-4c42-9f20-47897e44704a</versionId>
            </TWComponent>
        </item>
        <item>
            <lastModified isNull="true" />
            <lastModifiedBy isNull="true" />
            <processItemId>2025.b77f48e8-941a-45ab-903d-8b7783974eb1</processItemId>
            <processId>1.7d03c736-e572-4622-b7f8-67105a55af6d</processId>
            <name>End</name>
            <tWComponentName>ExitPoint</tWComponentName>
            <tWComponentId>3008.1d493255-fc2f-4611-91c1-cbed2e31da09</tWComponentId>
            <isLogEnabled>false</isLogEnabled>
            <isTraceEnabled>false</isTraceEnabled>
            <traceCategory isNull="true" />
            <traceLevel isNull="true" />
            <traceMessage isNull="true" />
            <traceSymbolTable isNull="true" />
            <isExecutionContextTraced>false</isExecutionContextTraced>
            <saveExecutionContext>true</saveExecutionContext>
            <documentation isNull="true" />
            <isErrorHandlerEnabled>false</isErrorHandlerEnabled>
            <errorHandlerItemId isNull="true" />
            <guid>guid:5a54f1704f1c1577:-6b56085f:12370558356:-7fa2</guid>
            <versionId>c1e1d666-520e-4e0a-b784-bd0f03f3c7a8</versionId>
            <layoutData x="700" y="100">
                <errorLink>
                    <controlPoints />
                    <showEndState>false</showEndState>
                    <showName>false</showName>
                </errorLink>
            </layoutData>
            <TWComponent>
                <lastModified isNull="true" />
                <lastModifiedBy isNull="true" />
                <exitPointId>3008.1d493255-fc2f-4611-91c1-cbed2e31da09</exitPointId>
                <haltProcess>false</haltProcess>
                <guid>guid:5a54f1704f1c1577:-6b56085f:12370558356:-7fa1</guid>
                <versionId>85e29771-7bab-4956-8910-5e83d9aaaa6b</versionId>
            </TWComponent>
        </item>
        <item>
            <lastModified isNull="true" />
            <lastModifiedBy isNull="true" />
            <processItemId>2025.5c795741-fdac-4aac-9376-110319538292</processItemId>
            <processId>1.7d03c736-e572-4622-b7f8-67105a55af6d</processId>
            <name>Extract Selected Conditional Activities</name>
            <tWComponentName>Script</tWComponentName>
            <tWComponentId>3011.2019f716-fd31-42b4-bc74-2ce294cdb8ac</tWComponentId>
            <isLogEnabled>false</isLogEnabled>
            <isTraceEnabled>false</isTraceEnabled>
            <traceCategory isNull="true" />
            <traceLevel isNull="true" />
            <traceMessage isNull="true" />
            <traceSymbolTable isNull="true" />
            <isExecutionContextTraced>false</isExecutionContextTraced>
            <saveExecutionContext>false</saveExecutionContext>
            <documentation isNull="true" />
            <isErrorHandlerEnabled>false</isErrorHandlerEnabled>
            <errorHandlerItemId isNull="true" />
            <guid>guid:5a54f1704f1c1577:-6b56085f:12370558356:-7f8a</guid>
            <versionId>d16c24b2-4f0e-4695-9e66-415a1846701e</versionId>
            <layoutData x="524" y="86">
                <errorLink>
                    <controlPoints />
                    <showEndState>false</showEndState>
                    <showName>false</showName>
                </errorLink>
            </layoutData>
            <TWComponent>
                <lastModified isNull="true" />
                <lastModifiedBy isNull="true" />
                <scriptId>3011.2019f716-fd31-42b4-bc74-2ce294cdb8ac</scriptId>
                <scriptTypeId>2</scriptTypeId>
                <isActive>true</isActive>
                <script>tw.local.selectedConditionalActivities = new tw.object.listOf.String();
if(tw.local.results != null &amp;&amp; tw.local.results.listLength &gt; 0) {
  var result = tw.local.results[0];
  for(var i = 0; i &lt; result.rows.listLength; i++) {
    var row = result.rows[i];
    tw.local.selectedConditionalActivities[i] = row.data[0]; // ca_guid
  }
}
</script>
                <isRule>false</isRule>
                <guid>guid:5a54f1704f1c1577:-6b56085f:12370558356:-7f8b</guid>
                <versionId>3e186e71-f3b9-443b-b59c-67fdf552e29e</versionId>
            </TWComponent>
        </item>
        <startingProcessItemId>2025.baf5ff3a-8c1b-4f5b-ad00-c3b6e558a9eb</startingProcessItemId>
        <errorHandlerItemId isNull="true" />
        <layoutData noConversion="true">
            <errorLink>
                <controlPoints />
                <showEndState>false</showEndState>
                <showName>false</showName>
            </errorLink>
        </layoutData>
        <startPoint>
            <layoutData x="20" y="100">
                <errorLink>
                    <controlPoints />
                    <showEndState>false</showEndState>
                    <showName>false</showName>
                </errorLink>
            </layoutData>
        </startPoint>
        <startLink>
            <fromPort locationId="rightCenter" portType="1" />
            <toPort locationId="leftCenter" portType="2" />
            <layoutData>
                <controlPoints />
                <showEndState>false</showEndState>
                <showName>false</showName>
            </layoutData>
        </startLink>
        <link name="Untitled">
            <lastModified isNull="true" />
            <lastModifiedBy isNull="true" />
            <processLinkId>2027.bfd2a178-8df7-4656-9629-fe944a1f3cd8</processLinkId>
            <processId>1.7d03c736-e572-4622-b7f8-67105a55af6d</processId>
            <description isNull="true" />
            <fromProcessItemId>2025.5c795741-fdac-4aac-9376-110319538292</fromProcessItemId>
            <endStateId>Out</endStateId>
            <toProcessItemId>2025.b77f48e8-941a-45ab-903d-8b7783974eb1</toProcessItemId>
            <guid>guid:5a54f1704f1c1577:-6b56085f:12370558356:-7f86</guid>
            <versionId>0eb505b9-9fec-4b85-98de-bcd55a67d4f3</versionId>
            <layoutData>
                <controlPoints />
                <showEndState>false</showEndState>
                <showName>false</showName>
            </layoutData>
            <fromItemPort locationId="rightCenter" portType="1" />
            <toItemPort locationId="leftCenter" portType="2" />
            <fromProcessItemId>2025.5c795741-fdac-4aac-9376-110319538292</fromProcessItemId>
            <toProcessItemId>2025.b77f48e8-941a-45ab-903d-8b7783974eb1</toProcessItemId>
        </link>
        <link name="Untitled">
            <lastModified isNull="true" />
            <lastModifiedBy isNull="true" />
            <processLinkId>2027.06573bec-c557-456b-8df7-9bb47fb76d5f</processLinkId>
            <processId>1.7d03c736-e572-4622-b7f8-67105a55af6d</processId>
            <description isNull="true" />
            <fromProcessItemId>2025.b7585949-ef32-4893-85da-7f7d53b57db1</fromProcessItemId>
            <endStateId>guid:d7766b7587753602:16bdf27c:11586c10093:-7fe7</endStateId>
            <toProcessItemId>2025.5c795741-fdac-4aac-9376-110319538292</toProcessItemId>
            <guid>guid:5a54f1704f1c1577:-6b56085f:12370558356:-7f87</guid>
            <versionId>6eb99724-7a78-43b0-a4e8-e0ee83d8f0e1</versionId>
            <layoutData>
                <controlPoints />
                <showEndState>false</showEndState>
                <showName>false</showName>
            </layoutData>
            <fromItemPort locationId="rightCenter" portType="1" />
            <toItemPort locationId="leftCenter" portType="2" />
            <fromProcessItemId>2025.b7585949-ef32-4893-85da-7f7d53b57db1</fromProcessItemId>
            <toProcessItemId>2025.5c795741-fdac-4aac-9376-110319538292</toProcessItemId>
        </link>
        <link name="Untitled">
            <lastModified isNull="true" />
            <lastModifiedBy isNull="true" />
            <processLinkId>2027.2c9bc1db-e72f-4ddd-830a-d1ba6ca9832a</processLinkId>
            <processId>1.7d03c736-e572-4622-b7f8-67105a55af6d</processId>
            <description isNull="true" />
            <fromProcessItemId>2025.baf5ff3a-8c1b-4f5b-ad00-c3b6e558a9eb</fromProcessItemId>
            <endStateId>Out</endStateId>
            <toProcessItemId>2025.2de22ff6-c2c4-4139-b014-f6b99ccc982f</toProcessItemId>
            <guid>guid:5a54f1704f1c1577:-6b56085f:12370558356:-7f89</guid>
            <versionId>73574ad6-ea06-4858-b69b-9853cd32e7c2</versionId>
            <layoutData>
                <controlPoints />
                <showEndState>false</showEndState>
                <showName>false</showName>
            </layoutData>
            <fromItemPort locationId="rightCenter" portType="1" />
            <toItemPort locationId="leftCenter" portType="2" />
            <fromProcessItemId>2025.baf5ff3a-8c1b-4f5b-ad00-c3b6e558a9eb</fromProcessItemId>
            <toProcessItemId>2025.2de22ff6-c2c4-4139-b014-f6b99ccc982f</toProcessItemId>
        </link>
        <link name="Untitled">
            <lastModified isNull="true" />
            <lastModifiedBy isNull="true" />
            <processLinkId>2027.fab9f82a-cf4d-4080-ab04-4106998e21d5</processLinkId>
            <processId>1.7d03c736-e572-4622-b7f8-67105a55af6d</processId>
            <description isNull="true" />
            <fromProcessItemId>2025.2de22ff6-c2c4-4139-b014-f6b99ccc982f</fromProcessItemId>
            <endStateId>Out</endStateId>
            <toProcessItemId>2025.b7585949-ef32-4893-85da-7f7d53b57db1</toProcessItemId>
            <guid>guid:5a54f1704f1c1577:-6b56085f:12370558356:-7f88</guid>
            <versionId>b78dc929-ffd2-464b-a5ff-3da0f7fbd0e2</versionId>
            <layoutData>
                <controlPoints />
                <showEndState>false</showEndState>
                <showName>false</showName>
            </layoutData>
            <fromItemPort locationId="rightCenter" portType="1" />
            <toItemPort locationId="leftCenter" portType="2" />
            <fromProcessItemId>2025.2de22ff6-c2c4-4139-b014-f6b99ccc982f</fromProcessItemId>
            <toProcessItemId>2025.b7585949-ef32-4893-85da-7f7d53b57db1</toProcessItemId>
        </link>
    </process>
</teamworks>

