<?xml version="1.0" encoding="UTF-8"?>
<teamworks>
    <process id="1.89ee1e72-5c6b-44ed-9e55-158a6cb613af" name="SQL Execute Multiple Statements">
        <lastModified>1361412273512</lastModified>
        <lastModifiedBy>Internal TW Admin user</lastModifiedBy>
        <processId>1.89ee1e72-5c6b-44ed-9e55-158a6cb613af</processId>
        <image isNull="true" />
        <tabGroup isNull="true" />
        <startingProcessItemId>2025.4c3e9cf4-c86d-405b-8f89-84c120dae4d9</startingProcessItemId>
        <isRootProcess>false</isRootProcess>
        <processType>4</processType>
        <isErrorHandlerEnabled>false</isErrorHandlerEnabled>
        <errorHandlerItemId isNull="true" />
        <isLoggingVariables>false</isLoggingVariables>
        <isTransactional>false</isTransactional>
        <processTimingLevel isNull="true" />
        <participantRef isNull="true" />
        <exposedType isNull="true" />
        <isTrackingEnabled>true</isTrackingEnabled>
        <xmlData isNull="true" />
        <cachingType>false</cachingType>
        <itemLabel isNull="true" />
        <cacheLength>43200</cacheLength>
        <mobileReady>false</mobileReady>
        <sboSyncEnabled>true</sboSyncEnabled>
        <externalId isNull="true" />
        <isSecured>false</isSecured>
        <description>Executes multiple SQL statements and returns the results based on the supplied return type.</description>
        <guid>guid:a93dd992dce2d4cc:-381cc70d:115a5e00b05:-7fde</guid>
        <versionId>37bb9f9d-d029-44d5-b980-86fc2394cbce</versionId>
        <dependencySummary isNull="true" />
        <processParameter name="sqlStatements">
            <lastModified isNull="true" />
            <lastModifiedBy isNull="true" />
            <processParameterId>2055.c023a0b3-e6e5-47a6-a920-04d6b2f8dc26</processParameterId>
            <processId>1.89ee1e72-5c6b-44ed-9e55-158a6cb613af</processId>
            <parameterType>1</parameterType>
            <isArrayOf>true</isArrayOf>
            <classId>/12.3990d8b4-983d-4250-bd06-3600f527fed0</classId>
            <seq>1</seq>
            <hasDefault>false</hasDefault>
            <defaultValue isNull="true" />
            <isLocked>false</isLocked>
            <description isNull="true" />
            <guid>guid:197d4ddc90fc5427:-1c619ffe:11def1582ed:-79b6</guid>
            <versionId>ed8f9371-2652-47d5-8f58-aea05d29015d</versionId>
        </processParameter>
        <processParameter name="returnType">
            <lastModified isNull="true" />
            <lastModifiedBy isNull="true" />
            <processParameterId>2055.628ceac6-aa42-426b-97c7-540674f12f38</processParameterId>
            <processId>1.89ee1e72-5c6b-44ed-9e55-158a6cb613af</processId>
            <parameterType>1</parameterType>
            <isArrayOf>false</isArrayOf>
            <classId>/12.db884a3c-c533-44b7-bb2d-47bec8ad4022</classId>
            <seq>2</seq>
            <hasDefault>false</hasDefault>
            <defaultValue isNull="true" />
            <isLocked>false</isLocked>
            <description isNull="true" />
            <guid>guid:197d4ddc90fc5427:-1c619ffe:11def1582ed:-79b4</guid>
            <versionId>1c8ff973-15d7-4338-aa6c-cb8614b8b5f8</versionId>
        </processParameter>
        <processParameter name="dataSourceName">
            <lastModified isNull="true" />
            <lastModifiedBy isNull="true" />
            <processParameterId>2055.c007e1f5-b9cb-4b02-bf74-bc982112aade</processParameterId>
            <processId>1.89ee1e72-5c6b-44ed-9e55-158a6cb613af</processId>
            <parameterType>1</parameterType>
            <isArrayOf>false</isArrayOf>
            <classId>/12.db884a3c-c533-44b7-bb2d-47bec8ad4022</classId>
            <seq>3</seq>
            <hasDefault>true</hasDefault>
            <defaultValue>"jdbc/TeamWorksDB"</defaultValue>
            <isLocked>false</isLocked>
            <description isNull="true" />
            <guid>guid:197d4ddc90fc5427:-1c619ffe:11def1582ed:-79b2</guid>
            <versionId>3d423208-b066-4a0e-9b92-99a9a04d66f2</versionId>
        </processParameter>
        <processParameter name="results">
            <lastModified isNull="true" />
            <lastModifiedBy isNull="true" />
            <processParameterId>2055.24961b69-3b9b-4311-8707-6b6dfffaf207</processParameterId>
            <processId>1.89ee1e72-5c6b-44ed-9e55-158a6cb613af</processId>
            <parameterType>2</parameterType>
            <isArrayOf>false</isArrayOf>
            <classId>/12.c09c9b6e-aabd-4897-bef2-ed61db106297</classId>
            <seq>4</seq>
            <hasDefault>false</hasDefault>
            <defaultValue isNull="true" />
            <isLocked>false</isLocked>
            <description isNull="true" />
            <guid>guid:197d4ddc90fc5427:-1c619ffe:11def1582ed:-79b0</guid>
            <versionId>81399988-fc69-4bd6-84f0-cd8eb5a34cae</versionId>
        </processParameter>
        <item>
            <lastModified isNull="true" />
            <lastModifiedBy isNull="true" />
            <processItemId>2025.8bd12b34-7fe0-4ce6-84e7-15a481bb06da</processItemId>
            <processId>1.89ee1e72-5c6b-44ed-9e55-158a6cb613af</processId>
            <name>End</name>
            <tWComponentName>ExitPoint</tWComponentName>
            <tWComponentId>3008.9fb66194-70c1-4927-9432-1aef20a1b0e3</tWComponentId>
            <isLogEnabled>false</isLogEnabled>
            <isTraceEnabled>false</isTraceEnabled>
            <traceCategory isNull="true" />
            <traceLevel isNull="true" />
            <traceMessage isNull="true" />
            <traceSymbolTable isNull="true" />
            <isExecutionContextTraced>false</isExecutionContextTraced>
            <saveExecutionContext>true</saveExecutionContext>
            <documentation isNull="true" />
            <isErrorHandlerEnabled>false</isErrorHandlerEnabled>
            <errorHandlerItemId isNull="true" />
            <guid>guid:a93dd992dce2d4cc:-381cc70d:115a5e00b05:-7fdb</guid>
            <versionId>c6047414-ce10-4e09-92e5-7f2b482740ab</versionId>
            <layoutData x="289" y="100">
                <errorLink>
                    <controlPoints />
                    <showEndState>false</showEndState>
                    <showName>false</showName>
                </errorLink>
            </layoutData>
            <TWComponent>
                <lastModified isNull="true" />
                <lastModifiedBy isNull="true" />
                <exitPointId>3008.9fb66194-70c1-4927-9432-1aef20a1b0e3</exitPointId>
                <haltProcess>false</haltProcess>
                <guid>guid:197d4ddc90fc5427:-1c619ffe:11def1582ed:-79ac</guid>
                <versionId>8602b949-91bb-47a2-90a1-9bfaf5da98a6</versionId>
            </TWComponent>
        </item>
        <item>
            <lastModified isNull="true" />
            <lastModifiedBy isNull="true" />
            <processItemId>2025.4c3e9cf4-c86d-405b-8f89-84c120dae4d9</processItemId>
            <processId>1.89ee1e72-5c6b-44ed-9e55-158a6cb613af</processId>
            <name>Execute Statements</name>
            <tWComponentName>JavaConnector</tWComponentName>
            <tWComponentId>3022.94a69521-9828-4403-b6f0-ccb8900f82fe</tWComponentId>
            <isLogEnabled>false</isLogEnabled>
            <isTraceEnabled>false</isTraceEnabled>
            <traceCategory isNull="true" />
            <traceLevel isNull="true" />
            <traceMessage isNull="true" />
            <traceSymbolTable isNull="true" />
            <isExecutionContextTraced>false</isExecutionContextTraced>
            <saveExecutionContext>false</saveExecutionContext>
            <documentation isNull="true" />
            <isErrorHandlerEnabled>false</isErrorHandlerEnabled>
            <errorHandlerItemId isNull="true" />
            <guid>guid:12be50909032b80c:18f81ea7:11f41c537ad:-7a57</guid>
            <versionId>da6dd6dd-0d54-4a63-87a8-960ed215aeff</versionId>
            <layoutData x="145" y="85">
                <errorLink>
                    <controlPoints />
                    <showEndState>false</showEndState>
                    <showName>false</showName>
                </errorLink>
            </layoutData>
            <TWComponent>
                <lastModified isNull="true" />
                <lastModifiedBy isNull="true" />
                <javaConnectorId>3022.94a69521-9828-4403-b6f0-ccb8900f82fe</javaConnectorId>
                <definition>&lt;connector&gt;
  &lt;javaClassName&gt;teamworks.SQLConnector&lt;/javaClassName&gt;
  &lt;methodName&gt;executeMultiple&lt;/methodName&gt;
  &lt;inputRecord&gt;
    &lt;element type="teamworks.TWList" nativeType="teamworks.TWList" parameter="Parameter 0" argument="tw.local.sqlStatements" description="SQL Statements (list of SQLStatement)" /&gt;
    &lt;element type="java.lang.String" nativeType="java.lang.String" parameter="Parameter 1" argument="tw.local.dataSourceName" description="JNDI DataSource Name" /&gt;
    &lt;element type="java.lang.String" nativeType="java.lang.String" parameter="Parameter 2" argument="tw.local.returnType" description="Return Type (SQLResult, XMLElement, Record, or complex type name)" /&gt;
  &lt;/inputRecord&gt;
  &lt;outputRecord&gt;
    &lt;element type="java.lang.Object" nativeType="java.lang.Object" parameter="Return Value" argument="tw.local.results" description="" /&gt;
  &lt;/outputRecord&gt;
&lt;/connector&gt;</definition>
                <guid>guid:12be50909032b80c:18f81ea7:11f41c537ad:-7a58</guid>
                <versionId>a4e0cdd1-5f4a-4695-b354-a910296af6db</versionId>
            </TWComponent>
        </item>
        <startingProcessItemId>2025.4c3e9cf4-c86d-405b-8f89-84c120dae4d9</startingProcessItemId>
        <errorHandlerItemId isNull="true" />
        <layoutData noConversion="true">
            <errorLink>
                <controlPoints />
                <showEndState>false</showEndState>
                <showName>false</showName>
            </errorLink>
        </layoutData>
        <startPoint>
            <layoutData x="20" y="100">
                <errorLink>
                    <controlPoints />
                    <showEndState>false</showEndState>
                    <showName>false</showName>
                </errorLink>
            </layoutData>
        </startPoint>
        <startLink>
            <fromPort locationId="rightCenter" portType="1" />
            <toPort locationId="leftCenter" portType="2" />
            <layoutData>
                <controlPoints />
                <showEndState>false</showEndState>
                <showName>false</showName>
            </layoutData>
        </startLink>
        <link name="Untitled">
            <lastModified isNull="true" />
            <lastModifiedBy isNull="true" />
            <processLinkId>2027.c03604c2-0afa-4f1a-b1f0-cc34e9cca7c8</processLinkId>
            <processId>1.89ee1e72-5c6b-44ed-9e55-158a6cb613af</processId>
            <description isNull="true" />
            <fromProcessItemId>2025.4c3e9cf4-c86d-405b-8f89-84c120dae4d9</fromProcessItemId>
            <endStateId>Out</endStateId>
            <toProcessItemId>2025.8bd12b34-7fe0-4ce6-84e7-15a481bb06da</toProcessItemId>
            <guid>guid:12be50909032b80c:18f81ea7:11f41c537ad:-7a2f</guid>
            <versionId>4063deba-58be-4e34-87f4-195d1e5d43ef</versionId>
            <layoutData>
                <controlPoints />
                <showEndState>false</showEndState>
                <showName>false</showName>
            </layoutData>
            <fromItemPort locationId="rightCenter" portType="1" />
            <toItemPort locationId="leftCenter" portType="2" />
            <fromProcessItemId>2025.4c3e9cf4-c86d-405b-8f89-84c120dae4d9</fromProcessItemId>
            <toProcessItemId>2025.8bd12b34-7fe0-4ce6-84e7-15a481bb06da</toProcessItemId>
        </link>
    </process>
</teamworks>

