<?xml version="1.0" encoding="UTF-8"?>
<teamworks>
    <process id="1.9139023c-2d6d-4809-becb-b10a64f45dce" name="Send email via SMTP">
        <lastModified>1361372673512</lastModified>
        <lastModifiedBy>Internal TW Admin user</lastModifiedBy>
        <processId>1.9139023c-2d6d-4809-becb-b10a64f45dce</processId>
        <image isNull="true" />
        <tabGroup isNull="true" />
        <startingProcessItemId>2025.462607ad-b573-447a-bcb1-f63632aaae58</startingProcessItemId>
        <isRootProcess>false</isRootProcess>
        <processType>4</processType>
        <isErrorHandlerEnabled>false</isErrorHandlerEnabled>
        <errorHandlerItemId isNull="true" />
        <isLoggingVariables>false</isLoggingVariables>
        <isTransactional>false</isTransactional>
        <processTimingLevel isNull="true" />
        <participantRef isNull="true" />
        <exposedType isNull="true" />
        <isTrackingEnabled>true</isTrackingEnabled>
        <xmlData isNull="true" />
        <cachingType>false</cachingType>
        <itemLabel isNull="true" />
        <cacheLength>43200</cacheLength>
        <mobileReady>false</mobileReady>
        <sboSyncEnabled>true</sboSyncEnabled>
        <externalId isNull="true" />
        <isSecured>false</isSecured>
        <description>Creates email in the client's SMTP compliant email server.</description>
        <guid>guid:6d7d6833d25d646c:143c423:11226a15f86:-7da0</guid>
        <versionId>ff67b7a8-7d56-4484-b4b8-8d3781d88930</versionId>
        <dependencySummary isNull="true" />
        <processParameter name="smtpHost">
            <lastModified isNull="true" />
            <lastModifiedBy isNull="true" />
            <processParameterId>2055.d36b25d4-f4e6-4938-bfbb-2b3fd4335d85</processParameterId>
            <processId>1.9139023c-2d6d-4809-becb-b10a64f45dce</processId>
            <parameterType>1</parameterType>
            <isArrayOf>false</isArrayOf>
            <classId>/12.db884a3c-c533-44b7-bb2d-47bec8ad4022</classId>
            <seq>1</seq>
            <hasDefault>false</hasDefault>
            <defaultValue isNull="true" />
            <isLocked>false</isLocked>
            <description>Name of SMTP mail server</description>
            <guid>guid:197d4ddc90fc5427:-1c619ffe:11def1582ed:-7af6</guid>
            <versionId>4dd86b78-74ef-40e3-9fee-1cad53cf6ac3</versionId>
        </processParameter>
        <processParameter name="to">
            <lastModified isNull="true" />
            <lastModifiedBy isNull="true" />
            <processParameterId>2055.5daf4c0c-975e-4110-90bf-2a5968903b20</processParameterId>
            <processId>1.9139023c-2d6d-4809-becb-b10a64f45dce</processId>
            <parameterType>1</parameterType>
            <isArrayOf>false</isArrayOf>
            <classId>/12.db884a3c-c533-44b7-bb2d-47bec8ad4022</classId>
            <seq>2</seq>
            <hasDefault>false</hasDefault>
            <defaultValue isNull="true" />
            <isLocked>false</isLocked>
            <description>Email address(es) of recipient(s), comma separated</description>
            <guid>guid:197d4ddc90fc5427:-1c619ffe:11def1582ed:-7af4</guid>
            <versionId>27e4ce4d-1430-4de7-88b9-67d87a7f6607</versionId>
        </processParameter>
        <processParameter name="from">
            <lastModified isNull="true" />
            <lastModifiedBy isNull="true" />
            <processParameterId>2055.3d2c8c31-083e-4668-832c-c59482ee1a19</processParameterId>
            <processId>1.9139023c-2d6d-4809-becb-b10a64f45dce</processId>
            <parameterType>1</parameterType>
            <isArrayOf>false</isArrayOf>
            <classId>/12.db884a3c-c533-44b7-bb2d-47bec8ad4022</classId>
            <seq>3</seq>
            <hasDefault>false</hasDefault>
            <defaultValue isNull="true" />
            <isLocked>false</isLocked>
            <description>Email address of sender</description>
            <guid>guid:197d4ddc90fc5427:-1c619ffe:11def1582ed:-7af2</guid>
            <versionId>7fc88375-ba87-4d15-98ef-a30cb6f5729c</versionId>
        </processParameter>
        <processParameter name="subject">
            <lastModified isNull="true" />
            <lastModifiedBy isNull="true" />
            <processParameterId>2055.5fadfc5c-39cc-4dd1-96b4-b051273d4b32</processParameterId>
            <processId>1.9139023c-2d6d-4809-becb-b10a64f45dce</processId>
            <parameterType>1</parameterType>
            <isArrayOf>false</isArrayOf>
            <classId>/12.db884a3c-c533-44b7-bb2d-47bec8ad4022</classId>
            <seq>4</seq>
            <hasDefault>false</hasDefault>
            <defaultValue isNull="true" />
            <isLocked>false</isLocked>
            <description>Subject of the email message</description>
            <guid>guid:197d4ddc90fc5427:-1c619ffe:11def1582ed:-7af0</guid>
            <versionId>1b761738-2a4a-49ed-9f7b-a366a1a6ae38</versionId>
        </processParameter>
        <processParameter name="messageText">
            <lastModified isNull="true" />
            <lastModifiedBy isNull="true" />
            <processParameterId>2055.b8da176e-8ecf-4b15-ab8f-23984776059e</processParameterId>
            <processId>1.9139023c-2d6d-4809-becb-b10a64f45dce</processId>
            <parameterType>1</parameterType>
            <isArrayOf>false</isArrayOf>
            <classId>/12.db884a3c-c533-44b7-bb2d-47bec8ad4022</classId>
            <seq>5</seq>
            <hasDefault>false</hasDefault>
            <defaultValue isNull="true" />
            <isLocked>false</isLocked>
            <description>Text to appear in the body of the email message</description>
            <guid>guid:197d4ddc90fc5427:-1c619ffe:11def1582ed:-7aee</guid>
            <versionId>c081298c-db78-45c3-8e2d-aaa9d77a6380</versionId>
        </processParameter>
        <processParameter name="contentType">
            <lastModified isNull="true" />
            <lastModifiedBy isNull="true" />
            <processParameterId>2055.9ded0b56-4df9-430a-9241-0ab36e00741c</processParameterId>
            <processId>1.9139023c-2d6d-4809-becb-b10a64f45dce</processId>
            <parameterType>1</parameterType>
            <isArrayOf>false</isArrayOf>
            <classId>/12.db884a3c-c533-44b7-bb2d-47bec8ad4022</classId>
            <seq>6</seq>
            <hasDefault>true</hasDefault>
            <defaultValue>"text/plain"</defaultValue>
            <isLocked>false</isLocked>
            <description>MIME type of the email content.

Common values include "text/plain" and "text/html"
</description>
            <guid>guid:197d4ddc90fc5427:-1c619ffe:11def1582ed:-7aec</guid>
            <versionId>8b61507e-f2a5-435b-aeef-cd5513c2acff</versionId>
        </processParameter>
        <processParameter name="replyTo">
            <lastModified isNull="true" />
            <lastModifiedBy isNull="true" />
            <processParameterId>2055.0073bba2-48c9-42b5-a581-d8dfc3f37dc1</processParameterId>
            <processId>1.9139023c-2d6d-4809-becb-b10a64f45dce</processId>
            <parameterType>1</parameterType>
            <isArrayOf>false</isArrayOf>
            <classId>/12.db884a3c-c533-44b7-bb2d-47bec8ad4022</classId>
            <seq>7</seq>
            <hasDefault>true</hasDefault>
            <defaultValue>null</defaultValue>
            <isLocked>false</isLocked>
            <description>Email address to specify an alternate Email address instead of the address</description>
            <guid>guid:197d4ddc90fc5427:-1c619ffe:11def1582ed:-7aea</guid>
            <versionId>e52cb059-00e7-4667-8ca8-6d23dbd55624</versionId>
        </processParameter>
        <processParameter name="cc">
            <lastModified isNull="true" />
            <lastModifiedBy isNull="true" />
            <processParameterId>2055.2724b942-ea01-4acf-aabc-391eb18c2770</processParameterId>
            <processId>1.9139023c-2d6d-4809-becb-b10a64f45dce</processId>
            <parameterType>1</parameterType>
            <isArrayOf>false</isArrayOf>
            <classId>/12.db884a3c-c533-44b7-bb2d-47bec8ad4022</classId>
            <seq>8</seq>
            <hasDefault>true</hasDefault>
            <defaultValue>null</defaultValue>
            <isLocked>false</isLocked>
            <description>Email address(es) of other recipients, comma separated</description>
            <guid>guid:197d4ddc90fc5427:-1c619ffe:11def1582ed:-7ae8</guid>
            <versionId>d53d64d7-4c3c-4251-b518-ea1c48f3ea65</versionId>
        </processParameter>
        <processParameter name="bcc">
            <lastModified isNull="true" />
            <lastModifiedBy isNull="true" />
            <processParameterId>2055.c899c0dd-0733-4c1f-8fb1-3bfc234ba5e4</processParameterId>
            <processId>1.9139023c-2d6d-4809-becb-b10a64f45dce</processId>
            <parameterType>1</parameterType>
            <isArrayOf>false</isArrayOf>
            <classId>/12.db884a3c-c533-44b7-bb2d-47bec8ad4022</classId>
            <seq>9</seq>
            <hasDefault>true</hasDefault>
            <defaultValue>null</defaultValue>
            <isLocked>false</isLocked>
            <description>Blind email address(es) of other recipients, comma separated </description>
            <guid>guid:197d4ddc90fc5427:-1c619ffe:11def1582ed:-7ae6</guid>
            <versionId>2afd63b3-b7bb-4d00-ac08-de8516596a03</versionId>
        </processParameter>
        <processParameter name="importance">
            <lastModified isNull="true" />
            <lastModifiedBy isNull="true" />
            <processParameterId>2055.cfd54346-7a28-4a4e-88bd-e79e63c28c08</processParameterId>
            <processId>1.9139023c-2d6d-4809-becb-b10a64f45dce</processId>
            <parameterType>1</parameterType>
            <isArrayOf>false</isArrayOf>
            <classId>/12.db884a3c-c533-44b7-bb2d-47bec8ad4022</classId>
            <seq>10</seq>
            <hasDefault>true</hasDefault>
            <defaultValue>null</defaultValue>
            <isLocked>false</isLocked>
            <description isNull="true" />
            <guid>guid:197d4ddc90fc5427:-1c619ffe:11def1582ed:-7ae4</guid>
            <versionId>ea6b350c-63a1-413e-be58-c349c554d54f</versionId>
        </processParameter>
        <processParameter name="attachmentFileNames">
            <lastModified isNull="true" />
            <lastModifiedBy isNull="true" />
            <processParameterId>2055.65d24aa0-b699-4d77-bb5a-49c91876a45f</processParameterId>
            <processId>1.9139023c-2d6d-4809-becb-b10a64f45dce</processId>
            <parameterType>1</parameterType>
            <isArrayOf>false</isArrayOf>
            <classId>/12.db884a3c-c533-44b7-bb2d-47bec8ad4022</classId>
            <seq>11</seq>
            <hasDefault>true</hasDefault>
            <defaultValue>null</defaultValue>
            <isLocked>false</isLocked>
            <description>File names to be attached to email, comma separated</description>
            <guid>guid:197d4ddc90fc5427:-1c619ffe:11def1582ed:-7ae2</guid>
            <versionId>9ccfee67-4fab-474b-9fc1-feb80a085829</versionId>
        </processParameter>
        <item>
            <lastModified isNull="true" />
            <lastModifiedBy isNull="true" />
            <processItemId>2025.b7a2a420-e91a-46fc-8808-b539b7b98ebb</processItemId>
            <processId>1.9139023c-2d6d-4809-becb-b10a64f45dce</processId>
            <name>End</name>
            <tWComponentName>ExitPoint</tWComponentName>
            <tWComponentId>3008.c26da24e-883f-424f-98a2-2f51c5cceb07</tWComponentId>
            <isLogEnabled>false</isLogEnabled>
            <isTraceEnabled>false</isTraceEnabled>
            <traceCategory isNull="true" />
            <traceLevel isNull="true" />
            <traceMessage isNull="true" />
            <traceSymbolTable isNull="true" />
            <isExecutionContextTraced>false</isExecutionContextTraced>
            <saveExecutionContext>true</saveExecutionContext>
            <documentation isNull="true" />
            <isErrorHandlerEnabled>false</isErrorHandlerEnabled>
            <errorHandlerItemId isNull="true" />
            <guid>guid:6d7d6833d25d646c:143c423:11226a15f86:-7d9f</guid>
            <versionId>1b01758b-8d5d-4b36-83ba-a6d51cda4004</versionId>
            <layoutData x="306" y="100">
                <errorLink>
                    <controlPoints />
                    <showEndState>false</showEndState>
                    <showName>false</showName>
                </errorLink>
            </layoutData>
            <TWComponent>
                <lastModified isNull="true" />
                <lastModifiedBy isNull="true" />
                <exitPointId>3008.c26da24e-883f-424f-98a2-2f51c5cceb07</exitPointId>
                <haltProcess>false</haltProcess>
                <guid>guid:197d4ddc90fc5427:-1c619ffe:11def1582ed:-7ade</guid>
                <versionId>9f38e491-da02-4ad2-a431-fa0136d61d9d</versionId>
            </TWComponent>
        </item>
        <item>
            <lastModified isNull="true" />
            <lastModifiedBy isNull="true" />
            <processItemId>2025.462607ad-b573-447a-bcb1-f63632aaae58</processItemId>
            <processId>1.9139023c-2d6d-4809-becb-b10a64f45dce</processId>
            <name>Send Mail</name>
            <tWComponentName>JavaConnector</tWComponentName>
            <tWComponentId>3022.052dd70c-bb87-4d74-b919-cf3eac94ca04</tWComponentId>
            <isLogEnabled>false</isLogEnabled>
            <isTraceEnabled>false</isTraceEnabled>
            <traceCategory isNull="true" />
            <traceLevel isNull="true" />
            <traceMessage isNull="true" />
            <traceSymbolTable isNull="true" />
            <isExecutionContextTraced>false</isExecutionContextTraced>
            <saveExecutionContext>false</saveExecutionContext>
            <documentation isNull="true" />
            <isErrorHandlerEnabled>false</isErrorHandlerEnabled>
            <errorHandlerItemId isNull="true" />
            <guid>guid:12be50909032b80c:259c1e88:11f3dbc44be:-7f9d</guid>
            <versionId>ae232ffc-d844-4fef-b47b-2f112240a207</versionId>
            <layoutData x="151" y="85">
                <errorLink>
                    <controlPoints />
                    <showEndState>false</showEndState>
                    <showName>false</showName>
                </errorLink>
            </layoutData>
            <TWComponent>
                <lastModified isNull="true" />
                <lastModifiedBy isNull="true" />
                <javaConnectorId>3022.052dd70c-bb87-4d74-b919-cf3eac94ca04</javaConnectorId>
                <definition>&lt;connector&gt;
  &lt;javaClassName&gt;teamworks.Mail&lt;/javaClassName&gt;
  &lt;methodName&gt;sendMessage&lt;/methodName&gt;
  &lt;inputRecord&gt;
    &lt;element type="java.lang.String" nativeType="java.lang.String" parameter="Parameter 0" argument="tw.local.smtpHost" description="*SMTP Server (IP Address or hostname)" /&gt;
    &lt;element type="java.lang.String" nativeType="java.lang.String" parameter="Parameter 1" argument="tw.local.to" description="*To" /&gt;
    &lt;element type="java.lang.String" nativeType="java.lang.String" parameter="Parameter 2" argument="tw.local.from" description="*From" /&gt;
    &lt;element type="java.lang.String" nativeType="java.lang.String" parameter="Parameter 3" argument="tw.local.replyTo" description="Reply To" /&gt;
    &lt;element type="java.lang.String" nativeType="java.lang.String" parameter="Parameter 4" argument="tw.local.cc" description="Cc" /&gt;
    &lt;element type="java.lang.String" nativeType="java.lang.String" parameter="Parameter 5" argument="tw.local.bcc" description="Bcc" /&gt;
    &lt;element type="java.lang.String" nativeType="java.lang.String" parameter="Parameter 6" argument="tw.local.subject" description="*Subject" /&gt;
    &lt;element type="java.lang.String" nativeType="java.lang.String" parameter="Parameter 7" argument="tw.local.contentType" description="*Content MIME Type (text/plain or text/html)" /&gt;
    &lt;element type="java.lang.String" nativeType="java.lang.String" parameter="Parameter 8" argument="tw.local.messageText" description="*Body" /&gt;
    &lt;element type="java.lang.String" nativeType="java.lang.String" parameter="Parameter 9" argument="tw.local.importance" description="Importance (high, normal, low)" /&gt;
    &lt;element type="java.lang.String" nativeType="java.lang.String" parameter="Parameter 10" argument="tw.local.attachmentFileNames" description="Attachment File Names" /&gt;
  &lt;/inputRecord&gt;
  &lt;outputRecord&gt;
    &lt;element type="java.lang.Void" nativeType="void" parameter="Return Value" argument="" description="" /&gt;
  &lt;/outputRecord&gt;
&lt;/connector&gt;</definition>
                <guid>guid:12be50909032b80c:259c1e88:11f3dbc44be:-7f9e</guid>
                <versionId>7e0dd098-1d94-45a7-accf-bf56b229c94a</versionId>
            </TWComponent>
        </item>
        <startingProcessItemId>2025.462607ad-b573-447a-bcb1-f63632aaae58</startingProcessItemId>
        <errorHandlerItemId isNull="true" />
        <layoutData noConversion="true">
            <errorLink>
                <controlPoints />
                <showEndState>false</showEndState>
                <showName>false</showName>
            </errorLink>
        </layoutData>
        <startPoint>
            <layoutData x="20" y="100">
                <errorLink>
                    <controlPoints />
                    <showEndState>false</showEndState>
                    <showName>false</showName>
                </errorLink>
            </layoutData>
        </startPoint>
        <startLink>
            <fromPort locationId="rightCenter" portType="1" />
            <toPort locationId="leftCenter" portType="2" />
            <layoutData>
                <controlPoints />
                <showEndState>false</showEndState>
                <showName>false</showName>
            </layoutData>
        </startLink>
        <link name="Untitled">
            <lastModified isNull="true" />
            <lastModifiedBy isNull="true" />
            <processLinkId>2027.58fbbeed-b8b5-4498-a546-6f6cd1f53a34</processLinkId>
            <processId>1.9139023c-2d6d-4809-becb-b10a64f45dce</processId>
            <description isNull="true" />
            <fromProcessItemId>2025.462607ad-b573-447a-bcb1-f63632aaae58</fromProcessItemId>
            <endStateId>Out</endStateId>
            <toProcessItemId>2025.b7a2a420-e91a-46fc-8808-b539b7b98ebb</toProcessItemId>
            <guid>guid:12be50909032b80c:259c1e88:11f3dbc44be:-7f6b</guid>
            <versionId>b3791147-d0eb-4eab-a042-a885c74f9142</versionId>
            <layoutData>
                <controlPoints />
                <showEndState>false</showEndState>
                <showName>false</showName>
            </layoutData>
            <fromItemPort locationId="rightCenter" portType="1" />
            <toItemPort locationId="leftCenter" portType="2" />
            <fromProcessItemId>2025.462607ad-b573-447a-bcb1-f63632aaae58</fromProcessItemId>
            <toProcessItemId>2025.b7a2a420-e91a-46fc-8808-b539b7b98ebb</toProcessItemId>
        </link>
    </process>
</teamworks>

