<?xml version="1.0" encoding="UTF-8"?>
<teamworks>
    <process id="1.979b992d-0cfe-41be-b6d4-30e4ea9a47e2" name="Validate XML String">
        <lastModified>1361372673512</lastModified>
        <lastModifiedBy>Internal TW Admin user</lastModifiedBy>
        <processId>1.979b992d-0cfe-41be-b6d4-30e4ea9a47e2</processId>
        <image isNull="true" />
        <tabGroup isNull="true" />
        <startingProcessItemId>2025.254bbb4c-d454-44cc-9d07-99abba710c95</startingProcessItemId>
        <isRootProcess>false</isRootProcess>
        <processType>4</processType>
        <isErrorHandlerEnabled>false</isErrorHandlerEnabled>
        <errorHandlerItemId isNull="true" />
        <isLoggingVariables>false</isLoggingVariables>
        <isTransactional>false</isTransactional>
        <processTimingLevel isNull="true" />
        <participantRef isNull="true" />
        <exposedType isNull="true" />
        <isTrackingEnabled>true</isTrackingEnabled>
        <xmlData isNull="true" />
        <cachingType>false</cachingType>
        <itemLabel isNull="true" />
        <cacheLength>43200</cacheLength>
        <mobileReady>false</mobileReady>
        <sboSyncEnabled>true</sboSyncEnabled>
        <externalId isNull="true" />
        <isSecured>false</isSecured>
        <description>Validates XML from an input string</description>
        <guid>guid:12be50909032b80c:18f81ea7:11f41c537ad:-5e89</guid>
        <versionId>b477241f-a115-4ddc-9ca0-97afd7fea8a5</versionId>
        <dependencySummary isNull="true" />
        <processParameter name="xml">
            <lastModified isNull="true" />
            <lastModifiedBy isNull="true" />
            <processParameterId>2055.3b2b9fa0-27e2-4ccb-ad31-61079514d81a</processParameterId>
            <processId>1.979b992d-0cfe-41be-b6d4-30e4ea9a47e2</processId>
            <parameterType>1</parameterType>
            <isArrayOf>false</isArrayOf>
            <classId>/12.db884a3c-c533-44b7-bb2d-47bec8ad4022</classId>
            <seq>1</seq>
            <hasDefault>false</hasDefault>
            <defaultValue isNull="true" />
            <isLocked>false</isLocked>
            <description>XML to validate</description>
            <guid>guid:12be50909032b80c:18f81ea7:11f41c537ad:-5e5a</guid>
            <versionId>47cea1aa-c90d-4c01-9668-c3c2e818fa17</versionId>
        </processParameter>
        <processParameter name="isValid">
            <lastModified isNull="true" />
            <lastModifiedBy isNull="true" />
            <processParameterId>2055.1a5d154f-9aa4-47ed-bbd0-cf61197a8d9f</processParameterId>
            <processId>1.979b992d-0cfe-41be-b6d4-30e4ea9a47e2</processId>
            <parameterType>2</parameterType>
            <isArrayOf>false</isArrayOf>
            <classId>/12.83ff975e-8dbc-42e5-b738-fa8bc08274a2</classId>
            <seq>2</seq>
            <hasDefault>false</hasDefault>
            <defaultValue isNull="true" />
            <isLocked>false</isLocked>
            <description isNull="true" />
            <guid>guid:12be50909032b80c:18f81ea7:11f41c537ad:-5e4d</guid>
            <versionId>eb3b6d9b-92ab-460e-b63c-e632b1d06ca3</versionId>
        </processParameter>
        <processParameter name="errorMessage">
            <lastModified isNull="true" />
            <lastModifiedBy isNull="true" />
            <processParameterId>2055.9ea8f08d-a2cf-4f21-8690-7f603a8c02b4</processParameterId>
            <processId>1.979b992d-0cfe-41be-b6d4-30e4ea9a47e2</processId>
            <parameterType>2</parameterType>
            <isArrayOf>false</isArrayOf>
            <classId>/12.db884a3c-c533-44b7-bb2d-47bec8ad4022</classId>
            <seq>3</seq>
            <hasDefault>false</hasDefault>
            <defaultValue isNull="true" />
            <isLocked>false</isLocked>
            <description isNull="true" />
            <guid>guid:12be50909032b80c:18f81ea7:11f41c537ad:-5e3f</guid>
            <versionId>6002b463-808f-46fb-a4c5-a367e536b053</versionId>
        </processParameter>
        <processVariable name="results">
            <lastModified isNull="true" />
            <lastModifiedBy isNull="true" />
            <processVariableId>2056.9730655a-6eda-4fcf-ad38-ecf688c06d36</processVariableId>
            <description isNull="true" />
            <processId>1.979b992d-0cfe-41be-b6d4-30e4ea9a47e2</processId>
            <namespace>2</namespace>
            <seq>1</seq>
            <isArrayOf>false</isArrayOf>
            <classId>/12.90c5b1d3-3fa1-4b3b-ab27-220b0652dc55</classId>
            <hasDefault>false</hasDefault>
            <defaultValue isNull="true" />
            <guid>guid:12be50909032b80c:18f81ea7:11f41c537ad:-5e1b</guid>
            <versionId>02bff9cd-29b9-4aa4-8c3f-34d775a99a06</versionId>
        </processVariable>
        <item>
            <lastModified isNull="true" />
            <lastModifiedBy isNull="true" />
            <processItemId>2025.fdcd960e-7553-492b-8afd-8625ad55cfdf</processItemId>
            <processId>1.979b992d-0cfe-41be-b6d4-30e4ea9a47e2</processId>
            <name>Extract XML Validation Results</name>
            <tWComponentName>SubProcess</tWComponentName>
            <tWComponentId>3012.7c833e2c-3f69-4799-8761-1123f3e60d94</tWComponentId>
            <isLogEnabled>false</isLogEnabled>
            <isTraceEnabled>false</isTraceEnabled>
            <traceCategory isNull="true" />
            <traceLevel isNull="true" />
            <traceMessage isNull="true" />
            <traceSymbolTable isNull="true" />
            <isExecutionContextTraced>false</isExecutionContextTraced>
            <saveExecutionContext>false</saveExecutionContext>
            <documentation isNull="true" />
            <isErrorHandlerEnabled>false</isErrorHandlerEnabled>
            <errorHandlerItemId isNull="true" />
            <guid>guid:12be50909032b80c:18f81ea7:11f41c537ad:-5cc3</guid>
            <versionId>24bedbab-7279-4bb4-8dcb-325453cce208</versionId>
            <layoutData x="280" y="85">
                <errorLink>
                    <controlPoints />
                    <showEndState>false</showEndState>
                    <showName>false</showName>
                </errorLink>
            </layoutData>
            <TWComponent>
                <lastModified isNull="true" />
                <lastModifiedBy isNull="true" />
                <subProcessId>3012.7c833e2c-3f69-4799-8761-1123f3e60d94</subProcessId>
                <attachedProcessRef>/1.10bc573c-8696-4342-b22b-73f01ecacaf6</attachedProcessRef>
                <guid>guid:12be50909032b80c:18f81ea7:11f41c537ad:-5cc2</guid>
                <versionId>01c1cdc5-d3b3-4a92-a7bc-04f4071257b2</versionId>
                <parameterMapping name="results">
                    <lastModified isNull="true" />
                    <lastModifiedBy isNull="true" />
                    <parameterMappingId>2054.b49b0e86-2cf6-49aa-a0f4-071834832778</parameterMappingId>
                    <processParameterId>2055.70bf4cef-a511-41ae-b6ad-2142118c11c8</processParameterId>
                    <parameterMappingParentId>3012.7c833e2c-3f69-4799-8761-1123f3e60d94</parameterMappingParentId>
                    <useDefault>false</useDefault>
                    <value>tw.local.results</value>
                    <classRef>/12.90c5b1d3-3fa1-4b3b-ab27-220b0652dc55</classRef>
                    <isList>false</isList>
                    <isInput>true</isInput>
                    <guid>guid:12be50909032b80c:18f81ea7:11f41c537ad:-5ca7</guid>
                    <versionId>be41cffe-bc08-4aaf-9c49-98831c9c0269</versionId>
                    <description isNull="true" />
                </parameterMapping>
                <parameterMapping name="errorMessage">
                    <lastModified isNull="true" />
                    <lastModifiedBy isNull="true" />
                    <parameterMappingId>2054.d230e9e4-bbb6-4ecc-91e3-6c475b2b4d74</parameterMappingId>
                    <processParameterId>2055.5bf2c6e3-3908-4ae5-a55c-cb682e990c47</processParameterId>
                    <parameterMappingParentId>3012.7c833e2c-3f69-4799-8761-1123f3e60d94</parameterMappingParentId>
                    <useDefault>false</useDefault>
                    <value>tw.local.errorMessage</value>
                    <classRef>/12.db884a3c-c533-44b7-bb2d-47bec8ad4022</classRef>
                    <isList>false</isList>
                    <isInput>false</isInput>
                    <guid>guid:12be50909032b80c:18f81ea7:11f41c537ad:-5ca5</guid>
                    <versionId>c1f0ca1e-5e5c-42df-8000-2b10573e887b</versionId>
                    <description isNull="true" />
                </parameterMapping>
                <parameterMapping name="isValid">
                    <lastModified isNull="true" />
                    <lastModifiedBy isNull="true" />
                    <parameterMappingId>2054.472ccba4-7fdf-40a8-9593-c07b28abb232</parameterMappingId>
                    <processParameterId>2055.a4f8e847-12e0-468f-a18d-0a80cabc7f8a</processParameterId>
                    <parameterMappingParentId>3012.7c833e2c-3f69-4799-8761-1123f3e60d94</parameterMappingParentId>
                    <useDefault>false</useDefault>
                    <value>tw.local.isValid</value>
                    <classRef>/12.83ff975e-8dbc-42e5-b738-fa8bc08274a2</classRef>
                    <isList>false</isList>
                    <isInput>false</isInput>
                    <guid>guid:12be50909032b80c:18f81ea7:11f41c537ad:-5ca6</guid>
                    <versionId>e76009e6-0df0-4360-8b26-47149704f12e</versionId>
                    <description isNull="true" />
                </parameterMapping>
            </TWComponent>
        </item>
        <item>
            <lastModified isNull="true" />
            <lastModifiedBy isNull="true" />
            <processItemId>2025.0e632b0a-f0d5-436b-b1e4-9e4e42bec9c4</processItemId>
            <processId>1.979b992d-0cfe-41be-b6d4-30e4ea9a47e2</processId>
            <name>End</name>
            <tWComponentName>ExitPoint</tWComponentName>
            <tWComponentId>3008.7dfebb6a-321d-4e82-8367-46a1b32b7322</tWComponentId>
            <isLogEnabled>false</isLogEnabled>
            <isTraceEnabled>false</isTraceEnabled>
            <traceCategory isNull="true" />
            <traceLevel isNull="true" />
            <traceMessage isNull="true" />
            <traceSymbolTable isNull="true" />
            <isExecutionContextTraced>false</isExecutionContextTraced>
            <saveExecutionContext>true</saveExecutionContext>
            <documentation isNull="true" />
            <isErrorHandlerEnabled>false</isErrorHandlerEnabled>
            <errorHandlerItemId isNull="true" />
            <guid>guid:12be50909032b80c:18f81ea7:11f41c537ad:-5e87</guid>
            <versionId>ab98d22f-ae47-4add-898a-2717b59deb43</versionId>
            <layoutData x="421" y="100">
                <errorLink>
                    <controlPoints />
                    <showEndState>false</showEndState>
                    <showName>false</showName>
                </errorLink>
            </layoutData>
            <TWComponent>
                <lastModified isNull="true" />
                <lastModifiedBy isNull="true" />
                <exitPointId>3008.7dfebb6a-321d-4e82-8367-46a1b32b7322</exitPointId>
                <haltProcess>false</haltProcess>
                <guid>guid:12be50909032b80c:18f81ea7:11f41c537ad:-5e86</guid>
                <versionId>94543946-15c5-44f5-8ef2-7daacbb5e7f4</versionId>
            </TWComponent>
        </item>
        <item>
            <lastModified isNull="true" />
            <lastModifiedBy isNull="true" />
            <processItemId>2025.254bbb4c-d454-44cc-9d07-99abba710c95</processItemId>
            <processId>1.979b992d-0cfe-41be-b6d4-30e4ea9a47e2</processId>
            <name>Validate XML</name>
            <tWComponentName>JavaConnector</tWComponentName>
            <tWComponentId>3022.87ce7134-1b68-4a1f-a8ad-5cb971505422</tWComponentId>
            <isLogEnabled>false</isLogEnabled>
            <isTraceEnabled>false</isTraceEnabled>
            <traceCategory isNull="true" />
            <traceLevel isNull="true" />
            <traceMessage isNull="true" />
            <traceSymbolTable isNull="true" />
            <isExecutionContextTraced>false</isExecutionContextTraced>
            <saveExecutionContext>false</saveExecutionContext>
            <documentation isNull="true" />
            <isErrorHandlerEnabled>false</isErrorHandlerEnabled>
            <errorHandlerItemId isNull="true" />
            <guid>guid:12be50909032b80c:18f81ea7:11f41c537ad:-5e61</guid>
            <versionId>e0d5a1cd-6a6c-4209-b3fa-5fc1b0279f03</versionId>
            <layoutData x="134" y="85">
                <errorLink>
                    <controlPoints />
                    <showEndState>false</showEndState>
                    <showName>false</showName>
                </errorLink>
            </layoutData>
            <TWComponent>
                <lastModified isNull="true" />
                <lastModifiedBy isNull="true" />
                <javaConnectorId>3022.87ce7134-1b68-4a1f-a8ad-5cb971505422</javaConnectorId>
                <definition>&lt;connector&gt;
  &lt;javaClassName&gt;teamworks.SimpleXMLValidator&lt;/javaClassName&gt;
  &lt;methodName&gt;validate&lt;/methodName&gt;
  &lt;inputRecord&gt;
    &lt;element type="java.lang.String" nativeType="java.lang.String" parameter="Parameter 0" argument="tw.local.xml" description="*XML" /&gt;
  &lt;/inputRecord&gt;
  &lt;outputRecord&gt;
    &lt;element type="java.util.HashMap" nativeType="java.util.HashMap" parameter="Return Value" argument="tw.local.results" description="" /&gt;
  &lt;/outputRecord&gt;
&lt;/connector&gt;</definition>
                <guid>guid:12be50909032b80c:18f81ea7:11f41c537ad:-5e62</guid>
                <versionId>82b37a92-9fa5-4e0e-a565-e35a4ac39ce7</versionId>
            </TWComponent>
        </item>
        <startingProcessItemId>2025.254bbb4c-d454-44cc-9d07-99abba710c95</startingProcessItemId>
        <errorHandlerItemId isNull="true" />
        <layoutData noConversion="true">
            <errorLink>
                <controlPoints />
                <showEndState>false</showEndState>
                <showName>false</showName>
            </errorLink>
        </layoutData>
        <startPoint>
            <layoutData x="20" y="100">
                <errorLink>
                    <controlPoints />
                    <showEndState>false</showEndState>
                    <showName>false</showName>
                </errorLink>
            </layoutData>
        </startPoint>
        <startLink>
            <fromPort locationId="rightCenter" portType="1" />
            <toPort locationId="leftCenter" portType="2" />
            <layoutData>
                <controlPoints />
                <showEndState>false</showEndState>
                <showName>false</showName>
            </layoutData>
        </startLink>
        <link name="Untitled">
            <lastModified isNull="true" />
            <lastModifiedBy isNull="true" />
            <processLinkId>2027.6e30599b-1ab4-4e33-9107-9a2dbec36633</processLinkId>
            <processId>1.979b992d-0cfe-41be-b6d4-30e4ea9a47e2</processId>
            <description isNull="true" />
            <fromProcessItemId>2025.fdcd960e-7553-492b-8afd-8625ad55cfdf</fromProcessItemId>
            <endStateId>guid:12be50909032b80c:18f81ea7:11f41c537ad:-5d62</endStateId>
            <toProcessItemId>2025.0e632b0a-f0d5-436b-b1e4-9e4e42bec9c4</toProcessItemId>
            <guid>guid:12be50909032b80c:18f81ea7:11f41c537ad:-5cb1</guid>
            <versionId>1b159f89-bc93-4a53-a1f5-bcaaa3110730</versionId>
            <layoutData>
                <controlPoints />
                <showEndState>false</showEndState>
                <showName>false</showName>
            </layoutData>
            <fromItemPort locationId="rightCenter" portType="1" />
            <toItemPort locationId="leftCenter" portType="2" />
            <fromProcessItemId>2025.fdcd960e-7553-492b-8afd-8625ad55cfdf</fromProcessItemId>
            <toProcessItemId>2025.0e632b0a-f0d5-436b-b1e4-9e4e42bec9c4</toProcessItemId>
        </link>
        <link name="Untitled">
            <lastModified isNull="true" />
            <lastModifiedBy isNull="true" />
            <processLinkId>2027.e01fd97e-3bf5-4f34-80dc-d3c6ba3a58c0</processLinkId>
            <processId>1.979b992d-0cfe-41be-b6d4-30e4ea9a47e2</processId>
            <description isNull="true" />
            <fromProcessItemId>2025.254bbb4c-d454-44cc-9d07-99abba710c95</fromProcessItemId>
            <endStateId>Out</endStateId>
            <toProcessItemId>2025.fdcd960e-7553-492b-8afd-8625ad55cfdf</toProcessItemId>
            <guid>guid:12be50909032b80c:18f81ea7:11f41c537ad:-5cb5</guid>
            <versionId>22d25e8d-957f-468e-8e74-17b1cf4408ba</versionId>
            <layoutData>
                <controlPoints />
                <showEndState>false</showEndState>
                <showName>false</showName>
            </layoutData>
            <fromItemPort locationId="rightCenter" portType="1" />
            <toItemPort locationId="leftCenter" portType="2" />
            <fromProcessItemId>2025.254bbb4c-d454-44cc-9d07-99abba710c95</fromProcessItemId>
            <toProcessItemId>2025.fdcd960e-7553-492b-8afd-8625ad55cfdf</toProcessItemId>
        </link>
    </process>
</teamworks>

