<?xml version="1.0" encoding="UTF-8"?>
<teamworks>
    <process id="1.a3433bd0-b0ca-4049-8edb-f20064e86696" name="SLA Send Alert Email">
        <lastModified>1361372673512</lastModified>
        <lastModifiedBy>Internal TW Admin user</lastModifiedBy>
        <processId>1.a3433bd0-b0ca-4049-8edb-f20064e86696</processId>
        <image isNull="true" />
        <tabGroup isNull="true" />
        <startingProcessItemId>2025.d2b0ce77-ead6-4b01-965e-f6d2ead0cd0d</startingProcessItemId>
        <isRootProcess>false</isRootProcess>
        <processType>4</processType>
        <isErrorHandlerEnabled>false</isErrorHandlerEnabled>
        <errorHandlerItemId isNull="true" />
        <isLoggingVariables>false</isLoggingVariables>
        <isTransactional>false</isTransactional>
        <processTimingLevel isNull="true" />
        <participantRef isNull="true" />
        <exposedType isNull="true" />
        <isTrackingEnabled>true</isTrackingEnabled>
        <xmlData isNull="true" />
        <cachingType>false</cachingType>
        <itemLabel isNull="true" />
        <cacheLength>43200</cacheLength>
        <mobileReady>false</mobileReady>
        <sboSyncEnabled>true</sboSyncEnabled>
        <externalId isNull="true" />
        <isSecured>false</isSecured>
        <description isNull="true" />
        <guid>guid:6d7d6833d25d646c:101acff:11228b8f1e8:-7f0e</guid>
        <versionId>a9162a82-dcef-4d6f-9249-06ea166bcbc0</versionId>
        <dependencySummary isNull="true" />
        <processParameter name="violationRecord">
            <lastModified isNull="true" />
            <lastModifiedBy isNull="true" />
            <processParameterId>2055.91b0e7cb-e1b5-48c8-9176-7e3980f49f18</processParameterId>
            <processId>1.a3433bd0-b0ca-4049-8edb-f20064e86696</processId>
            <parameterType>1</parameterType>
            <isArrayOf>false</isArrayOf>
            <classId>/12.859ce530-119a-499c-afdf-77446889d535</classId>
            <seq>1</seq>
            <hasDefault>false</hasDefault>
            <defaultValue isNull="true" />
            <isLocked>false</isLocked>
            <description isNull="true" />
            <guid>guid:197d4ddc90fc5427:-1c619ffe:11def1582ed:-7a70</guid>
            <versionId>8e67fae3-4e84-4937-915e-3a7d0c040573</versionId>
        </processParameter>
        <processParameter name="parameters">
            <lastModified isNull="true" />
            <lastModifiedBy isNull="true" />
            <processParameterId>2055.3aeef2d5-bb0a-42ec-98de-18da7f4eb207</processParameterId>
            <processId>1.a3433bd0-b0ca-4049-8edb-f20064e86696</processId>
            <parameterType>1</parameterType>
            <isArrayOf>false</isArrayOf>
            <classId>/12.8a176cc2-eebb-4310-a9c7-9bc62b3a8002</classId>
            <seq>2</seq>
            <hasDefault>false</hasDefault>
            <defaultValue isNull="true" />
            <isLocked>false</isLocked>
            <description isNull="true" />
            <guid>guid:197d4ddc90fc5427:-1c619ffe:11def1582ed:-7a6e</guid>
            <versionId>5754f4ec-3156-4d78-b98c-42ca104c6335</versionId>
        </processParameter>
        <processVariable name="to">
            <lastModified isNull="true" />
            <lastModifiedBy isNull="true" />
            <processVariableId>2056.a2e428a6-95d8-4833-93ec-fc095e71f781</processVariableId>
            <description>Auto generated variable for mapping of lsw SMTP Send Teamworks Email</description>
            <processId>1.a3433bd0-b0ca-4049-8edb-f20064e86696</processId>
            <namespace>2</namespace>
            <seq>1</seq>
            <isArrayOf>false</isArrayOf>
            <classId>/12.db884a3c-c533-44b7-bb2d-47bec8ad4022</classId>
            <hasDefault>false</hasDefault>
            <defaultValue isNull="true" />
            <guid>guid:197d4ddc90fc5427:-1c619ffe:11def1582ed:-7a68</guid>
            <versionId>edd4a19f-c215-491f-a77a-7015076c5115</versionId>
        </processVariable>
        <processVariable name="from">
            <lastModified isNull="true" />
            <lastModifiedBy isNull="true" />
            <processVariableId>2056.4656b1be-78f8-4d46-acc0-cb63fb4eb18d</processVariableId>
            <description isNull="true" />
            <processId>1.a3433bd0-b0ca-4049-8edb-f20064e86696</processId>
            <namespace>2</namespace>
            <seq>3</seq>
            <isArrayOf>false</isArrayOf>
            <classId>/12.db884a3c-c533-44b7-bb2d-47bec8ad4022</classId>
            <hasDefault>false</hasDefault>
            <defaultValue isNull="true" />
            <guid>guid:197d4ddc90fc5427:-1c619ffe:11def1582ed:-7a66</guid>
            <versionId>becc636d-ee7a-43fd-aa55-d02b2aebee7d</versionId>
        </processVariable>
        <processVariable name="subject">
            <lastModified isNull="true" />
            <lastModifiedBy isNull="true" />
            <processVariableId>2056.ad759ae6-ba89-498c-b23d-b4c3b1d55de4</processVariableId>
            <description>Auto generated variable for mapping of lsw SMTP Send Teamworks Email</description>
            <processId>1.a3433bd0-b0ca-4049-8edb-f20064e86696</processId>
            <namespace>2</namespace>
            <seq>4</seq>
            <isArrayOf>false</isArrayOf>
            <classId>/12.db884a3c-c533-44b7-bb2d-47bec8ad4022</classId>
            <hasDefault>false</hasDefault>
            <defaultValue isNull="true" />
            <guid>guid:197d4ddc90fc5427:-1c619ffe:11def1582ed:-7a64</guid>
            <versionId>b6807502-1b4a-45b5-bbb2-63bf51d58177</versionId>
        </processVariable>
        <processVariable name="messageText">
            <lastModified isNull="true" />
            <lastModifiedBy isNull="true" />
            <processVariableId>2056.ee040335-0ee1-4257-a1d5-168c5d1ec294</processVariableId>
            <description>Auto generated variable for mapping of lsw SMTP Send Teamworks Email</description>
            <processId>1.a3433bd0-b0ca-4049-8edb-f20064e86696</processId>
            <namespace>2</namespace>
            <seq>5</seq>
            <isArrayOf>false</isArrayOf>
            <classId>/12.db884a3c-c533-44b7-bb2d-47bec8ad4022</classId>
            <hasDefault>false</hasDefault>
            <defaultValue isNull="true" />
            <guid>guid:197d4ddc90fc5427:-1c619ffe:11def1582ed:-7a62</guid>
            <versionId>c74f7bfc-b3e8-4c61-8d40-8b8746c78f3c</versionId>
        </processVariable>
        <item>
            <lastModified isNull="true" />
            <lastModifiedBy isNull="true" />
            <processItemId>2025.202d6a13-ea06-44dc-8208-32b7185db848</processItemId>
            <processId>1.a3433bd0-b0ca-4049-8edb-f20064e86696</processId>
            <name>Send Email from Teamworks</name>
            <tWComponentName>SubProcess</tWComponentName>
            <tWComponentId>3012.a5e654f9-b3e8-44ca-a93a-b7fcae03f831</tWComponentId>
            <isLogEnabled>false</isLogEnabled>
            <isTraceEnabled>false</isTraceEnabled>
            <traceCategory isNull="true" />
            <traceLevel isNull="true" />
            <traceMessage isNull="true" />
            <traceSymbolTable isNull="true" />
            <isExecutionContextTraced>false</isExecutionContextTraced>
            <saveExecutionContext>false</saveExecutionContext>
            <documentation isNull="true" />
            <isErrorHandlerEnabled>false</isErrorHandlerEnabled>
            <errorHandlerItemId isNull="true" />
            <guid>guid:6d7d6833d25d646c:101acff:11228b8f1e8:-7eff</guid>
            <versionId>093af48d-3ed0-476e-a0c8-ba88dffefbda</versionId>
            <layoutData x="745" y="83">
                <errorLink>
                    <controlPoints />
                    <showEndState>false</showEndState>
                    <showName>false</showName>
                </errorLink>
            </layoutData>
            <TWComponent>
                <lastModified isNull="true" />
                <lastModifiedBy isNull="true" />
                <subProcessId>3012.a5e654f9-b3e8-44ca-a93a-b7fcae03f831</subProcessId>
                <attachedProcessRef>/1.13cc4635-1e1b-4165-9afa-6f411d4b4f62</attachedProcessRef>
                <guid>guid:197d4ddc90fc5427:-1c619ffe:11def1582ed:-7a5e</guid>
                <versionId>e3eb76e3-3bb1-40d5-b3c0-73268d1d5082</versionId>
                <parameterMapping name="smtpHost">
                    <lastModified isNull="true" />
                    <lastModifiedBy isNull="true" />
                    <parameterMappingId>2054.0a3815b7-cdcb-495e-bdc7-9c3441cb9fa2</parameterMappingId>
                    <processParameterId>2055.941ed838-3fbe-42f5-b8b4-57064fc0f743</processParameterId>
                    <parameterMappingParentId>3012.a5e654f9-b3e8-44ca-a93a-b7fcae03f831</parameterMappingParentId>
                    <useDefault>true</useDefault>
                    <value isNull="true" />
                    <classRef>/12.db884a3c-c533-44b7-bb2d-47bec8ad4022</classRef>
                    <isList>false</isList>
                    <isInput>true</isInput>
                    <guid>guid:197d4ddc90fc5427:-1c619ffe:11def1582ed:-7a42</guid>
                    <versionId>17269632-581a-4ed5-b016-a8fdf7589a58</versionId>
                    <description isNull="true" />
                </parameterMapping>
                <parameterMapping name="messageText">
                    <lastModified isNull="true" />
                    <lastModifiedBy isNull="true" />
                    <parameterMappingId>2054.cd449cec-bcba-4f4b-8510-b069c7198728</parameterMappingId>
                    <processParameterId>2055.e8912baa-d516-4758-be53-20c3d6c61326</processParameterId>
                    <parameterMappingParentId>3012.a5e654f9-b3e8-44ca-a93a-b7fcae03f831</parameterMappingParentId>
                    <useDefault>false</useDefault>
                    <value>tw.local.messageText</value>
                    <classRef>/12.db884a3c-c533-44b7-bb2d-47bec8ad4022</classRef>
                    <isList>false</isList>
                    <isInput>true</isInput>
                    <guid>guid:197d4ddc90fc5427:-1c619ffe:11def1582ed:-7a44</guid>
                    <versionId>1fd40b66-f44c-4c22-a76d-95f86a4e2222</versionId>
                    <description isNull="true" />
                </parameterMapping>
                <parameterMapping name="subject">
                    <lastModified isNull="true" />
                    <lastModifiedBy isNull="true" />
                    <parameterMappingId>2054.becfd55b-c1be-4eed-b447-5af865734b2c</parameterMappingId>
                    <processParameterId>2055.bb90bf7b-d066-47c7-96fd-1b8984a5246d</processParameterId>
                    <parameterMappingParentId>3012.a5e654f9-b3e8-44ca-a93a-b7fcae03f831</parameterMappingParentId>
                    <useDefault>false</useDefault>
                    <value>tw.local.subject</value>
                    <classRef>/12.db884a3c-c533-44b7-bb2d-47bec8ad4022</classRef>
                    <isList>false</isList>
                    <isInput>true</isInput>
                    <guid>guid:197d4ddc90fc5427:-1c619ffe:11def1582ed:-7a45</guid>
                    <versionId>2c52195e-a71d-43b1-8199-0d522f205e63</versionId>
                    <description isNull="true" />
                </parameterMapping>
                <parameterMapping name="to">
                    <lastModified isNull="true" />
                    <lastModifiedBy isNull="true" />
                    <parameterMappingId>2054.3d165976-490f-4d82-8d18-26cb183add97</parameterMappingId>
                    <processParameterId>2055.e4a8f4de-e03d-4a22-aac3-ced21eeb6f26</processParameterId>
                    <parameterMappingParentId>3012.a5e654f9-b3e8-44ca-a93a-b7fcae03f831</parameterMappingParentId>
                    <useDefault>false</useDefault>
                    <value>tw.local.to</value>
                    <classRef>/12.db884a3c-c533-44b7-bb2d-47bec8ad4022</classRef>
                    <isList>false</isList>
                    <isInput>true</isInput>
                    <guid>guid:197d4ddc90fc5427:-1c619ffe:11def1582ed:-7a47</guid>
                    <versionId>5a1f726a-5009-4ea7-9cf0-b15cebb256ef</versionId>
                    <description isNull="true" />
                </parameterMapping>
                <parameterMapping name="cc">
                    <lastModified isNull="true" />
                    <lastModifiedBy isNull="true" />
                    <parameterMappingId>2054.4da1255f-ea1d-49b7-8a71-452dcda704ac</parameterMappingId>
                    <processParameterId>2055.50e8c0fd-6bc1-4da9-9cb2-d084644dd6de</processParameterId>
                    <parameterMappingParentId>3012.a5e654f9-b3e8-44ca-a93a-b7fcae03f831</parameterMappingParentId>
                    <useDefault>true</useDefault>
                    <value isNull="true" />
                    <classRef>/12.db884a3c-c533-44b7-bb2d-47bec8ad4022</classRef>
                    <isList>false</isList>
                    <isInput>true</isInput>
                    <guid>guid:197d4ddc90fc5427:-1c619ffe:11def1582ed:-7a41</guid>
                    <versionId>61bfce81-38ef-4239-b1af-dec6fb4a632b</versionId>
                    <description isNull="true" />
                </parameterMapping>
                <parameterMapping name="importance">
                    <lastModified isNull="true" />
                    <lastModifiedBy isNull="true" />
                    <parameterMappingId>2054.b8c4756d-9bfb-4871-bf9b-559cbe520197</parameterMappingId>
                    <processParameterId>2055.39892d28-b0cb-4907-a4cc-ceae9d67bd8f</processParameterId>
                    <parameterMappingParentId>3012.a5e654f9-b3e8-44ca-a93a-b7fcae03f831</parameterMappingParentId>
                    <useDefault>true</useDefault>
                    <value isNull="true" />
                    <classRef>/12.db884a3c-c533-44b7-bb2d-47bec8ad4022</classRef>
                    <isList>false</isList>
                    <isInput>true</isInput>
                    <guid>guid:197d4ddc90fc5427:-1c619ffe:11def1582ed:-7a3e</guid>
                    <versionId>662195ee-2371-4e11-a09f-74d7e62ae22f</versionId>
                    <description isNull="true" />
                </parameterMapping>
                <parameterMapping name="from">
                    <lastModified isNull="true" />
                    <lastModifiedBy isNull="true" />
                    <parameterMappingId>2054.a02773f5-19fb-4336-be4b-ab0e6be497a0</parameterMappingId>
                    <processParameterId>2055.51fca2c0-8a77-45f5-9e68-542b26e07ea3</processParameterId>
                    <parameterMappingParentId>3012.a5e654f9-b3e8-44ca-a93a-b7fcae03f831</parameterMappingParentId>
                    <useDefault>false</useDefault>
                    <value>tw.local.from</value>
                    <classRef>/12.db884a3c-c533-44b7-bb2d-47bec8ad4022</classRef>
                    <isList>false</isList>
                    <isInput>true</isInput>
                    <guid>guid:197d4ddc90fc5427:-1c619ffe:11def1582ed:-7a46</guid>
                    <versionId>91e2d651-26d9-413c-b3ba-586c75daadbe</versionId>
                    <description isNull="true" />
                </parameterMapping>
                <parameterMapping name="bcc">
                    <lastModified isNull="true" />
                    <lastModifiedBy isNull="true" />
                    <parameterMappingId>2054.ec7e493b-bd70-4d90-9aed-747ca247e78f</parameterMappingId>
                    <processParameterId>2055.7190c535-7820-4319-9b19-3bd1bfb74112</processParameterId>
                    <parameterMappingParentId>3012.a5e654f9-b3e8-44ca-a93a-b7fcae03f831</parameterMappingParentId>
                    <useDefault>true</useDefault>
                    <value isNull="true" />
                    <classRef>/12.db884a3c-c533-44b7-bb2d-47bec8ad4022</classRef>
                    <isList>false</isList>
                    <isInput>true</isInput>
                    <guid>guid:197d4ddc90fc5427:-1c619ffe:11def1582ed:-7a40</guid>
                    <versionId>d535a680-90a1-476f-b71a-d4c11b656f1c</versionId>
                    <description isNull="true" />
                </parameterMapping>
                <parameterMapping name="contentType">
                    <lastModified isNull="true" />
                    <lastModifiedBy isNull="true" />
                    <parameterMappingId>2054.3f6415c1-fd22-4fed-8d29-c7c4debef96e</parameterMappingId>
                    <processParameterId>2055.3e811662-d427-4537-b2f6-fa9907d9677c</processParameterId>
                    <parameterMappingParentId>3012.a5e654f9-b3e8-44ca-a93a-b7fcae03f831</parameterMappingParentId>
                    <useDefault>true</useDefault>
                    <value isNull="true" />
                    <classRef>/12.db884a3c-c533-44b7-bb2d-47bec8ad4022</classRef>
                    <isList>false</isList>
                    <isInput>true</isInput>
                    <guid>guid:197d4ddc90fc5427:-1c619ffe:11def1582ed:-7a43</guid>
                    <versionId>ebbfbc44-7265-4c90-bdf9-4c9d6152e257</versionId>
                    <description isNull="true" />
                </parameterMapping>
                <parameterMapping name="replyTo">
                    <lastModified isNull="true" />
                    <lastModifiedBy isNull="true" />
                    <parameterMappingId>2054.895fe276-c6b2-465f-9560-c19d577d3df5</parameterMappingId>
                    <processParameterId>2055.406ae771-5c04-4a03-9860-7a5d51f80757</processParameterId>
                    <parameterMappingParentId>3012.a5e654f9-b3e8-44ca-a93a-b7fcae03f831</parameterMappingParentId>
                    <useDefault>true</useDefault>
                    <value isNull="true" />
                    <classRef>/12.db884a3c-c533-44b7-bb2d-47bec8ad4022</classRef>
                    <isList>false</isList>
                    <isInput>true</isInput>
                    <guid>guid:197d4ddc90fc5427:-1c619ffe:11def1582ed:-7a3f</guid>
                    <versionId>fe5fddf0-31d9-477a-8c20-823d8fd43edc</versionId>
                    <description isNull="true" />
                </parameterMapping>
                <parameterMapping name="attachmentFileNames">
                    <lastModified isNull="true" />
                    <lastModifiedBy isNull="true" />
                    <parameterMappingId>2054.a54e8847-b2b1-496c-81b1-b1de5cf3a4ea</parameterMappingId>
                    <processParameterId>2055.5309394e-b0d6-44c1-83be-be3b5b9ba8b1</processParameterId>
                    <parameterMappingParentId>3012.a5e654f9-b3e8-44ca-a93a-b7fcae03f831</parameterMappingParentId>
                    <useDefault>true</useDefault>
                    <value isNull="true" />
                    <classRef>/12.db884a3c-c533-44b7-bb2d-47bec8ad4022</classRef>
                    <isList>false</isList>
                    <isInput>true</isInput>
                    <guid>guid:197d4ddc90fc5427:-1c619ffe:11def1582ed:-7a3d</guid>
                    <versionId>fe9d4ed9-a073-415b-8e19-c9cde94b7c78</versionId>
                    <description isNull="true" />
                </parameterMapping>
            </TWComponent>
        </item>
        <item>
            <lastModified isNull="true" />
            <lastModifiedBy isNull="true" />
            <processItemId>2025.db2c6fc8-3f5b-45be-b819-cf5b7368c8b1</processItemId>
            <processId>1.a3433bd0-b0ca-4049-8edb-f20064e86696</processId>
            <name>End</name>
            <tWComponentName>ExitPoint</tWComponentName>
            <tWComponentId>3008.06b88262-7464-4092-9c6e-b425a7763844</tWComponentId>
            <isLogEnabled>false</isLogEnabled>
            <isTraceEnabled>false</isTraceEnabled>
            <traceCategory isNull="true" />
            <traceLevel isNull="true" />
            <traceMessage isNull="true" />
            <traceSymbolTable isNull="true" />
            <isExecutionContextTraced>false</isExecutionContextTraced>
            <saveExecutionContext>true</saveExecutionContext>
            <documentation isNull="true" />
            <isErrorHandlerEnabled>false</isErrorHandlerEnabled>
            <errorHandlerItemId isNull="true" />
            <guid>guid:6d7d6833d25d646c:101acff:11228b8f1e8:-7f0d</guid>
            <versionId>09a3ef33-85cf-48ce-a5bd-2b8d38f346e4</versionId>
            <layoutData x="877" y="98">
                <errorLink>
                    <controlPoints />
                    <showEndState>false</showEndState>
                    <showName>false</showName>
                </errorLink>
            </layoutData>
            <TWComponent>
                <lastModified isNull="true" />
                <lastModifiedBy isNull="true" />
                <exitPointId>3008.06b88262-7464-4092-9c6e-b425a7763844</exitPointId>
                <haltProcess>false</haltProcess>
                <guid>guid:197d4ddc90fc5427:-1c619ffe:11def1582ed:-7a6a</guid>
                <versionId>fc65eab3-c517-40be-85bd-3de9d54243d6</versionId>
            </TWComponent>
        </item>
        <item>
            <lastModified isNull="true" />
            <lastModifiedBy isNull="true" />
            <processItemId>2025.cd754a64-e51a-4240-bd30-f75578768be0</processItemId>
            <processId>1.a3433bd0-b0ca-4049-8edb-f20064e86696</processId>
            <name>Set Subject</name>
            <tWComponentName>Script</tWComponentName>
            <tWComponentId>3011.14d732f3-6126-442c-af82-77b1386e9899</tWComponentId>
            <isLogEnabled>false</isLogEnabled>
            <isTraceEnabled>false</isTraceEnabled>
            <traceCategory isNull="true" />
            <traceLevel isNull="true" />
            <traceMessage isNull="true" />
            <traceSymbolTable isNull="true" />
            <isExecutionContextTraced>false</isExecutionContextTraced>
            <saveExecutionContext>true</saveExecutionContext>
            <documentation isNull="true" />
            <isErrorHandlerEnabled>false</isErrorHandlerEnabled>
            <errorHandlerItemId isNull="true" />
            <guid>guid:6d7d6833d25d646c:101acff:11228b8f1e8:-7eba</guid>
            <versionId>3be133ce-3d2b-44ae-9940-40bcecb6eb18</versionId>
            <layoutData x="464" y="83">
                <errorLink>
                    <controlPoints />
                    <showEndState>false</showEndState>
                    <showName>false</showName>
                </errorLink>
            </layoutData>
            <TWComponent>
                <lastModified isNull="true" />
                <lastModifiedBy isNull="true" />
                <scriptId>3011.14d732f3-6126-442c-af82-77b1386e9899</scriptId>
                <scriptTypeId>128</scriptTypeId>
                <isActive>true</isActive>
                <script>tw.local.subject
SLA '&lt;#= tw.local.violationRecord.slaName #&gt;' has become violated</script>
                <isRule>false</isRule>
                <guid>guid:197d4ddc90fc5427:-1c619ffe:11def1582ed:-7a31</guid>
                <versionId>eedcb888-134c-4b65-b5f5-ebe3077513f7</versionId>
            </TWComponent>
        </item>
        <item>
            <lastModified isNull="true" />
            <lastModifiedBy isNull="true" />
            <processItemId>2025.d856c8b0-c17b-4671-b1e0-9850e074d83c</processItemId>
            <processId>1.a3433bd0-b0ca-4049-8edb-f20064e86696</processId>
            <name>Set Message Text</name>
            <tWComponentName>Script</tWComponentName>
            <tWComponentId>3011.cb68e4c1-32ff-4326-bb69-95616775a788</tWComponentId>
            <isLogEnabled>false</isLogEnabled>
            <isTraceEnabled>false</isTraceEnabled>
            <traceCategory isNull="true" />
            <traceLevel isNull="true" />
            <traceMessage isNull="true" />
            <traceSymbolTable isNull="true" />
            <isExecutionContextTraced>false</isExecutionContextTraced>
            <saveExecutionContext>false</saveExecutionContext>
            <documentation isNull="true" />
            <isErrorHandlerEnabled>false</isErrorHandlerEnabled>
            <errorHandlerItemId isNull="true" />
            <guid>guid:6d7d6833d25d646c:101acff:11228b8f1e8:-7ec6</guid>
            <versionId>42e90d3a-0fd7-4d41-8ff3-2bdeddfe0bb6</versionId>
            <layoutData x="602" y="83">
                <errorLink>
                    <controlPoints />
                    <showEndState>false</showEndState>
                    <showName>false</showName>
                </errorLink>
            </layoutData>
            <TWComponent>
                <lastModified isNull="true" />
                <lastModifiedBy isNull="true" />
                <scriptId>3011.cb68e4c1-32ff-4326-bb69-95616775a788</scriptId>
                <scriptTypeId>128</scriptTypeId>
                <isActive>true</isActive>
                <script>tw.local.messageText
SLA &lt;b&gt;&lt;#= tw.local.violationRecord.slaName #&gt;&lt;/b&gt; became violated at &lt;#= tw.local.violationRecord.violationTime #&gt;.
&lt;p&gt;
The violation level was &lt;#= tw.local.violationRecord.violationLevel #&gt;.

&lt;#
var url = null;
//var clientServices = Packages.com.lombardisoftware.client.delegate.ClientServicesDelegateFactory.getInstance().newInstance();
//var elements = clientServices.getScoreboardTWTreeElements();
//for(var it = elements.iterator(); it.hasNext(); ) {
//    var element = it.next();
//    if (element.getName() == "PM SLA Overview") {
//        var portalPrefix = Packages.com.lombardisoftware.core.config.TWConfiguration.getInstance().getCommon().getPortalPrefix();
//        if (portalPrefix!=null) {
//            url = "&lt;a href='"+portalPrefix + "/jsp/viewScoreboard.do?id="+element.getId()+"'&gt;PM SLA Overview&lt;/a&gt;";
//        }
//        break;
//    }
//}
if (url!=null) {
#&gt;
&lt;p&gt;
You can view the status of SLAs at the following location: &lt;#= url #&gt;
&lt;#
}
#&gt;</script>
                <isRule>false</isRule>
                <guid>guid:197d4ddc90fc5427:-1c619ffe:11def1582ed:-7a39</guid>
                <versionId>64ef5832-bbc4-4d3d-a3a3-3a2f11255bd4</versionId>
            </TWComponent>
        </item>
        <item>
            <lastModified isNull="true" />
            <lastModifiedBy isNull="true" />
            <processItemId>2025.d2b0ce77-ead6-4b01-965e-f6d2ead0cd0d</processItemId>
            <processId>1.a3433bd0-b0ca-4049-8edb-f20064e86696</processId>
            <name>Set To and From</name>
            <tWComponentName>Script</tWComponentName>
            <tWComponentId>3011.e652113c-0b08-47d6-a142-9359f99a6561</tWComponentId>
            <isLogEnabled>false</isLogEnabled>
            <isTraceEnabled>false</isTraceEnabled>
            <traceCategory isNull="true" />
            <traceLevel isNull="true" />
            <traceMessage isNull="true" />
            <traceSymbolTable isNull="true" />
            <isExecutionContextTraced>false</isExecutionContextTraced>
            <saveExecutionContext>false</saveExecutionContext>
            <documentation isNull="true" />
            <isErrorHandlerEnabled>false</isErrorHandlerEnabled>
            <errorHandlerItemId isNull="true" />
            <guid>guid:6d7d6833d25d646c:101acff:11228b8f1e8:-7ebc</guid>
            <versionId>e8faee68-36b7-475c-ba1f-2ea691cbbb67</versionId>
            <layoutData x="328" y="83">
                <errorLink>
                    <controlPoints />
                    <showEndState>false</showEndState>
                    <showName>false</showName>
                </errorLink>
            </layoutData>
            <TWComponent>
                <lastModified isNull="true" />
                <lastModifiedBy isNull="true" />
                <scriptId>3011.e652113c-0b08-47d6-a142-9359f99a6561</scriptId>
                <scriptTypeId>2</scriptTypeId>
                <isActive>true</isActive>
                <script>var emailAddrNL = tw.local.parameters.xpath("//emails/item/address");
var emailAddrStr = "";
var sep = "";
for (var i=0;i&lt;emailAddrNL.length;i++) {
  emailAddrStr += sep + emailAddrNL[i].getText();
  sep = ";";
}
tw.local.to = emailAddrStr;

tw.local.from = null; //use the default from address specified in 99Local (and possibly overridden in 100Custom)</script>
                <isRule>false</isRule>
                <guid>guid:197d4ddc90fc5427:-1c619ffe:11def1582ed:-7a35</guid>
                <versionId>b491b0a2-26ed-430e-ad9f-0cfee08d45c8</versionId>
            </TWComponent>
        </item>
        <startingProcessItemId>2025.d2b0ce77-ead6-4b01-965e-f6d2ead0cd0d</startingProcessItemId>
        <errorHandlerItemId isNull="true" />
        <layoutData noConversion="true">
            <errorLink>
                <controlPoints />
                <showEndState>false</showEndState>
                <showName>false</showName>
            </errorLink>
        </layoutData>
        <startPoint>
            <layoutData x="100" y="98">
                <errorLink>
                    <controlPoints />
                    <showEndState>false</showEndState>
                    <showName>false</showName>
                </errorLink>
            </layoutData>
        </startPoint>
        <startLink>
            <fromPort locationId="rightCenter" portType="1" />
            <toPort locationId="leftCenter" portType="2" />
            <layoutData>
                <controlPoints />
                <showEndState>false</showEndState>
                <showName>false</showName>
            </layoutData>
        </startLink>
        <link name="Untitled">
            <lastModified isNull="true" />
            <lastModifiedBy isNull="true" />
            <processLinkId>2027.35b9c3c5-cb83-4e9f-bbca-3f3554c59904</processLinkId>
            <processId>1.a3433bd0-b0ca-4049-8edb-f20064e86696</processId>
            <description isNull="true" />
            <fromProcessItemId>2025.cd754a64-e51a-4240-bd30-f75578768be0</fromProcessItemId>
            <endStateId>Out</endStateId>
            <toProcessItemId>2025.d856c8b0-c17b-4671-b1e0-9850e074d83c</toProcessItemId>
            <guid>guid:197d4ddc90fc5427:-1c619ffe:11def1582ed:-7a2d</guid>
            <versionId>1b2fb730-8ceb-439b-a68e-683dabd4d14b</versionId>
            <layoutData>
                <controlPoints />
                <showEndState>false</showEndState>
                <showName>false</showName>
            </layoutData>
            <fromItemPort locationId="rightCenter" portType="1" />
            <toItemPort locationId="leftCenter" portType="2" />
            <fromProcessItemId>2025.cd754a64-e51a-4240-bd30-f75578768be0</fromProcessItemId>
            <toProcessItemId>2025.d856c8b0-c17b-4671-b1e0-9850e074d83c</toProcessItemId>
        </link>
        <link name="Untitled">
            <lastModified isNull="true" />
            <lastModifiedBy isNull="true" />
            <processLinkId>2027.c0ed7953-19af-469e-866a-e51d8faaa8d4</processLinkId>
            <processId>1.a3433bd0-b0ca-4049-8edb-f20064e86696</processId>
            <description isNull="true" />
            <fromProcessItemId>2025.cd754a64-e51a-4240-bd30-f75578768be0</fromProcessItemId>
            <endStateId>Out</endStateId>
            <toProcessItemId>2025.d856c8b0-c17b-4671-b1e0-9850e074d83c</toProcessItemId>
            <guid>guid:197d4ddc90fc5427:-1c619ffe:11def1582ed:-7a2d</guid>
            <versionId>77944ee3-fd57-40de-afc1-b855f715afca</versionId>
            <layoutData>
                <controlPoints />
                <showEndState>false</showEndState>
                <showName>false</showName>
            </layoutData>
            <fromItemPort locationId="rightCenter" portType="1" />
            <toItemPort locationId="leftCenter" portType="2" />
            <fromProcessItemId>2025.cd754a64-e51a-4240-bd30-f75578768be0</fromProcessItemId>
            <toProcessItemId>2025.d856c8b0-c17b-4671-b1e0-9850e074d83c</toProcessItemId>
        </link>
        <link name="Untitled">
            <lastModified isNull="true" />
            <lastModifiedBy isNull="true" />
            <processLinkId>2027.97332a24-eb68-4185-9dde-1bf9d9f85d36</processLinkId>
            <processId>1.a3433bd0-b0ca-4049-8edb-f20064e86696</processId>
            <description isNull="true" />
            <fromProcessItemId>2025.d2b0ce77-ead6-4b01-965e-f6d2ead0cd0d</fromProcessItemId>
            <endStateId>Out</endStateId>
            <toProcessItemId>2025.cd754a64-e51a-4240-bd30-f75578768be0</toProcessItemId>
            <guid>guid:197d4ddc90fc5427:-1c619ffe:11def1582ed:-7a2f</guid>
            <versionId>9d4665a1-9b3a-4363-b40c-f0be60315ec8</versionId>
            <layoutData>
                <controlPoints />
                <showEndState>false</showEndState>
                <showName>false</showName>
            </layoutData>
            <fromItemPort locationId="rightCenter" portType="1" />
            <toItemPort locationId="leftCenter" portType="2" />
            <fromProcessItemId>2025.d2b0ce77-ead6-4b01-965e-f6d2ead0cd0d</fromProcessItemId>
            <toProcessItemId>2025.cd754a64-e51a-4240-bd30-f75578768be0</toProcessItemId>
        </link>
        <link name="Untitled">
            <lastModified isNull="true" />
            <lastModifiedBy isNull="true" />
            <processLinkId>2027.87583f15-038f-49a1-ac10-7716d9a09a8b</processLinkId>
            <processId>1.a3433bd0-b0ca-4049-8edb-f20064e86696</processId>
            <description isNull="true" />
            <fromProcessItemId>2025.202d6a13-ea06-44dc-8208-32b7185db848</fromProcessItemId>
            <endStateId>guid:6d7d6833d25d646c:143c423:11226a15f86:-7d8b</endStateId>
            <toProcessItemId>2025.db2c6fc8-3f5b-45be-b819-cf5b7368c8b1</toProcessItemId>
            <guid>guid:197d4ddc90fc5427:-1c619ffe:11def1582ed:-7a29</guid>
            <versionId>9d62f30a-5735-4da4-84bc-1160b0b98063</versionId>
            <layoutData>
                <controlPoints />
                <showEndState>false</showEndState>
                <showName>false</showName>
            </layoutData>
            <fromItemPort locationId="rightCenter" portType="1" />
            <toItemPort locationId="leftCenter" portType="2" />
            <fromProcessItemId>2025.202d6a13-ea06-44dc-8208-32b7185db848</fromProcessItemId>
            <toProcessItemId>2025.db2c6fc8-3f5b-45be-b819-cf5b7368c8b1</toProcessItemId>
        </link>
        <link name="Untitled">
            <lastModified isNull="true" />
            <lastModifiedBy isNull="true" />
            <processLinkId>2027.97981074-0fcd-4152-8255-afaa4fded5c6</processLinkId>
            <processId>1.a3433bd0-b0ca-4049-8edb-f20064e86696</processId>
            <description isNull="true" />
            <fromProcessItemId>2025.d856c8b0-c17b-4671-b1e0-9850e074d83c</fromProcessItemId>
            <endStateId>Out</endStateId>
            <toProcessItemId>2025.202d6a13-ea06-44dc-8208-32b7185db848</toProcessItemId>
            <guid>guid:197d4ddc90fc5427:-1c619ffe:11def1582ed:-7a2b</guid>
            <versionId>a6022858-0c53-4a96-84b7-f169cf565f92</versionId>
            <layoutData>
                <controlPoints />
                <showEndState>false</showEndState>
                <showName>false</showName>
            </layoutData>
            <fromItemPort locationId="rightCenter" portType="1" />
            <toItemPort locationId="leftCenter" portType="2" />
            <fromProcessItemId>2025.d856c8b0-c17b-4671-b1e0-9850e074d83c</fromProcessItemId>
            <toProcessItemId>2025.202d6a13-ea06-44dc-8208-32b7185db848</toProcessItemId>
        </link>
        <link name="Untitled">
            <lastModified isNull="true" />
            <lastModifiedBy isNull="true" />
            <processLinkId>2027.7a2bbfc7-5442-4568-b100-155cb639c4ab</processLinkId>
            <processId>1.a3433bd0-b0ca-4049-8edb-f20064e86696</processId>
            <description isNull="true" />
            <fromProcessItemId>2025.202d6a13-ea06-44dc-8208-32b7185db848</fromProcessItemId>
            <endStateId>guid:6d7d6833d25d646c:143c423:11226a15f86:-7d8b</endStateId>
            <toProcessItemId>2025.db2c6fc8-3f5b-45be-b819-cf5b7368c8b1</toProcessItemId>
            <guid>guid:197d4ddc90fc5427:-1c619ffe:11def1582ed:-7a29</guid>
            <versionId>b10eb525-c6b0-4441-b670-a1b4bfe37977</versionId>
            <layoutData>
                <controlPoints />
                <showEndState>false</showEndState>
                <showName>false</showName>
            </layoutData>
            <fromItemPort locationId="rightCenter" portType="1" />
            <toItemPort locationId="leftCenter" portType="2" />
            <fromProcessItemId>2025.202d6a13-ea06-44dc-8208-32b7185db848</fromProcessItemId>
            <toProcessItemId>2025.db2c6fc8-3f5b-45be-b819-cf5b7368c8b1</toProcessItemId>
        </link>
        <link name="Untitled">
            <lastModified isNull="true" />
            <lastModifiedBy isNull="true" />
            <processLinkId>2027.a7c6421b-47b9-46af-bd80-e2e4abd5316c</processLinkId>
            <processId>1.a3433bd0-b0ca-4049-8edb-f20064e86696</processId>
            <description isNull="true" />
            <fromProcessItemId>2025.d856c8b0-c17b-4671-b1e0-9850e074d83c</fromProcessItemId>
            <endStateId>Out</endStateId>
            <toProcessItemId>2025.202d6a13-ea06-44dc-8208-32b7185db848</toProcessItemId>
            <guid>guid:197d4ddc90fc5427:-1c619ffe:11def1582ed:-7a2b</guid>
            <versionId>b35f6c0b-9719-411b-822e-9eb7c499259f</versionId>
            <layoutData>
                <controlPoints />
                <showEndState>false</showEndState>
                <showName>false</showName>
            </layoutData>
            <fromItemPort locationId="rightCenter" portType="1" />
            <toItemPort locationId="leftCenter" portType="2" />
            <fromProcessItemId>2025.d856c8b0-c17b-4671-b1e0-9850e074d83c</fromProcessItemId>
            <toProcessItemId>2025.202d6a13-ea06-44dc-8208-32b7185db848</toProcessItemId>
        </link>
        <link name="Untitled">
            <lastModified isNull="true" />
            <lastModifiedBy isNull="true" />
            <processLinkId>2027.ae6f0fb5-8f27-42f4-bbff-5a18c60244d5</processLinkId>
            <processId>1.a3433bd0-b0ca-4049-8edb-f20064e86696</processId>
            <description isNull="true" />
            <fromProcessItemId>2025.d2b0ce77-ead6-4b01-965e-f6d2ead0cd0d</fromProcessItemId>
            <endStateId>Out</endStateId>
            <toProcessItemId>2025.cd754a64-e51a-4240-bd30-f75578768be0</toProcessItemId>
            <guid>guid:197d4ddc90fc5427:-1c619ffe:11def1582ed:-7a2f</guid>
            <versionId>c911fd53-0794-46a1-9368-de38a9978d4d</versionId>
            <layoutData>
                <controlPoints />
                <showEndState>false</showEndState>
                <showName>false</showName>
            </layoutData>
            <fromItemPort locationId="rightCenter" portType="1" />
            <toItemPort locationId="leftCenter" portType="2" />
            <fromProcessItemId>2025.d2b0ce77-ead6-4b01-965e-f6d2ead0cd0d</fromProcessItemId>
            <toProcessItemId>2025.cd754a64-e51a-4240-bd30-f75578768be0</toProcessItemId>
        </link>
    </process>
</teamworks>

