<?xml version="1.0" encoding="UTF-8"?>
<teamworks>
    <process id="1.a3433bd0-b0ca-4049-8edb-f20064e86696" name="SLA Send Alert Email">
        <lastModified>1361412273512</lastModified>
        <lastModifiedBy>Internal TW Admin user</lastModifiedBy>
        <processId>1.a3433bd0-b0ca-4049-8edb-f20064e86696</processId>
        <image isNull="true" />
        <tabGroup isNull="true" />
        <startingProcessItemId>2025.d2b0ce77-ead6-4b01-965e-f6d2ead0cd0d</startingProcessItemId>
        <isRootProcess>false</isRootProcess>
        <processType>4</processType>
        <isErrorHandlerEnabled>false</isErrorHandlerEnabled>
        <errorHandlerItemId isNull="true" />
        <isLoggingVariables>false</isLoggingVariables>
        <isTransactional>false</isTransactional>
        <processTimingLevel isNull="true" />
        <participantRef isNull="true" />
        <exposedType isNull="true" />
        <isTrackingEnabled>true</isTrackingEnabled>
        <xmlData isNull="true" />
        <cachingType>false</cachingType>
        <itemLabel isNull="true" />
        <cacheLength>43200</cacheLength>
        <mobileReady>false</mobileReady>
        <sboSyncEnabled>true</sboSyncEnabled>
        <externalId isNull="true" />
        <isSecured>false</isSecured>
        <description isNull="true" />
        <guid>guid:6d7d6833d25d646c:101acff:11228b8f1e8:-7f0e</guid>
        <versionId>a9162a82-dcef-4d6f-9249-06ea166bcbc0</versionId>
        <dependencySummary isNull="true" />
        <processParameter name="violationRecord">
            <lastModified isNull="true" />
            <lastModifiedBy isNull="true" />
            <processParameterId>2055.91b0e7cb-e1b5-48c8-9176-7e3980f49f18</processParameterId>
            <processId>1.a3433bd0-b0ca-4049-8edb-f20064e86696</processId>
            <parameterType>1</parameterType>
            <isArrayOf>false</isArrayOf>
            <classId>/12.859ce530-119a-499c-afdf-77446889d535</classId>
            <seq>1</seq>
            <hasDefault>false</hasDefault>
            <defaultValue isNull="true" />
            <isLocked>false</isLocked>
            <description isNull="true" />
            <guid>guid:197d4ddc90fc5427:-1c619ffe:11def1582ed:-7a70</guid>
            <versionId>b3776f5b-bc2f-40dc-ae31-2efda6ced2b4</versionId>
        </processParameter>
        <processParameter name="parameters">
            <lastModified isNull="true" />
            <lastModifiedBy isNull="true" />
            <processParameterId>2055.3aeef2d5-bb0a-42ec-98de-18da7f4eb207</processParameterId>
            <processId>1.a3433bd0-b0ca-4049-8edb-f20064e86696</processId>
            <parameterType>1</parameterType>
            <isArrayOf>false</isArrayOf>
            <classId>/12.8a176cc2-eebb-4310-a9c7-9bc62b3a8002</classId>
            <seq>2</seq>
            <hasDefault>false</hasDefault>
            <defaultValue isNull="true" />
            <isLocked>false</isLocked>
            <description isNull="true" />
            <guid>guid:197d4ddc90fc5427:-1c619ffe:11def1582ed:-7a6e</guid>
            <versionId>71ae6286-519f-452b-a79f-c7955906e4e8</versionId>
        </processParameter>
        <processVariable name="to">
            <lastModified isNull="true" />
            <lastModifiedBy isNull="true" />
            <processVariableId>2056.a2e428a6-95d8-4833-93ec-fc095e71f781</processVariableId>
            <description>Auto generated variable for mapping of lsw SMTP Send Teamworks Email</description>
            <processId>1.a3433bd0-b0ca-4049-8edb-f20064e86696</processId>
            <namespace>2</namespace>
            <seq>1</seq>
            <isArrayOf>false</isArrayOf>
            <classId>/12.db884a3c-c533-44b7-bb2d-47bec8ad4022</classId>
            <hasDefault>false</hasDefault>
            <defaultValue isNull="true" />
            <guid>guid:197d4ddc90fc5427:-1c619ffe:11def1582ed:-7a68</guid>
            <versionId>7e65eb67-7248-42ea-b105-e51cec3fe3c7</versionId>
        </processVariable>
        <processVariable name="from">
            <lastModified isNull="true" />
            <lastModifiedBy isNull="true" />
            <processVariableId>2056.4656b1be-78f8-4d46-acc0-cb63fb4eb18d</processVariableId>
            <description isNull="true" />
            <processId>1.a3433bd0-b0ca-4049-8edb-f20064e86696</processId>
            <namespace>2</namespace>
            <seq>3</seq>
            <isArrayOf>false</isArrayOf>
            <classId>/12.db884a3c-c533-44b7-bb2d-47bec8ad4022</classId>
            <hasDefault>false</hasDefault>
            <defaultValue isNull="true" />
            <guid>guid:197d4ddc90fc5427:-1c619ffe:11def1582ed:-7a66</guid>
            <versionId>31729ec4-568b-4c0f-97e2-cefd29f7710f</versionId>
        </processVariable>
        <processVariable name="subject">
            <lastModified isNull="true" />
            <lastModifiedBy isNull="true" />
            <processVariableId>2056.ad759ae6-ba89-498c-b23d-b4c3b1d55de4</processVariableId>
            <description>Auto generated variable for mapping of lsw SMTP Send Teamworks Email</description>
            <processId>1.a3433bd0-b0ca-4049-8edb-f20064e86696</processId>
            <namespace>2</namespace>
            <seq>4</seq>
            <isArrayOf>false</isArrayOf>
            <classId>/12.db884a3c-c533-44b7-bb2d-47bec8ad4022</classId>
            <hasDefault>false</hasDefault>
            <defaultValue isNull="true" />
            <guid>guid:197d4ddc90fc5427:-1c619ffe:11def1582ed:-7a64</guid>
            <versionId>17cf29bb-e91a-4879-a3e6-df47918f52cd</versionId>
        </processVariable>
        <processVariable name="messageText">
            <lastModified isNull="true" />
            <lastModifiedBy isNull="true" />
            <processVariableId>2056.ee040335-0ee1-4257-a1d5-168c5d1ec294</processVariableId>
            <description>Auto generated variable for mapping of lsw SMTP Send Teamworks Email</description>
            <processId>1.a3433bd0-b0ca-4049-8edb-f20064e86696</processId>
            <namespace>2</namespace>
            <seq>5</seq>
            <isArrayOf>false</isArrayOf>
            <classId>/12.db884a3c-c533-44b7-bb2d-47bec8ad4022</classId>
            <hasDefault>false</hasDefault>
            <defaultValue isNull="true" />
            <guid>guid:197d4ddc90fc5427:-1c619ffe:11def1582ed:-7a62</guid>
            <versionId>d3acd64f-83ac-420e-8f08-22147e805693</versionId>
        </processVariable>
        <item>
            <lastModified isNull="true" />
            <lastModifiedBy isNull="true" />
            <processItemId>2025.db2c6fc8-3f5b-45be-b819-cf5b7368c8b1</processItemId>
            <processId>1.a3433bd0-b0ca-4049-8edb-f20064e86696</processId>
            <name>End</name>
            <tWComponentName>ExitPoint</tWComponentName>
            <tWComponentId>3008.45eea0ac-8a00-40b6-a060-2ef8a1dde048</tWComponentId>
            <isLogEnabled>false</isLogEnabled>
            <isTraceEnabled>false</isTraceEnabled>
            <traceCategory isNull="true" />
            <traceLevel isNull="true" />
            <traceMessage isNull="true" />
            <traceSymbolTable isNull="true" />
            <isExecutionContextTraced>false</isExecutionContextTraced>
            <saveExecutionContext>true</saveExecutionContext>
            <documentation isNull="true" />
            <isErrorHandlerEnabled>false</isErrorHandlerEnabled>
            <errorHandlerItemId isNull="true" />
            <guid>guid:6d7d6833d25d646c:101acff:11228b8f1e8:-7f0d</guid>
            <versionId>2a050600-df7d-4f6d-a699-841f5edf0b3e</versionId>
            <layoutData x="877" y="98">
                <errorLink>
                    <controlPoints />
                    <showEndState>false</showEndState>
                    <showName>false</showName>
                </errorLink>
            </layoutData>
            <TWComponent>
                <lastModified isNull="true" />
                <lastModifiedBy isNull="true" />
                <exitPointId>3008.45eea0ac-8a00-40b6-a060-2ef8a1dde048</exitPointId>
                <haltProcess>false</haltProcess>
                <guid>guid:197d4ddc90fc5427:-1c619ffe:11def1582ed:-7a6a</guid>
                <versionId>76a83c62-16b7-40a7-9661-c878fede9012</versionId>
            </TWComponent>
        </item>
        <item>
            <lastModified isNull="true" />
            <lastModifiedBy isNull="true" />
            <processItemId>2025.d2b0ce77-ead6-4b01-965e-f6d2ead0cd0d</processItemId>
            <processId>1.a3433bd0-b0ca-4049-8edb-f20064e86696</processId>
            <name>Set To and From</name>
            <tWComponentName>Script</tWComponentName>
            <tWComponentId>3011.e9388e5c-4164-4b89-bcf3-569e82526e13</tWComponentId>
            <isLogEnabled>false</isLogEnabled>
            <isTraceEnabled>false</isTraceEnabled>
            <traceCategory isNull="true" />
            <traceLevel isNull="true" />
            <traceMessage isNull="true" />
            <traceSymbolTable isNull="true" />
            <isExecutionContextTraced>false</isExecutionContextTraced>
            <saveExecutionContext>false</saveExecutionContext>
            <documentation isNull="true" />
            <isErrorHandlerEnabled>false</isErrorHandlerEnabled>
            <errorHandlerItemId isNull="true" />
            <guid>guid:6d7d6833d25d646c:101acff:11228b8f1e8:-7ebc</guid>
            <versionId>2f4e7096-73c9-4ad4-b2e5-9e4e9400e1ba</versionId>
            <layoutData x="328" y="83">
                <errorLink>
                    <controlPoints />
                    <showEndState>false</showEndState>
                    <showName>false</showName>
                </errorLink>
            </layoutData>
            <TWComponent>
                <lastModified isNull="true" />
                <lastModifiedBy isNull="true" />
                <scriptId>3011.e9388e5c-4164-4b89-bcf3-569e82526e13</scriptId>
                <scriptTypeId>2</scriptTypeId>
                <isActive>true</isActive>
                <script>var emailAddrNL = tw.local.parameters.xpath("//emails/item/address");
var emailAddrStr = "";
var sep = "";
for (var i=0;i&lt;emailAddrNL.length;i++) {
  emailAddrStr += sep + emailAddrNL[i].getText();
  sep = ";";
}
tw.local.to = emailAddrStr;

tw.local.from = null; //use the default from address specified in 99Local (and possibly overridden in 100Custom)</script>
                <isRule>false</isRule>
                <guid>guid:197d4ddc90fc5427:-1c619ffe:11def1582ed:-7a35</guid>
                <versionId>59eff8f6-7255-4cde-9a3b-3d5eca08b9f2</versionId>
            </TWComponent>
        </item>
        <item>
            <lastModified isNull="true" />
            <lastModifiedBy isNull="true" />
            <processItemId>2025.cd754a64-e51a-4240-bd30-f75578768be0</processItemId>
            <processId>1.a3433bd0-b0ca-4049-8edb-f20064e86696</processId>
            <name>Set Subject</name>
            <tWComponentName>Script</tWComponentName>
            <tWComponentId>3011.1feba53d-9ec4-4d65-9950-1c70cb0f5fe4</tWComponentId>
            <isLogEnabled>false</isLogEnabled>
            <isTraceEnabled>false</isTraceEnabled>
            <traceCategory isNull="true" />
            <traceLevel isNull="true" />
            <traceMessage isNull="true" />
            <traceSymbolTable isNull="true" />
            <isExecutionContextTraced>false</isExecutionContextTraced>
            <saveExecutionContext>true</saveExecutionContext>
            <documentation isNull="true" />
            <isErrorHandlerEnabled>false</isErrorHandlerEnabled>
            <errorHandlerItemId isNull="true" />
            <guid>guid:6d7d6833d25d646c:101acff:11228b8f1e8:-7eba</guid>
            <versionId>3681413a-ccb4-4e50-9241-92d5452c653d</versionId>
            <layoutData x="464" y="83">
                <errorLink>
                    <controlPoints />
                    <showEndState>false</showEndState>
                    <showName>false</showName>
                </errorLink>
            </layoutData>
            <TWComponent>
                <lastModified isNull="true" />
                <lastModifiedBy isNull="true" />
                <scriptId>3011.1feba53d-9ec4-4d65-9950-1c70cb0f5fe4</scriptId>
                <scriptTypeId>128</scriptTypeId>
                <isActive>true</isActive>
                <script>tw.local.subject
SLA '&lt;#= tw.local.violationRecord.slaName #&gt;' has become violated</script>
                <isRule>false</isRule>
                <guid>guid:197d4ddc90fc5427:-1c619ffe:11def1582ed:-7a31</guid>
                <versionId>b2fca251-484d-45b0-a728-5c6fb59a9c9a</versionId>
            </TWComponent>
        </item>
        <item>
            <lastModified isNull="true" />
            <lastModifiedBy isNull="true" />
            <processItemId>2025.202d6a13-ea06-44dc-8208-32b7185db848</processItemId>
            <processId>1.a3433bd0-b0ca-4049-8edb-f20064e86696</processId>
            <name>Send Email from Teamworks</name>
            <tWComponentName>SubProcess</tWComponentName>
            <tWComponentId>3012.135e236d-ad0a-45b7-89b1-9150cfc856d5</tWComponentId>
            <isLogEnabled>false</isLogEnabled>
            <isTraceEnabled>false</isTraceEnabled>
            <traceCategory isNull="true" />
            <traceLevel isNull="true" />
            <traceMessage isNull="true" />
            <traceSymbolTable isNull="true" />
            <isExecutionContextTraced>false</isExecutionContextTraced>
            <saveExecutionContext>false</saveExecutionContext>
            <documentation isNull="true" />
            <isErrorHandlerEnabled>false</isErrorHandlerEnabled>
            <errorHandlerItemId isNull="true" />
            <guid>guid:6d7d6833d25d646c:101acff:11228b8f1e8:-7eff</guid>
            <versionId>570575fe-8110-4bb0-8861-f9c2b720a368</versionId>
            <layoutData x="745" y="83">
                <errorLink>
                    <controlPoints />
                    <showEndState>false</showEndState>
                    <showName>false</showName>
                </errorLink>
            </layoutData>
            <TWComponent>
                <lastModified isNull="true" />
                <lastModifiedBy isNull="true" />
                <subProcessId>3012.135e236d-ad0a-45b7-89b1-9150cfc856d5</subProcessId>
                <attachedProcessRef>/1.13cc4635-1e1b-4165-9afa-6f411d4b4f62</attachedProcessRef>
                <guid>guid:197d4ddc90fc5427:-1c619ffe:11def1582ed:-7a5e</guid>
                <versionId>2ef2e287-2320-4133-a47e-95e48412c477</versionId>
                <parameterMapping name="cc">
                    <lastModified isNull="true" />
                    <lastModifiedBy isNull="true" />
                    <parameterMappingId>2054.4da1255f-ea1d-49b7-8a71-452dcda704ac</parameterMappingId>
                    <processParameterId>2055.50e8c0fd-6bc1-4da9-9cb2-d084644dd6de</processParameterId>
                    <parameterMappingParentId>3012.135e236d-ad0a-45b7-89b1-9150cfc856d5</parameterMappingParentId>
                    <useDefault>true</useDefault>
                    <value isNull="true" />
                    <classRef>/12.db884a3c-c533-44b7-bb2d-47bec8ad4022</classRef>
                    <isList>false</isList>
                    <isInput>true</isInput>
                    <guid>guid:197d4ddc90fc5427:-1c619ffe:11def1582ed:-7a41</guid>
                    <versionId>00e28f87-b7a0-4bc3-b11f-2010c8372582</versionId>
                    <description isNull="true" />
                </parameterMapping>
                <parameterMapping name="smtpHost">
                    <lastModified isNull="true" />
                    <lastModifiedBy isNull="true" />
                    <parameterMappingId>2054.0a3815b7-cdcb-495e-bdc7-9c3441cb9fa2</parameterMappingId>
                    <processParameterId>2055.941ed838-3fbe-42f5-b8b4-57064fc0f743</processParameterId>
                    <parameterMappingParentId>3012.135e236d-ad0a-45b7-89b1-9150cfc856d5</parameterMappingParentId>
                    <useDefault>true</useDefault>
                    <value isNull="true" />
                    <classRef>/12.db884a3c-c533-44b7-bb2d-47bec8ad4022</classRef>
                    <isList>false</isList>
                    <isInput>true</isInput>
                    <guid>guid:197d4ddc90fc5427:-1c619ffe:11def1582ed:-7a42</guid>
                    <versionId>0e232cdd-9cdb-4a5f-ac4d-dc41b26a9dd5</versionId>
                    <description isNull="true" />
                </parameterMapping>
                <parameterMapping name="to">
                    <lastModified isNull="true" />
                    <lastModifiedBy isNull="true" />
                    <parameterMappingId>2054.3d165976-490f-4d82-8d18-26cb183add97</parameterMappingId>
                    <processParameterId>2055.e4a8f4de-e03d-4a22-aac3-ced21eeb6f26</processParameterId>
                    <parameterMappingParentId>3012.135e236d-ad0a-45b7-89b1-9150cfc856d5</parameterMappingParentId>
                    <useDefault>false</useDefault>
                    <value>tw.local.to</value>
                    <classRef>/12.db884a3c-c533-44b7-bb2d-47bec8ad4022</classRef>
                    <isList>false</isList>
                    <isInput>true</isInput>
                    <guid>guid:197d4ddc90fc5427:-1c619ffe:11def1582ed:-7a47</guid>
                    <versionId>1436c872-faba-40ba-a887-bd55a7ec8141</versionId>
                    <description isNull="true" />
                </parameterMapping>
                <parameterMapping name="attachmentFileNames">
                    <lastModified isNull="true" />
                    <lastModifiedBy isNull="true" />
                    <parameterMappingId>2054.a54e8847-b2b1-496c-81b1-b1de5cf3a4ea</parameterMappingId>
                    <processParameterId>2055.5309394e-b0d6-44c1-83be-be3b5b9ba8b1</processParameterId>
                    <parameterMappingParentId>3012.135e236d-ad0a-45b7-89b1-9150cfc856d5</parameterMappingParentId>
                    <useDefault>true</useDefault>
                    <value isNull="true" />
                    <classRef>/12.db884a3c-c533-44b7-bb2d-47bec8ad4022</classRef>
                    <isList>false</isList>
                    <isInput>true</isInput>
                    <guid>guid:197d4ddc90fc5427:-1c619ffe:11def1582ed:-7a3d</guid>
                    <versionId>1e4eeb35-2dbd-42f1-937c-aa0f98d9cca4</versionId>
                    <description isNull="true" />
                </parameterMapping>
                <parameterMapping name="subject">
                    <lastModified isNull="true" />
                    <lastModifiedBy isNull="true" />
                    <parameterMappingId>2054.becfd55b-c1be-4eed-b447-5af865734b2c</parameterMappingId>
                    <processParameterId>2055.bb90bf7b-d066-47c7-96fd-1b8984a5246d</processParameterId>
                    <parameterMappingParentId>3012.135e236d-ad0a-45b7-89b1-9150cfc856d5</parameterMappingParentId>
                    <useDefault>false</useDefault>
                    <value>tw.local.subject</value>
                    <classRef>/12.db884a3c-c533-44b7-bb2d-47bec8ad4022</classRef>
                    <isList>false</isList>
                    <isInput>true</isInput>
                    <guid>guid:197d4ddc90fc5427:-1c619ffe:11def1582ed:-7a45</guid>
                    <versionId>20d17b1d-c58f-4c02-8e29-14f153f3f03a</versionId>
                    <description isNull="true" />
                </parameterMapping>
                <parameterMapping name="messageText">
                    <lastModified isNull="true" />
                    <lastModifiedBy isNull="true" />
                    <parameterMappingId>2054.cd449cec-bcba-4f4b-8510-b069c7198728</parameterMappingId>
                    <processParameterId>2055.e8912baa-d516-4758-be53-20c3d6c61326</processParameterId>
                    <parameterMappingParentId>3012.135e236d-ad0a-45b7-89b1-9150cfc856d5</parameterMappingParentId>
                    <useDefault>false</useDefault>
                    <value>tw.local.messageText</value>
                    <classRef>/12.db884a3c-c533-44b7-bb2d-47bec8ad4022</classRef>
                    <isList>false</isList>
                    <isInput>true</isInput>
                    <guid>guid:197d4ddc90fc5427:-1c619ffe:11def1582ed:-7a44</guid>
                    <versionId>2537b85e-509c-4c74-aad3-9c429538cb5f</versionId>
                    <description isNull="true" />
                </parameterMapping>
                <parameterMapping name="contentType">
                    <lastModified isNull="true" />
                    <lastModifiedBy isNull="true" />
                    <parameterMappingId>2054.3f6415c1-fd22-4fed-8d29-c7c4debef96e</parameterMappingId>
                    <processParameterId>2055.3e811662-d427-4537-b2f6-fa9907d9677c</processParameterId>
                    <parameterMappingParentId>3012.135e236d-ad0a-45b7-89b1-9150cfc856d5</parameterMappingParentId>
                    <useDefault>true</useDefault>
                    <value isNull="true" />
                    <classRef>/12.db884a3c-c533-44b7-bb2d-47bec8ad4022</classRef>
                    <isList>false</isList>
                    <isInput>true</isInput>
                    <guid>guid:197d4ddc90fc5427:-1c619ffe:11def1582ed:-7a43</guid>
                    <versionId>52ef0ac9-9ba5-4b72-b17b-716c5878daee</versionId>
                    <description isNull="true" />
                </parameterMapping>
                <parameterMapping name="bcc">
                    <lastModified isNull="true" />
                    <lastModifiedBy isNull="true" />
                    <parameterMappingId>2054.ec7e493b-bd70-4d90-9aed-747ca247e78f</parameterMappingId>
                    <processParameterId>2055.7190c535-7820-4319-9b19-3bd1bfb74112</processParameterId>
                    <parameterMappingParentId>3012.135e236d-ad0a-45b7-89b1-9150cfc856d5</parameterMappingParentId>
                    <useDefault>true</useDefault>
                    <value isNull="true" />
                    <classRef>/12.db884a3c-c533-44b7-bb2d-47bec8ad4022</classRef>
                    <isList>false</isList>
                    <isInput>true</isInput>
                    <guid>guid:197d4ddc90fc5427:-1c619ffe:11def1582ed:-7a40</guid>
                    <versionId>6cf52fa9-a981-44a9-acf0-6e6c0ed745ac</versionId>
                    <description isNull="true" />
                </parameterMapping>
                <parameterMapping name="from">
                    <lastModified isNull="true" />
                    <lastModifiedBy isNull="true" />
                    <parameterMappingId>2054.a02773f5-19fb-4336-be4b-ab0e6be497a0</parameterMappingId>
                    <processParameterId>2055.51fca2c0-8a77-45f5-9e68-542b26e07ea3</processParameterId>
                    <parameterMappingParentId>3012.135e236d-ad0a-45b7-89b1-9150cfc856d5</parameterMappingParentId>
                    <useDefault>false</useDefault>
                    <value>tw.local.from</value>
                    <classRef>/12.db884a3c-c533-44b7-bb2d-47bec8ad4022</classRef>
                    <isList>false</isList>
                    <isInput>true</isInput>
                    <guid>guid:197d4ddc90fc5427:-1c619ffe:11def1582ed:-7a46</guid>
                    <versionId>6f890bfe-0c9b-4f8d-aa9e-eab66c550923</versionId>
                    <description isNull="true" />
                </parameterMapping>
                <parameterMapping name="importance">
                    <lastModified isNull="true" />
                    <lastModifiedBy isNull="true" />
                    <parameterMappingId>2054.b8c4756d-9bfb-4871-bf9b-559cbe520197</parameterMappingId>
                    <processParameterId>2055.39892d28-b0cb-4907-a4cc-ceae9d67bd8f</processParameterId>
                    <parameterMappingParentId>3012.135e236d-ad0a-45b7-89b1-9150cfc856d5</parameterMappingParentId>
                    <useDefault>true</useDefault>
                    <value isNull="true" />
                    <classRef>/12.db884a3c-c533-44b7-bb2d-47bec8ad4022</classRef>
                    <isList>false</isList>
                    <isInput>true</isInput>
                    <guid>guid:197d4ddc90fc5427:-1c619ffe:11def1582ed:-7a3e</guid>
                    <versionId>8b8881c5-a0c0-44aa-948b-2e493765bfff</versionId>
                    <description isNull="true" />
                </parameterMapping>
                <parameterMapping name="replyTo">
                    <lastModified isNull="true" />
                    <lastModifiedBy isNull="true" />
                    <parameterMappingId>2054.895fe276-c6b2-465f-9560-c19d577d3df5</parameterMappingId>
                    <processParameterId>2055.406ae771-5c04-4a03-9860-7a5d51f80757</processParameterId>
                    <parameterMappingParentId>3012.135e236d-ad0a-45b7-89b1-9150cfc856d5</parameterMappingParentId>
                    <useDefault>true</useDefault>
                    <value isNull="true" />
                    <classRef>/12.db884a3c-c533-44b7-bb2d-47bec8ad4022</classRef>
                    <isList>false</isList>
                    <isInput>true</isInput>
                    <guid>guid:197d4ddc90fc5427:-1c619ffe:11def1582ed:-7a3f</guid>
                    <versionId>9a70f528-cd34-4b21-87d7-fdeb6f7e256f</versionId>
                    <description isNull="true" />
                </parameterMapping>
            </TWComponent>
        </item>
        <item>
            <lastModified isNull="true" />
            <lastModifiedBy isNull="true" />
            <processItemId>2025.d856c8b0-c17b-4671-b1e0-9850e074d83c</processItemId>
            <processId>1.a3433bd0-b0ca-4049-8edb-f20064e86696</processId>
            <name>Set Message Text</name>
            <tWComponentName>Script</tWComponentName>
            <tWComponentId>3011.b2c59fab-aae4-42eb-936e-414cd7f6bf58</tWComponentId>
            <isLogEnabled>false</isLogEnabled>
            <isTraceEnabled>false</isTraceEnabled>
            <traceCategory isNull="true" />
            <traceLevel isNull="true" />
            <traceMessage isNull="true" />
            <traceSymbolTable isNull="true" />
            <isExecutionContextTraced>false</isExecutionContextTraced>
            <saveExecutionContext>false</saveExecutionContext>
            <documentation isNull="true" />
            <isErrorHandlerEnabled>false</isErrorHandlerEnabled>
            <errorHandlerItemId isNull="true" />
            <guid>guid:6d7d6833d25d646c:101acff:11228b8f1e8:-7ec6</guid>
            <versionId>69d5acd9-8d79-4bae-8045-b91f1ca8bb98</versionId>
            <layoutData x="602" y="83">
                <errorLink>
                    <controlPoints />
                    <showEndState>false</showEndState>
                    <showName>false</showName>
                </errorLink>
            </layoutData>
            <TWComponent>
                <lastModified isNull="true" />
                <lastModifiedBy isNull="true" />
                <scriptId>3011.b2c59fab-aae4-42eb-936e-414cd7f6bf58</scriptId>
                <scriptTypeId>128</scriptTypeId>
                <isActive>true</isActive>
                <script>tw.local.messageText
SLA &lt;b&gt;&lt;#= tw.local.violationRecord.slaName #&gt;&lt;/b&gt; became violated at &lt;#= tw.local.violationRecord.violationTime #&gt;.
&lt;p&gt;
The violation level was &lt;#= tw.local.violationRecord.violationLevel #&gt;.

&lt;#
var url = null;
//var clientServices = Packages.com.lombardisoftware.client.delegate.ClientServicesDelegateFactory.getInstance().newInstance();
//var elements = clientServices.getScoreboardTWTreeElements();
//for(var it = elements.iterator(); it.hasNext(); ) {
//    var element = it.next();
//    if (element.getName() == "PM SLA Overview") {
//        var portalPrefix = Packages.com.lombardisoftware.core.config.TWConfiguration.getInstance().getCommon().getPortalPrefix();
//        if (portalPrefix!=null) {
//            url = "&lt;a href='"+portalPrefix + "/jsp/viewScoreboard.do?id="+element.getId()+"'&gt;PM SLA Overview&lt;/a&gt;";
//        }
//        break;
//    }
//}
if (url!=null) {
#&gt;
&lt;p&gt;
You can view the status of SLAs at the following location: &lt;#= url #&gt;
&lt;#
}
#&gt;</script>
                <isRule>false</isRule>
                <guid>guid:197d4ddc90fc5427:-1c619ffe:11def1582ed:-7a39</guid>
                <versionId>da2c1dca-8efc-4d8d-bd30-56b805f75c4f</versionId>
            </TWComponent>
        </item>
        <startingProcessItemId>2025.d2b0ce77-ead6-4b01-965e-f6d2ead0cd0d</startingProcessItemId>
        <errorHandlerItemId isNull="true" />
        <layoutData noConversion="true">
            <errorLink>
                <controlPoints />
                <showEndState>false</showEndState>
                <showName>false</showName>
            </errorLink>
        </layoutData>
        <startPoint>
            <layoutData x="100" y="98">
                <errorLink>
                    <controlPoints />
                    <showEndState>false</showEndState>
                    <showName>false</showName>
                </errorLink>
            </layoutData>
        </startPoint>
        <startLink>
            <fromPort locationId="rightCenter" portType="1" />
            <toPort locationId="leftCenter" portType="2" />
            <layoutData>
                <controlPoints />
                <showEndState>false</showEndState>
                <showName>false</showName>
            </layoutData>
        </startLink>
        <link name="Untitled">
            <lastModified isNull="true" />
            <lastModifiedBy isNull="true" />
            <processLinkId>2027.c0ed7953-19af-469e-866a-e51d8faaa8d4</processLinkId>
            <processId>1.a3433bd0-b0ca-4049-8edb-f20064e86696</processId>
            <description isNull="true" />
            <fromProcessItemId>2025.cd754a64-e51a-4240-bd30-f75578768be0</fromProcessItemId>
            <endStateId>Out</endStateId>
            <toProcessItemId>2025.d856c8b0-c17b-4671-b1e0-9850e074d83c</toProcessItemId>
            <guid>guid:197d4ddc90fc5427:-1c619ffe:11def1582ed:-7a2d</guid>
            <versionId>1e7ba54f-1089-4da8-abd7-b437fcad3d7e</versionId>
            <layoutData>
                <controlPoints />
                <showEndState>false</showEndState>
                <showName>false</showName>
            </layoutData>
            <fromItemPort locationId="rightCenter" portType="1" />
            <toItemPort locationId="leftCenter" portType="2" />
            <fromProcessItemId>2025.cd754a64-e51a-4240-bd30-f75578768be0</fromProcessItemId>
            <toProcessItemId>2025.d856c8b0-c17b-4671-b1e0-9850e074d83c</toProcessItemId>
        </link>
        <link name="Untitled">
            <lastModified isNull="true" />
            <lastModifiedBy isNull="true" />
            <processLinkId>2027.97332a24-eb68-4185-9dde-1bf9d9f85d36</processLinkId>
            <processId>1.a3433bd0-b0ca-4049-8edb-f20064e86696</processId>
            <description isNull="true" />
            <fromProcessItemId>2025.d2b0ce77-ead6-4b01-965e-f6d2ead0cd0d</fromProcessItemId>
            <endStateId>Out</endStateId>
            <toProcessItemId>2025.cd754a64-e51a-4240-bd30-f75578768be0</toProcessItemId>
            <guid>guid:197d4ddc90fc5427:-1c619ffe:11def1582ed:-7a2f</guid>
            <versionId>2cb6df78-f8c4-4aa6-8ed6-927526d6a5ca</versionId>
            <layoutData>
                <controlPoints />
                <showEndState>false</showEndState>
                <showName>false</showName>
            </layoutData>
            <fromItemPort locationId="rightCenter" portType="1" />
            <toItemPort locationId="leftCenter" portType="2" />
            <fromProcessItemId>2025.d2b0ce77-ead6-4b01-965e-f6d2ead0cd0d</fromProcessItemId>
            <toProcessItemId>2025.cd754a64-e51a-4240-bd30-f75578768be0</toProcessItemId>
        </link>
        <link name="Untitled">
            <lastModified isNull="true" />
            <lastModifiedBy isNull="true" />
            <processLinkId>2027.97981074-0fcd-4152-8255-afaa4fded5c6</processLinkId>
            <processId>1.a3433bd0-b0ca-4049-8edb-f20064e86696</processId>
            <description isNull="true" />
            <fromProcessItemId>2025.d856c8b0-c17b-4671-b1e0-9850e074d83c</fromProcessItemId>
            <endStateId>Out</endStateId>
            <toProcessItemId>2025.202d6a13-ea06-44dc-8208-32b7185db848</toProcessItemId>
            <guid>guid:197d4ddc90fc5427:-1c619ffe:11def1582ed:-7a2b</guid>
            <versionId>3b96c567-f140-48e9-b68c-1ab4eb050d55</versionId>
            <layoutData>
                <controlPoints />
                <showEndState>false</showEndState>
                <showName>false</showName>
            </layoutData>
            <fromItemPort locationId="rightCenter" portType="1" />
            <toItemPort locationId="leftCenter" portType="2" />
            <fromProcessItemId>2025.d856c8b0-c17b-4671-b1e0-9850e074d83c</fromProcessItemId>
            <toProcessItemId>2025.202d6a13-ea06-44dc-8208-32b7185db848</toProcessItemId>
        </link>
        <link name="Untitled">
            <lastModified isNull="true" />
            <lastModifiedBy isNull="true" />
            <processLinkId>2027.7a2bbfc7-5442-4568-b100-155cb639c4ab</processLinkId>
            <processId>1.a3433bd0-b0ca-4049-8edb-f20064e86696</processId>
            <description isNull="true" />
            <fromProcessItemId>2025.202d6a13-ea06-44dc-8208-32b7185db848</fromProcessItemId>
            <endStateId>guid:6d7d6833d25d646c:143c423:11226a15f86:-7d8b</endStateId>
            <toProcessItemId>2025.db2c6fc8-3f5b-45be-b819-cf5b7368c8b1</toProcessItemId>
            <guid>guid:197d4ddc90fc5427:-1c619ffe:11def1582ed:-7a29</guid>
            <versionId>5fcca113-cb75-48b5-8478-822dd1d383de</versionId>
            <layoutData>
                <controlPoints />
                <showEndState>false</showEndState>
                <showName>false</showName>
            </layoutData>
            <fromItemPort locationId="rightCenter" portType="1" />
            <toItemPort locationId="leftCenter" portType="2" />
            <fromProcessItemId>2025.202d6a13-ea06-44dc-8208-32b7185db848</fromProcessItemId>
            <toProcessItemId>2025.db2c6fc8-3f5b-45be-b819-cf5b7368c8b1</toProcessItemId>
        </link>
        <link name="Untitled">
            <lastModified isNull="true" />
            <lastModifiedBy isNull="true" />
            <processLinkId>2027.35b9c3c5-cb83-4e9f-bbca-3f3554c59904</processLinkId>
            <processId>1.a3433bd0-b0ca-4049-8edb-f20064e86696</processId>
            <description isNull="true" />
            <fromProcessItemId>2025.cd754a64-e51a-4240-bd30-f75578768be0</fromProcessItemId>
            <endStateId>Out</endStateId>
            <toProcessItemId>2025.d856c8b0-c17b-4671-b1e0-9850e074d83c</toProcessItemId>
            <guid>guid:197d4ddc90fc5427:-1c619ffe:11def1582ed:-7a2d</guid>
            <versionId>7375c0f4-0d3c-485b-86aa-dc71e152a4d7</versionId>
            <layoutData>
                <controlPoints />
                <showEndState>false</showEndState>
                <showName>false</showName>
            </layoutData>
            <fromItemPort locationId="rightCenter" portType="1" />
            <toItemPort locationId="leftCenter" portType="2" />
            <fromProcessItemId>2025.cd754a64-e51a-4240-bd30-f75578768be0</fromProcessItemId>
            <toProcessItemId>2025.d856c8b0-c17b-4671-b1e0-9850e074d83c</toProcessItemId>
        </link>
        <link name="Untitled">
            <lastModified isNull="true" />
            <lastModifiedBy isNull="true" />
            <processLinkId>2027.ae6f0fb5-8f27-42f4-bbff-5a18c60244d5</processLinkId>
            <processId>1.a3433bd0-b0ca-4049-8edb-f20064e86696</processId>
            <description isNull="true" />
            <fromProcessItemId>2025.d2b0ce77-ead6-4b01-965e-f6d2ead0cd0d</fromProcessItemId>
            <endStateId>Out</endStateId>
            <toProcessItemId>2025.cd754a64-e51a-4240-bd30-f75578768be0</toProcessItemId>
            <guid>guid:197d4ddc90fc5427:-1c619ffe:11def1582ed:-7a2f</guid>
            <versionId>7f92c2f4-dc71-4b2a-bfbf-6e122076a910</versionId>
            <layoutData>
                <controlPoints />
                <showEndState>false</showEndState>
                <showName>false</showName>
            </layoutData>
            <fromItemPort locationId="rightCenter" portType="1" />
            <toItemPort locationId="leftCenter" portType="2" />
            <fromProcessItemId>2025.d2b0ce77-ead6-4b01-965e-f6d2ead0cd0d</fromProcessItemId>
            <toProcessItemId>2025.cd754a64-e51a-4240-bd30-f75578768be0</toProcessItemId>
        </link>
        <link name="Untitled">
            <lastModified isNull="true" />
            <lastModifiedBy isNull="true" />
            <processLinkId>2027.87583f15-038f-49a1-ac10-7716d9a09a8b</processLinkId>
            <processId>1.a3433bd0-b0ca-4049-8edb-f20064e86696</processId>
            <description isNull="true" />
            <fromProcessItemId>2025.202d6a13-ea06-44dc-8208-32b7185db848</fromProcessItemId>
            <endStateId>guid:6d7d6833d25d646c:143c423:11226a15f86:-7d8b</endStateId>
            <toProcessItemId>2025.db2c6fc8-3f5b-45be-b819-cf5b7368c8b1</toProcessItemId>
            <guid>guid:197d4ddc90fc5427:-1c619ffe:11def1582ed:-7a29</guid>
            <versionId>b8704839-1a4f-4186-b01f-b924c534ce8b</versionId>
            <layoutData>
                <controlPoints />
                <showEndState>false</showEndState>
                <showName>false</showName>
            </layoutData>
            <fromItemPort locationId="rightCenter" portType="1" />
            <toItemPort locationId="leftCenter" portType="2" />
            <fromProcessItemId>2025.202d6a13-ea06-44dc-8208-32b7185db848</fromProcessItemId>
            <toProcessItemId>2025.db2c6fc8-3f5b-45be-b819-cf5b7368c8b1</toProcessItemId>
        </link>
        <link name="Untitled">
            <lastModified isNull="true" />
            <lastModifiedBy isNull="true" />
            <processLinkId>2027.a7c6421b-47b9-46af-bd80-e2e4abd5316c</processLinkId>
            <processId>1.a3433bd0-b0ca-4049-8edb-f20064e86696</processId>
            <description isNull="true" />
            <fromProcessItemId>2025.d856c8b0-c17b-4671-b1e0-9850e074d83c</fromProcessItemId>
            <endStateId>Out</endStateId>
            <toProcessItemId>2025.202d6a13-ea06-44dc-8208-32b7185db848</toProcessItemId>
            <guid>guid:197d4ddc90fc5427:-1c619ffe:11def1582ed:-7a2b</guid>
            <versionId>c732c240-2648-4f7f-806d-165921e0477a</versionId>
            <layoutData>
                <controlPoints />
                <showEndState>false</showEndState>
                <showName>false</showName>
            </layoutData>
            <fromItemPort locationId="rightCenter" portType="1" />
            <toItemPort locationId="leftCenter" portType="2" />
            <fromProcessItemId>2025.d856c8b0-c17b-4671-b1e0-9850e074d83c</fromProcessItemId>
            <toProcessItemId>2025.202d6a13-ea06-44dc-8208-32b7185db848</toProcessItemId>
        </link>
    </process>
</teamworks>

