<?xml version="1.0" encoding="UTF-8"?>
<teamworks>
    <process id="1.a67eb4e6-b893-45bd-9252-3f3c69397286" name="Default BPD Event">
        <lastModified>1361372673512</lastModified>
        <lastModifiedBy>Internal TW Admin user</lastModifiedBy>
        <processId>1.a67eb4e6-b893-45bd-9252-3f3c69397286</processId>
        <image isNull="true" />
        <tabGroup isNull="true" />
        <startingProcessItemId>2025.bdb5f806-f306-4f89-a6e3-aaec9e1872b9</startingProcessItemId>
        <isRootProcess>false</isRootProcess>
        <processType>6</processType>
        <isErrorHandlerEnabled>false</isErrorHandlerEnabled>
        <errorHandlerItemId isNull="true" />
        <isLoggingVariables>false</isLoggingVariables>
        <isTransactional>false</isTransactional>
        <processTimingLevel isNull="true" />
        <participantRef isNull="true" />
        <exposedType isNull="true" />
        <isTrackingEnabled>true</isTrackingEnabled>
        <xmlData isNull="true" />
        <cachingType>false</cachingType>
        <itemLabel isNull="true" />
        <cacheLength>43200</cacheLength>
        <mobileReady>false</mobileReady>
        <sboSyncEnabled>true</sboSyncEnabled>
        <externalId isNull="true" />
        <isSecured>false</isSecured>
        <description isNull="true" />
        <guid>guid:1834ad1ced21c429:274e910:1064a9c5d32:-7f98</guid>
        <versionId>b8b96861-7b08-42d6-b425-744015a2383f</versionId>
        <dependencySummary isNull="true" />
        <processParameter name="correlationKey">
            <lastModified isNull="true" />
            <lastModifiedBy isNull="true" />
            <processParameterId>2055.294d86d1-f505-4417-b95c-fdd617e3e749</processParameterId>
            <processId>1.a67eb4e6-b893-45bd-9252-3f3c69397286</processId>
            <parameterType>1</parameterType>
            <isArrayOf>false</isArrayOf>
            <classId>/12.db884a3c-c533-44b7-bb2d-47bec8ad4022</classId>
            <seq>1</seq>
            <hasDefault>true</hasDefault>
            <defaultValue>"default BPD EVENT Correlation Key"</defaultValue>
            <isLocked>false</isLocked>
            <description isNull="true" />
            <guid>guid:197d4ddc90fc5427:-1c619ffe:11def1582ed:-7b55</guid>
            <versionId>ef771de7-534c-4dd4-ab0a-b2d12fd6a67c</versionId>
        </processParameter>
        <processParameter name="value">
            <lastModified isNull="true" />
            <lastModifiedBy isNull="true" />
            <processParameterId>2055.6848a6ba-8453-47d6-82dd-4834e11c3e2d</processParameterId>
            <processId>1.a67eb4e6-b893-45bd-9252-3f3c69397286</processId>
            <parameterType>1</parameterType>
            <isArrayOf>false</isArrayOf>
            <classId>/12.db884a3c-c533-44b7-bb2d-47bec8ad4022</classId>
            <seq>2</seq>
            <hasDefault>true</hasDefault>
            <defaultValue>"default BPD EVENT Value"</defaultValue>
            <isLocked>false</isLocked>
            <description isNull="true" />
            <guid>guid:197d4ddc90fc5427:-1c619ffe:11def1582ed:-7b53</guid>
            <versionId>8c464449-20f2-4aab-be89-be011844ee3b</versionId>
        </processParameter>
        <processParameter name="correlationKey">
            <lastModified isNull="true" />
            <lastModifiedBy isNull="true" />
            <processParameterId>2055.9f5703a5-ed5d-4c70-a400-5360ffa4350b</processParameterId>
            <processId>1.a67eb4e6-b893-45bd-9252-3f3c69397286</processId>
            <parameterType>2</parameterType>
            <isArrayOf>false</isArrayOf>
            <classId>/12.db884a3c-c533-44b7-bb2d-47bec8ad4022</classId>
            <seq>3</seq>
            <hasDefault>false</hasDefault>
            <defaultValue>""</defaultValue>
            <isLocked>false</isLocked>
            <description isNull="true" />
            <guid>guid:197d4ddc90fc5427:-1c619ffe:11def1582ed:-7b51</guid>
            <versionId>dcc06d8a-0a7d-4821-a5f3-36721601d93d</versionId>
        </processParameter>
        <processParameter name="value">
            <lastModified isNull="true" />
            <lastModifiedBy isNull="true" />
            <processParameterId>2055.763de4cf-7f49-40c1-a0c0-018e32c0bcf8</processParameterId>
            <processId>1.a67eb4e6-b893-45bd-9252-3f3c69397286</processId>
            <parameterType>2</parameterType>
            <isArrayOf>false</isArrayOf>
            <classId>/12.db884a3c-c533-44b7-bb2d-47bec8ad4022</classId>
            <seq>4</seq>
            <hasDefault>false</hasDefault>
            <defaultValue>""</defaultValue>
            <isLocked>false</isLocked>
            <description isNull="true" />
            <guid>guid:197d4ddc90fc5427:-1c619ffe:11def1582ed:-7b4f</guid>
            <versionId>dd264cd2-8426-437b-8bae-b05253e40465</versionId>
        </processParameter>
        <item>
            <lastModified isNull="true" />
            <lastModifiedBy isNull="true" />
            <processItemId>2025.bdb5f806-f306-4f89-a6e3-aaec9e1872b9</processItemId>
            <processId>1.a67eb4e6-b893-45bd-9252-3f3c69397286</processId>
            <name>End</name>
            <tWComponentName>ExitPoint</tWComponentName>
            <tWComponentId>3008.db6d70cb-fa5a-4d3d-8b62-1991bcfd855f</tWComponentId>
            <isLogEnabled>false</isLogEnabled>
            <isTraceEnabled>false</isTraceEnabled>
            <traceCategory isNull="true" />
            <traceLevel isNull="true" />
            <traceMessage isNull="true" />
            <traceSymbolTable isNull="true" />
            <isExecutionContextTraced>false</isExecutionContextTraced>
            <saveExecutionContext>true</saveExecutionContext>
            <documentation isNull="true" />
            <isErrorHandlerEnabled>false</isErrorHandlerEnabled>
            <errorHandlerItemId isNull="true" />
            <guid>guid:1834ad1ced21c429:274e910:1064a9c5d32:-7f97</guid>
            <versionId>7fc808da-e45e-4b52-bbfd-fee4299f3d1e</versionId>
            <processPrePosts>
                <lastModified isNull="true" />
                <lastModifiedBy isNull="true" />
                <processItemPrePostId>2029.0375ac8b-b622-49ba-b2a0-864db6f55c4d</processItemPrePostId>
                <processItemId>2025.bdb5f806-f306-4f89-a6e3-aaec9e1872b9</processItemId>
                <location>1</location>
                <script>//java.lang.System.out.println("Corr Key: ." + tw.local.correlationKey + ".");
//java.lang.System.out.println("Value Key: ." + tw.local.value + ".");
</script>
                <guid>guid:197d4ddc90fc5427:-1c619ffe:11def1582ed:-7b4a</guid>
                <versionId>3e9992bc-3d62-46cb-b409-1177dc1a4ba7</versionId>
            </processPrePosts>
            <processPrePosts>
                <lastModified isNull="true" />
                <lastModifiedBy isNull="true" />
                <processItemPrePostId>2029.257d7b09-1eb4-4344-8221-cc20df2c5beb</processItemPrePostId>
                <processItemId>2025.bdb5f806-f306-4f89-a6e3-aaec9e1872b9</processItemId>
                <location>1</location>
                <script>//java.lang.System.out.println("Corr Key: ." + tw.local.correlationKey + ".");
//java.lang.System.out.println("Value Key: ." + tw.local.value + ".");
</script>
                <guid>guid:197d4ddc90fc5427:-1c619ffe:11def1582ed:-7b4a</guid>
                <versionId>4a1fed30-ad94-4014-9eba-360c6e317429</versionId>
            </processPrePosts>
            <layoutData x="422" y="100">
                <errorLink>
                    <controlPoints />
                    <showEndState>false</showEndState>
                    <showName>false</showName>
                </errorLink>
            </layoutData>
            <TWComponent>
                <lastModified isNull="true" />
                <lastModifiedBy isNull="true" />
                <exitPointId>3008.db6d70cb-fa5a-4d3d-8b62-1991bcfd855f</exitPointId>
                <haltProcess>false</haltProcess>
                <guid>guid:197d4ddc90fc5427:-1c619ffe:11def1582ed:-7b49</guid>
                <versionId>66f32ed0-ae33-489d-ad2f-1c563d87946a</versionId>
            </TWComponent>
        </item>
        <startingProcessItemId>2025.bdb5f806-f306-4f89-a6e3-aaec9e1872b9</startingProcessItemId>
        <errorHandlerItemId isNull="true" />
        <layoutData noConversion="true">
            <errorLink>
                <controlPoints />
                <showEndState>false</showEndState>
                <showName>false</showName>
            </errorLink>
        </layoutData>
        <startPoint>
            <layoutData x="20" y="100">
                <errorLink>
                    <controlPoints />
                    <showEndState>false</showEndState>
                    <showName>false</showName>
                </errorLink>
            </layoutData>
        </startPoint>
        <startLink>
            <fromPort locationId="rightCenter" portType="1" />
            <toPort locationId="leftCenter" portType="2" />
            <layoutData>
                <controlPoints />
                <showEndState>false</showEndState>
                <showName>false</showName>
            </layoutData>
        </startLink>
    </process>
</teamworks>

