<?xml version="1.0" encoding="UTF-8"?>
<teamworks>
    <process id="1.a67eb4e6-b893-45bd-9252-3f3c69397286" name="Default BPD Event">
        <lastModified>1361412273512</lastModified>
        <lastModifiedBy>Internal TW Admin user</lastModifiedBy>
        <processId>1.a67eb4e6-b893-45bd-9252-3f3c69397286</processId>
        <image isNull="true" />
        <tabGroup isNull="true" />
        <startingProcessItemId>2025.bdb5f806-f306-4f89-a6e3-aaec9e1872b9</startingProcessItemId>
        <isRootProcess>false</isRootProcess>
        <processType>6</processType>
        <isErrorHandlerEnabled>false</isErrorHandlerEnabled>
        <errorHandlerItemId isNull="true" />
        <isLoggingVariables>false</isLoggingVariables>
        <isTransactional>false</isTransactional>
        <processTimingLevel isNull="true" />
        <participantRef isNull="true" />
        <exposedType isNull="true" />
        <isTrackingEnabled>true</isTrackingEnabled>
        <xmlData isNull="true" />
        <cachingType>false</cachingType>
        <itemLabel isNull="true" />
        <cacheLength>43200</cacheLength>
        <mobileReady>false</mobileReady>
        <sboSyncEnabled>true</sboSyncEnabled>
        <externalId isNull="true" />
        <isSecured>false</isSecured>
        <description isNull="true" />
        <guid>guid:1834ad1ced21c429:274e910:1064a9c5d32:-7f98</guid>
        <versionId>b8b96861-7b08-42d6-b425-744015a2383f</versionId>
        <dependencySummary isNull="true" />
        <processParameter name="correlationKey">
            <lastModified isNull="true" />
            <lastModifiedBy isNull="true" />
            <processParameterId>2055.294d86d1-f505-4417-b95c-fdd617e3e749</processParameterId>
            <processId>1.a67eb4e6-b893-45bd-9252-3f3c69397286</processId>
            <parameterType>1</parameterType>
            <isArrayOf>false</isArrayOf>
            <classId>/12.db884a3c-c533-44b7-bb2d-47bec8ad4022</classId>
            <seq>1</seq>
            <hasDefault>true</hasDefault>
            <defaultValue>"default BPD EVENT Correlation Key"</defaultValue>
            <isLocked>false</isLocked>
            <description isNull="true" />
            <guid>guid:197d4ddc90fc5427:-1c619ffe:11def1582ed:-7b55</guid>
            <versionId>ccbb8f07-5cfc-4966-90ab-304db39c851d</versionId>
        </processParameter>
        <processParameter name="value">
            <lastModified isNull="true" />
            <lastModifiedBy isNull="true" />
            <processParameterId>2055.6848a6ba-8453-47d6-82dd-4834e11c3e2d</processParameterId>
            <processId>1.a67eb4e6-b893-45bd-9252-3f3c69397286</processId>
            <parameterType>1</parameterType>
            <isArrayOf>false</isArrayOf>
            <classId>/12.db884a3c-c533-44b7-bb2d-47bec8ad4022</classId>
            <seq>2</seq>
            <hasDefault>true</hasDefault>
            <defaultValue>"default BPD EVENT Value"</defaultValue>
            <isLocked>false</isLocked>
            <description isNull="true" />
            <guid>guid:197d4ddc90fc5427:-1c619ffe:11def1582ed:-7b53</guid>
            <versionId>b7e8cc1e-9ee1-468c-80ec-d6270c340237</versionId>
        </processParameter>
        <processParameter name="correlationKey">
            <lastModified isNull="true" />
            <lastModifiedBy isNull="true" />
            <processParameterId>2055.9f5703a5-ed5d-4c70-a400-5360ffa4350b</processParameterId>
            <processId>1.a67eb4e6-b893-45bd-9252-3f3c69397286</processId>
            <parameterType>2</parameterType>
            <isArrayOf>false</isArrayOf>
            <classId>/12.db884a3c-c533-44b7-bb2d-47bec8ad4022</classId>
            <seq>3</seq>
            <hasDefault>false</hasDefault>
            <defaultValue>""</defaultValue>
            <isLocked>false</isLocked>
            <description isNull="true" />
            <guid>guid:197d4ddc90fc5427:-1c619ffe:11def1582ed:-7b51</guid>
            <versionId>6fd079ac-92df-48f5-b8d8-3b00b98c2b44</versionId>
        </processParameter>
        <processParameter name="value">
            <lastModified isNull="true" />
            <lastModifiedBy isNull="true" />
            <processParameterId>2055.763de4cf-7f49-40c1-a0c0-018e32c0bcf8</processParameterId>
            <processId>1.a67eb4e6-b893-45bd-9252-3f3c69397286</processId>
            <parameterType>2</parameterType>
            <isArrayOf>false</isArrayOf>
            <classId>/12.db884a3c-c533-44b7-bb2d-47bec8ad4022</classId>
            <seq>4</seq>
            <hasDefault>false</hasDefault>
            <defaultValue>""</defaultValue>
            <isLocked>false</isLocked>
            <description isNull="true" />
            <guid>guid:197d4ddc90fc5427:-1c619ffe:11def1582ed:-7b4f</guid>
            <versionId>303eec4c-6280-4daf-aed2-9ba2129d1b8a</versionId>
        </processParameter>
        <item>
            <lastModified isNull="true" />
            <lastModifiedBy isNull="true" />
            <processItemId>2025.bdb5f806-f306-4f89-a6e3-aaec9e1872b9</processItemId>
            <processId>1.a67eb4e6-b893-45bd-9252-3f3c69397286</processId>
            <name>End</name>
            <tWComponentName>ExitPoint</tWComponentName>
            <tWComponentId>3008.02f86e04-5b1c-4d4e-bea6-81d1b75f8802</tWComponentId>
            <isLogEnabled>false</isLogEnabled>
            <isTraceEnabled>false</isTraceEnabled>
            <traceCategory isNull="true" />
            <traceLevel isNull="true" />
            <traceMessage isNull="true" />
            <traceSymbolTable isNull="true" />
            <isExecutionContextTraced>false</isExecutionContextTraced>
            <saveExecutionContext>true</saveExecutionContext>
            <documentation isNull="true" />
            <isErrorHandlerEnabled>false</isErrorHandlerEnabled>
            <errorHandlerItemId isNull="true" />
            <guid>guid:1834ad1ced21c429:274e910:1064a9c5d32:-7f97</guid>
            <versionId>d15ec39d-ddc1-4312-b69b-14b2c0a7fa33</versionId>
            <processPrePosts>
                <lastModified isNull="true" />
                <lastModifiedBy isNull="true" />
                <processItemPrePostId>2029.257d7b09-1eb4-4344-8221-cc20df2c5beb</processItemPrePostId>
                <processItemId>2025.bdb5f806-f306-4f89-a6e3-aaec9e1872b9</processItemId>
                <location>1</location>
                <script>//java.lang.System.out.println("Corr Key: ." + tw.local.correlationKey + ".");
//java.lang.System.out.println("Value Key: ." + tw.local.value + ".");
</script>
                <guid>guid:197d4ddc90fc5427:-1c619ffe:11def1582ed:-7b4a</guid>
                <versionId>36cdb9b5-9826-4ba0-b1e1-f51c07c5bda2</versionId>
            </processPrePosts>
            <processPrePosts>
                <lastModified isNull="true" />
                <lastModifiedBy isNull="true" />
                <processItemPrePostId>2029.0375ac8b-b622-49ba-b2a0-864db6f55c4d</processItemPrePostId>
                <processItemId>2025.bdb5f806-f306-4f89-a6e3-aaec9e1872b9</processItemId>
                <location>1</location>
                <script>//java.lang.System.out.println("Corr Key: ." + tw.local.correlationKey + ".");
//java.lang.System.out.println("Value Key: ." + tw.local.value + ".");
</script>
                <guid>guid:197d4ddc90fc5427:-1c619ffe:11def1582ed:-7b4a</guid>
                <versionId>64568bd1-9224-4ed5-b7d2-26da4aa5af59</versionId>
            </processPrePosts>
            <layoutData x="422" y="100">
                <errorLink>
                    <controlPoints />
                    <showEndState>false</showEndState>
                    <showName>false</showName>
                </errorLink>
            </layoutData>
            <TWComponent>
                <lastModified isNull="true" />
                <lastModifiedBy isNull="true" />
                <exitPointId>3008.02f86e04-5b1c-4d4e-bea6-81d1b75f8802</exitPointId>
                <haltProcess>false</haltProcess>
                <guid>guid:197d4ddc90fc5427:-1c619ffe:11def1582ed:-7b49</guid>
                <versionId>f2aa330e-28d3-4953-ae0c-0078dfb88789</versionId>
            </TWComponent>
        </item>
        <startingProcessItemId>2025.bdb5f806-f306-4f89-a6e3-aaec9e1872b9</startingProcessItemId>
        <errorHandlerItemId isNull="true" />
        <layoutData noConversion="true">
            <errorLink>
                <controlPoints />
                <showEndState>false</showEndState>
                <showName>false</showName>
            </errorLink>
        </layoutData>
        <startPoint>
            <layoutData x="20" y="100">
                <errorLink>
                    <controlPoints />
                    <showEndState>false</showEndState>
                    <showName>false</showName>
                </errorLink>
            </layoutData>
        </startPoint>
        <startLink>
            <fromPort locationId="rightCenter" portType="1" />
            <toPort locationId="leftCenter" portType="2" />
            <layoutData>
                <controlPoints />
                <showEndState>false</showEndState>
                <showName>false</showName>
            </layoutData>
        </startLink>
    </process>
</teamworks>

