<?xml version="1.0" encoding="UTF-8"?>
<teamworks>
    <process id="1.aa1410a7-acbe-46a4-be28-83a0fc6e9c25" name="Read email via IMAP">
        <lastModified>1361412273512</lastModified>
        <lastModifiedBy>Internal TW Admin user</lastModifiedBy>
        <processId>1.aa1410a7-acbe-46a4-be28-83a0fc6e9c25</processId>
        <image isNull="true" />
        <tabGroup isNull="true" />
        <startingProcessItemId>2025.32705a85-d2fe-4238-b97a-d53cdf8f34e0</startingProcessItemId>
        <isRootProcess>false</isRootProcess>
        <processType>4</processType>
        <isErrorHandlerEnabled>false</isErrorHandlerEnabled>
        <errorHandlerItemId isNull="true" />
        <isLoggingVariables>false</isLoggingVariables>
        <isTransactional>false</isTransactional>
        <processTimingLevel isNull="true" />
        <participantRef isNull="true" />
        <exposedType isNull="true" />
        <isTrackingEnabled>true</isTrackingEnabled>
        <xmlData isNull="true" />
        <cachingType>false</cachingType>
        <itemLabel isNull="true" />
        <cacheLength>43200</cacheLength>
        <mobileReady>false</mobileReady>
        <sboSyncEnabled>true</sboSyncEnabled>
        <externalId isNull="true" />
        <isSecured>false</isSecured>
        <description>Retrieves email from IMAP Mail Server</description>
        <guid>guid:12be50909032b80c:18f81ea7:11f41c537ad:-6871</guid>
        <versionId>4c6542d8-3548-4bcd-8305-ec8a4cd1f0cf</versionId>
        <dependencySummary isNull="true" />
        <processParameter name="server">
            <lastModified isNull="true" />
            <lastModifiedBy isNull="true" />
            <processParameterId>2055.526fa1a7-b53a-470e-82e0-bb45cec8ba3b</processParameterId>
            <processId>1.aa1410a7-acbe-46a4-be28-83a0fc6e9c25</processId>
            <parameterType>1</parameterType>
            <isArrayOf>false</isArrayOf>
            <classId>/12.db884a3c-c533-44b7-bb2d-47bec8ad4022</classId>
            <seq>1</seq>
            <hasDefault>false</hasDefault>
            <defaultValue isNull="true" />
            <isLocked>false</isLocked>
            <description>Name of IMAP mail server</description>
            <guid>guid:12be50909032b80c:18f81ea7:11f41c537ad:-682e</guid>
            <versionId>e6e597bc-5457-4f78-9718-6074f7feda29</versionId>
        </processParameter>
        <processParameter name="username">
            <lastModified isNull="true" />
            <lastModifiedBy isNull="true" />
            <processParameterId>2055.e61abc9d-e16c-4cb2-a0c1-76137df6e148</processParameterId>
            <processId>1.aa1410a7-acbe-46a4-be28-83a0fc6e9c25</processId>
            <parameterType>1</parameterType>
            <isArrayOf>false</isArrayOf>
            <classId>/12.db884a3c-c533-44b7-bb2d-47bec8ad4022</classId>
            <seq>2</seq>
            <hasDefault>false</hasDefault>
            <defaultValue isNull="true" />
            <isLocked>false</isLocked>
            <description isNull="true" />
            <guid>guid:12be50909032b80c:18f81ea7:11f41c537ad:-6824</guid>
            <versionId>42135a46-61eb-411a-804c-478424013226</versionId>
        </processParameter>
        <processParameter name="password">
            <lastModified isNull="true" />
            <lastModifiedBy isNull="true" />
            <processParameterId>2055.e14f9491-99d2-4e95-8c2a-450c6bc2c345</processParameterId>
            <processId>1.aa1410a7-acbe-46a4-be28-83a0fc6e9c25</processId>
            <parameterType>1</parameterType>
            <isArrayOf>false</isArrayOf>
            <classId>/12.db884a3c-c533-44b7-bb2d-47bec8ad4022</classId>
            <seq>3</seq>
            <hasDefault>false</hasDefault>
            <defaultValue isNull="true" />
            <isLocked>false</isLocked>
            <description isNull="true" />
            <guid>guid:12be50909032b80c:18f81ea7:11f41c537ad:-6823</guid>
            <versionId>426921f4-59f2-4b48-83d4-ad762455037c</versionId>
        </processParameter>
        <processParameter name="mailbox">
            <lastModified isNull="true" />
            <lastModifiedBy isNull="true" />
            <processParameterId>2055.6ea5bbac-65c5-458d-a799-a69fd687f0dc</processParameterId>
            <processId>1.aa1410a7-acbe-46a4-be28-83a0fc6e9c25</processId>
            <parameterType>1</parameterType>
            <isArrayOf>false</isArrayOf>
            <classId>/12.db884a3c-c533-44b7-bb2d-47bec8ad4022</classId>
            <seq>4</seq>
            <hasDefault>false</hasDefault>
            <defaultValue isNull="true" />
            <isLocked>false</isLocked>
            <description>Name of mailbox</description>
            <guid>guid:12be50909032b80c:18f81ea7:11f41c537ad:-6822</guid>
            <versionId>f9cfe04b-599f-4508-9f52-39fdd85f45cf</versionId>
        </processParameter>
        <processParameter name="returnAttachments">
            <lastModified isNull="true" />
            <lastModifiedBy isNull="true" />
            <processParameterId>2055.fd88f5d3-361f-4231-b27f-59ea0797cfbd</processParameterId>
            <processId>1.aa1410a7-acbe-46a4-be28-83a0fc6e9c25</processId>
            <parameterType>1</parameterType>
            <isArrayOf>false</isArrayOf>
            <classId>/12.83ff975e-8dbc-42e5-b738-fa8bc08274a2</classId>
            <seq>5</seq>
            <hasDefault>true</hasDefault>
            <defaultValue>false</defaultValue>
            <isLocked>false</isLocked>
            <description>Return file attachments</description>
            <guid>guid:12be50909032b80c:18f81ea7:11f41c537ad:-681e</guid>
            <versionId>bee5b090-f774-4028-844e-b1322e774855</versionId>
        </processParameter>
        <processParameter name="scanForVariables">
            <lastModified isNull="true" />
            <lastModifiedBy isNull="true" />
            <processParameterId>2055.5d1a77af-99f7-4a4a-b6d7-fdc28472ae5c</processParameterId>
            <processId>1.aa1410a7-acbe-46a4-be28-83a0fc6e9c25</processId>
            <parameterType>1</parameterType>
            <isArrayOf>false</isArrayOf>
            <classId>/12.83ff975e-8dbc-42e5-b738-fa8bc08274a2</classId>
            <seq>6</seq>
            <hasDefault>true</hasDefault>
            <defaultValue>false</defaultValue>
            <isLocked>false</isLocked>
            <description>Scan narrative for variables</description>
            <guid>guid:12be50909032b80c:18f81ea7:11f41c537ad:-681d</guid>
            <versionId>1aecd4e7-08ae-45de-a77a-dee5a50d5367</versionId>
        </processParameter>
        <processParameter name="deleteAfterReading">
            <lastModified isNull="true" />
            <lastModifiedBy isNull="true" />
            <processParameterId>2055.f2dec866-19e5-4b8a-bb83-eca0e237eac6</processParameterId>
            <processId>1.aa1410a7-acbe-46a4-be28-83a0fc6e9c25</processId>
            <parameterType>1</parameterType>
            <isArrayOf>false</isArrayOf>
            <classId>/12.83ff975e-8dbc-42e5-b738-fa8bc08274a2</classId>
            <seq>7</seq>
            <hasDefault>true</hasDefault>
            <defaultValue>false</defaultValue>
            <isLocked>false</isLocked>
            <description>Delete email after processing</description>
            <guid>guid:12be50909032b80c:18f81ea7:11f41c537ad:-680d</guid>
            <versionId>39b995d3-0ba0-48a0-a15e-5b991cef0238</versionId>
        </processParameter>
        <processParameter name="results">
            <lastModified isNull="true" />
            <lastModifiedBy isNull="true" />
            <processParameterId>2055.ae49af68-3f52-48ab-8cdf-1c2b80408924</processParameterId>
            <processId>1.aa1410a7-acbe-46a4-be28-83a0fc6e9c25</processId>
            <parameterType>2</parameterType>
            <isArrayOf>false</isArrayOf>
            <classId>/12.8a176cc2-eebb-4310-a9c7-9bc62b3a8002</classId>
            <seq>8</seq>
            <hasDefault>false</hasDefault>
            <defaultValue isNull="true" />
            <isLocked>false</isLocked>
            <description isNull="true" />
            <guid>guid:12be50909032b80c:18f81ea7:11f41c537ad:-67eb</guid>
            <versionId>27cb5738-9f7f-4225-8de1-a44c7a8bebf0</versionId>
        </processParameter>
        <item>
            <lastModified isNull="true" />
            <lastModifiedBy isNull="true" />
            <processItemId>2025.4006c30b-9ca5-494f-92f2-ec10179951cd</processItemId>
            <processId>1.aa1410a7-acbe-46a4-be28-83a0fc6e9c25</processId>
            <name>End</name>
            <tWComponentName>ExitPoint</tWComponentName>
            <tWComponentId>3008.dcc53c84-924c-4eb0-b4bb-da3848f0920a</tWComponentId>
            <isLogEnabled>false</isLogEnabled>
            <isTraceEnabled>false</isTraceEnabled>
            <traceCategory isNull="true" />
            <traceLevel isNull="true" />
            <traceMessage isNull="true" />
            <traceSymbolTable isNull="true" />
            <isExecutionContextTraced>false</isExecutionContextTraced>
            <saveExecutionContext>true</saveExecutionContext>
            <documentation isNull="true" />
            <isErrorHandlerEnabled>false</isErrorHandlerEnabled>
            <errorHandlerItemId isNull="true" />
            <guid>guid:12be50909032b80c:18f81ea7:11f41c537ad:-686f</guid>
            <versionId>5471de7f-8a20-4de5-92ac-c93dd9ce6e29</versionId>
            <layoutData x="318" y="100">
                <errorLink>
                    <controlPoints />
                    <showEndState>false</showEndState>
                    <showName>false</showName>
                </errorLink>
            </layoutData>
            <TWComponent>
                <lastModified isNull="true" />
                <lastModifiedBy isNull="true" />
                <exitPointId>3008.dcc53c84-924c-4eb0-b4bb-da3848f0920a</exitPointId>
                <haltProcess>false</haltProcess>
                <guid>guid:12be50909032b80c:18f81ea7:11f41c537ad:-686e</guid>
                <versionId>b1dc1d41-ea67-4113-ba28-cbe253e42512</versionId>
            </TWComponent>
        </item>
        <item>
            <lastModified isNull="true" />
            <lastModifiedBy isNull="true" />
            <processItemId>2025.32705a85-d2fe-4238-b97a-d53cdf8f34e0</processItemId>
            <processId>1.aa1410a7-acbe-46a4-be28-83a0fc6e9c25</processId>
            <name>Read Messages</name>
            <tWComponentName>JavaConnector</tWComponentName>
            <tWComponentId>3022.ea654bb4-da63-449f-b7cf-e32852c9d7d1</tWComponentId>
            <isLogEnabled>false</isLogEnabled>
            <isTraceEnabled>false</isTraceEnabled>
            <traceCategory isNull="true" />
            <traceLevel isNull="true" />
            <traceMessage isNull="true" />
            <traceSymbolTable isNull="true" />
            <isExecutionContextTraced>false</isExecutionContextTraced>
            <saveExecutionContext>false</saveExecutionContext>
            <documentation isNull="true" />
            <isErrorHandlerEnabled>false</isErrorHandlerEnabled>
            <errorHandlerItemId isNull="true" />
            <guid>guid:12be50909032b80c:18f81ea7:11f41c537ad:-685e</guid>
            <versionId>a37df3d8-1aef-441e-b5b7-e8e20b59913d</versionId>
            <layoutData x="149" y="85">
                <errorLink>
                    <controlPoints />
                    <showEndState>false</showEndState>
                    <showName>false</showName>
                </errorLink>
            </layoutData>
            <TWComponent>
                <lastModified isNull="true" />
                <lastModifiedBy isNull="true" />
                <javaConnectorId>3022.ea654bb4-da63-449f-b7cf-e32852c9d7d1</javaConnectorId>
                <definition>&lt;connector&gt;
  &lt;javaClassName&gt;teamworks.Mail&lt;/javaClassName&gt;
  &lt;methodName&gt;getIMAPMessages&lt;/methodName&gt;
  &lt;inputRecord&gt;
    &lt;element type="java.lang.String" nativeType="java.lang.String" parameter="Parameter 0" argument="tw.local.server" description="server" /&gt;
    &lt;element type="java.lang.String" nativeType="java.lang.String" parameter="Parameter 1" argument="tw.local.username" description="username" /&gt;
    &lt;element type="java.lang.String" nativeType="java.lang.String" parameter="Parameter 2" argument="tw.local.password" description="password" /&gt;
    &lt;element type="java.lang.String" nativeType="java.lang.String" parameter="Parameter 3" argument="tw.local.mailbox" description="mailBox" /&gt;
    &lt;element type="java.lang.Boolean" nativeType="boolean" parameter="Parameter 4" argument="tw.local.returnAttachments" description="flgReturnAtt" /&gt;
    &lt;element type="java.lang.Boolean" nativeType="boolean" parameter="Parameter 5" argument="tw.local.scanForVariables" description="flgScanNarrative" /&gt;
    &lt;element type="java.lang.Boolean" nativeType="boolean" parameter="Parameter 6" argument="tw.local.deleteAfterReading" description="flgDeleteRead" /&gt;
  &lt;/inputRecord&gt;
  &lt;outputRecord&gt;
    &lt;element type="org.jdom.Element" nativeType="org.jdom.Element" parameter="Return Value" argument="tw.local.results" description="" /&gt;
  &lt;/outputRecord&gt;
&lt;/connector&gt;</definition>
                <guid>guid:12be50909032b80c:18f81ea7:11f41c537ad:-685f</guid>
                <versionId>7db1a98b-466f-4931-bcdb-7ec5145f7fc0</versionId>
            </TWComponent>
        </item>
        <startingProcessItemId>2025.32705a85-d2fe-4238-b97a-d53cdf8f34e0</startingProcessItemId>
        <errorHandlerItemId isNull="true" />
        <layoutData noConversion="true">
            <errorLink>
                <controlPoints />
                <showEndState>false</showEndState>
                <showName>false</showName>
            </errorLink>
        </layoutData>
        <startPoint>
            <layoutData x="20" y="100">
                <errorLink>
                    <controlPoints />
                    <showEndState>false</showEndState>
                    <showName>false</showName>
                </errorLink>
            </layoutData>
        </startPoint>
        <startLink>
            <fromPort locationId="rightCenter" portType="1" />
            <toPort locationId="leftCenter" portType="2" />
            <layoutData>
                <controlPoints />
                <showEndState>false</showEndState>
                <showName>false</showName>
            </layoutData>
        </startLink>
        <link name="Untitled">
            <lastModified isNull="true" />
            <lastModifiedBy isNull="true" />
            <processLinkId>2027.805c6753-43b8-4cc7-a742-9edce294200f</processLinkId>
            <processId>1.aa1410a7-acbe-46a4-be28-83a0fc6e9c25</processId>
            <description isNull="true" />
            <fromProcessItemId>2025.32705a85-d2fe-4238-b97a-d53cdf8f34e0</fromProcessItemId>
            <endStateId>Out</endStateId>
            <toProcessItemId>2025.4006c30b-9ca5-494f-92f2-ec10179951cd</toProcessItemId>
            <guid>guid:12be50909032b80c:18f81ea7:11f41c537ad:-67b2</guid>
            <versionId>357333c2-bd60-4c68-a7c8-69d019e4c019</versionId>
            <layoutData>
                <controlPoints />
                <showEndState>false</showEndState>
                <showName>false</showName>
            </layoutData>
            <fromItemPort locationId="rightCenter" portType="1" />
            <toItemPort locationId="leftCenter" portType="2" />
            <fromProcessItemId>2025.32705a85-d2fe-4238-b97a-d53cdf8f34e0</fromProcessItemId>
            <toProcessItemId>2025.4006c30b-9ca5-494f-92f2-ec10179951cd</toProcessItemId>
        </link>
    </process>
</teamworks>

