<?xml version="1.0" encoding="UTF-8"?>
<teamworks>
    <process id="1.b258f369-1dde-48bb-8158-366d49cc0317" name="Read from HTTP">
        <lastModified>1361412273512</lastModified>
        <lastModifiedBy>Internal TW Admin user</lastModifiedBy>
        <processId>1.b258f369-1dde-48bb-8158-366d49cc0317</processId>
        <image isNull="true" />
        <tabGroup isNull="true" />
        <startingProcessItemId>2025.c3635261-4cd5-4aea-a35f-9d81005066be</startingProcessItemId>
        <isRootProcess>false</isRootProcess>
        <processType>4</processType>
        <isErrorHandlerEnabled>false</isErrorHandlerEnabled>
        <errorHandlerItemId isNull="true" />
        <isLoggingVariables>false</isLoggingVariables>
        <isTransactional>false</isTransactional>
        <processTimingLevel isNull="true" />
        <participantRef isNull="true" />
        <exposedType isNull="true" />
        <isTrackingEnabled>true</isTrackingEnabled>
        <xmlData isNull="true" />
        <cachingType>false</cachingType>
        <itemLabel isNull="true" />
        <cacheLength>43200</cacheLength>
        <mobileReady>false</mobileReady>
        <sboSyncEnabled>true</sboSyncEnabled>
        <externalId isNull="true" />
        <isSecured>false</isSecured>
        <description>Posts a HTTP Request, optionally with Basic Authentication.</description>
        <guid>guid:12be50909032b80c:18f81ea7:11f41c537ad:-740d</guid>
        <versionId>f52cd105-99dd-440e-8e22-db6acfc0d53f</versionId>
        <dependencySummary isNull="true" />
        <processParameter name="url">
            <lastModified isNull="true" />
            <lastModifiedBy isNull="true" />
            <processParameterId>2055.30d11d02-e620-4fa0-94b7-1aad00944bbc</processParameterId>
            <processId>1.b258f369-1dde-48bb-8158-366d49cc0317</processId>
            <parameterType>1</parameterType>
            <isArrayOf>false</isArrayOf>
            <classId>/12.db884a3c-c533-44b7-bb2d-47bec8ad4022</classId>
            <seq>1</seq>
            <hasDefault>false</hasDefault>
            <defaultValue isNull="true" />
            <isLocked>false</isLocked>
            <description>URL to post HTTP Request to</description>
            <guid>guid:12be50909032b80c:18f81ea7:11f41c537ad:-73cb</guid>
            <versionId>30fc3f6f-972d-448e-9e6e-f8e2fb420e53</versionId>
        </processParameter>
        <processParameter name="params">
            <lastModified isNull="true" />
            <lastModifiedBy isNull="true" />
            <processParameterId>2055.fad93cba-8750-4faf-a2f6-b945ca38a144</processParameterId>
            <processId>1.b258f369-1dde-48bb-8158-366d49cc0317</processId>
            <parameterType>1</parameterType>
            <isArrayOf>false</isArrayOf>
            <classId>/12.90c5b1d3-3fa1-4b3b-ab27-220b0652dc55</classId>
            <seq>2</seq>
            <hasDefault>true</hasDefault>
            <defaultValue isNull="true" />
            <isLocked>false</isLocked>
            <description>POST Parameters to be passed with the HTTP Request</description>
            <guid>guid:12be50909032b80c:18f81ea7:11f41c537ad:-73bb</guid>
            <versionId>711c936b-78b6-4893-bb41-8c9399e78a24</versionId>
        </processParameter>
        <processParameter name="proxy">
            <lastModified isNull="true" />
            <lastModifiedBy isNull="true" />
            <processParameterId>2055.7556f5e3-02be-4434-beda-bc0939398701</processParameterId>
            <processId>1.b258f369-1dde-48bb-8158-366d49cc0317</processId>
            <parameterType>1</parameterType>
            <isArrayOf>false</isArrayOf>
            <classId>/12.db884a3c-c533-44b7-bb2d-47bec8ad4022</classId>
            <seq>3</seq>
            <hasDefault>true</hasDefault>
            <defaultValue isNull="true" />
            <isLocked>false</isLocked>
            <description isNull="true" />
            <guid>guid:12be50909032b80c:18f81ea7:11f41c537ad:-73ba</guid>
            <versionId>18624ef6-74e4-4abf-beab-182535a95fea</versionId>
        </processParameter>
        <processParameter name="socks">
            <lastModified isNull="true" />
            <lastModifiedBy isNull="true" />
            <processParameterId>2055.c4eefd02-bcc1-4b83-a897-8952b4adafb3</processParameterId>
            <processId>1.b258f369-1dde-48bb-8158-366d49cc0317</processId>
            <parameterType>1</parameterType>
            <isArrayOf>false</isArrayOf>
            <classId>/12.db884a3c-c533-44b7-bb2d-47bec8ad4022</classId>
            <seq>4</seq>
            <hasDefault>true</hasDefault>
            <defaultValue isNull="true" />
            <isLocked>false</isLocked>
            <description isNull="true" />
            <guid>guid:12be50909032b80c:18f81ea7:11f41c537ad:-73b6</guid>
            <versionId>e2b953f3-d436-4f81-bbe6-0ccc2c24b0b1</versionId>
        </processParameter>
        <processParameter name="sslParameters">
            <lastModified isNull="true" />
            <lastModifiedBy isNull="true" />
            <processParameterId>2055.b55c667e-668e-4582-b12b-3663432da724</processParameterId>
            <processId>1.b258f369-1dde-48bb-8158-366d49cc0317</processId>
            <parameterType>1</parameterType>
            <isArrayOf>false</isArrayOf>
            <classId>/12.90c5b1d3-3fa1-4b3b-ab27-220b0652dc55</classId>
            <seq>5</seq>
            <hasDefault>true</hasDefault>
            <defaultValue isNull="true" />
            <isLocked>false</isLocked>
            <description>SSL Parameters</description>
            <guid>guid:12be50909032b80c:18f81ea7:11f41c537ad:-73b2</guid>
            <versionId>381f7800-e2cc-4008-9d79-d6b0efdb7334</versionId>
        </processParameter>
        <processParameter name="htmlResult">
            <lastModified isNull="true" />
            <lastModifiedBy isNull="true" />
            <processParameterId>2055.b63aee28-e851-4091-a934-5d75b18fd233</processParameterId>
            <processId>1.b258f369-1dde-48bb-8158-366d49cc0317</processId>
            <parameterType>2</parameterType>
            <isArrayOf>false</isArrayOf>
            <classId>/12.db884a3c-c533-44b7-bb2d-47bec8ad4022</classId>
            <seq>6</seq>
            <hasDefault>false</hasDefault>
            <defaultValue isNull="true" />
            <isLocked>false</isLocked>
            <description isNull="true" />
            <guid>guid:12be50909032b80c:18f81ea7:11f41c537ad:-73a5</guid>
            <versionId>c12f39b2-213b-4665-8d7b-fdd51abd3fe3</versionId>
        </processParameter>
        <processParameter name="username">
            <lastModified isNull="true" />
            <lastModifiedBy isNull="true" />
            <processParameterId>2055.ce9d5e74-8a8b-4863-89a2-6a9b01805e5c</processParameterId>
            <processId>1.b258f369-1dde-48bb-8158-366d49cc0317</processId>
            <parameterType>1</parameterType>
            <isArrayOf>false</isArrayOf>
            <classId>/12.db884a3c-c533-44b7-bb2d-47bec8ad4022</classId>
            <seq>7</seq>
            <hasDefault>true</hasDefault>
            <defaultValue isNull="true" />
            <isLocked>false</isLocked>
            <description isNull="true" />
            <guid>guid:12be50909032b80c:18f81ea7:11f41c537ad:-68da</guid>
            <versionId>1c9708a5-9d6c-471d-9f22-754ca5200923</versionId>
        </processParameter>
        <processParameter name="password">
            <lastModified isNull="true" />
            <lastModifiedBy isNull="true" />
            <processParameterId>2055.6be08b50-05a1-44ee-a2ba-4f5400840ba9</processParameterId>
            <processId>1.b258f369-1dde-48bb-8158-366d49cc0317</processId>
            <parameterType>1</parameterType>
            <isArrayOf>false</isArrayOf>
            <classId>/12.db884a3c-c533-44b7-bb2d-47bec8ad4022</classId>
            <seq>8</seq>
            <hasDefault>true</hasDefault>
            <defaultValue isNull="true" />
            <isLocked>false</isLocked>
            <description isNull="true" />
            <guid>guid:12be50909032b80c:18f81ea7:11f41c537ad:-68d0</guid>
            <versionId>4df0a803-8b23-437b-a862-17382e8eedd3</versionId>
        </processParameter>
        <processVariable name="parameters">
            <lastModified isNull="true" />
            <lastModifiedBy isNull="true" />
            <processVariableId>2056.9c75d7d9-e387-4036-93bd-d6cc70f655e1</processVariableId>
            <description isNull="true" />
            <processId>1.b258f369-1dde-48bb-8158-366d49cc0317</processId>
            <namespace>2</namespace>
            <seq>1</seq>
            <isArrayOf>false</isArrayOf>
            <classId>/12.db884a3c-c533-44b7-bb2d-47bec8ad4022</classId>
            <hasDefault>false</hasDefault>
            <defaultValue isNull="true" />
            <guid>guid:12be50909032b80c:18f81ea7:11f41c537ad:-72dd</guid>
            <versionId>7397206e-77a3-4404-b7c3-f03fc0f926f0</versionId>
        </processVariable>
        <processVariable name="parametersXML">
            <lastModified isNull="true" />
            <lastModifiedBy isNull="true" />
            <processVariableId>2056.9e377e11-6953-4564-a047-70d91f549066</processVariableId>
            <description isNull="true" />
            <processId>1.b258f369-1dde-48bb-8158-366d49cc0317</processId>
            <namespace>2</namespace>
            <seq>2</seq>
            <isArrayOf>false</isArrayOf>
            <classId>/12.8a176cc2-eebb-4310-a9c7-9bc62b3a8002</classId>
            <hasDefault>false</hasDefault>
            <defaultValue isNull="true" />
            <guid>guid:12be50909032b80c:18f81ea7:11f41c537ad:-7398</guid>
            <versionId>292aa13a-54fd-4c05-b66d-7adf32141bf1</versionId>
        </processVariable>
        <processVariable name="returnXML">
            <lastModified isNull="true" />
            <lastModifiedBy isNull="true" />
            <processVariableId>2056.079a2369-e92e-49ed-b578-820b862be2e8</processVariableId>
            <description isNull="true" />
            <processId>1.b258f369-1dde-48bb-8158-366d49cc0317</processId>
            <namespace>2</namespace>
            <seq>3</seq>
            <isArrayOf>false</isArrayOf>
            <classId>/12.8a176cc2-eebb-4310-a9c7-9bc62b3a8002</classId>
            <hasDefault>false</hasDefault>
            <defaultValue isNull="true" />
            <guid>guid:12be50909032b80c:18f81ea7:11f41c537ad:-7397</guid>
            <versionId>f3532317-6266-44e4-8f2e-e4d165cc1d5b</versionId>
        </processVariable>
        <item>
            <lastModified isNull="true" />
            <lastModifiedBy isNull="true" />
            <processItemId>2025.27f69b1e-9aa5-485f-9ec9-9a849b555fee</processItemId>
            <processId>1.b258f369-1dde-48bb-8158-366d49cc0317</processId>
            <name>Has Credentials?</name>
            <tWComponentName>Switch</tWComponentName>
            <tWComponentId>3013.6f1b704f-11e5-4a69-88bd-d4dc2968fca1</tWComponentId>
            <isLogEnabled>false</isLogEnabled>
            <isTraceEnabled>false</isTraceEnabled>
            <traceCategory isNull="true" />
            <traceLevel isNull="true" />
            <traceMessage isNull="true" />
            <traceSymbolTable isNull="true" />
            <isExecutionContextTraced>false</isExecutionContextTraced>
            <saveExecutionContext>false</saveExecutionContext>
            <documentation isNull="true" />
            <isErrorHandlerEnabled>false</isErrorHandlerEnabled>
            <errorHandlerItemId isNull="true" />
            <guid>guid:12be50909032b80c:18f81ea7:11f41c537ad:-68de</guid>
            <versionId>20aadda7-8e46-4e46-8596-af320ebac3de</versionId>
            <layoutData x="268" y="133">
                <errorLink>
                    <controlPoints />
                    <showEndState>false</showEndState>
                    <showName>false</showName>
                </errorLink>
            </layoutData>
            <TWComponent>
                <lastModified isNull="true" />
                <lastModifiedBy isNull="true" />
                <switchId>3013.6f1b704f-11e5-4a69-88bd-d4dc2968fca1</switchId>
                <guid>guid:12be50909032b80c:18f81ea7:11f41c537ad:-68df</guid>
                <versionId>41ddb077-2d19-4b61-b74c-aeac1425be0f</versionId>
                <SwitchCondition>
                    <lastModified isNull="true" />
                    <lastModifiedBy isNull="true" />
                    <switchConditionId>3014.33fdf9f2-4e4a-4480-8313-59ec4f78a75f</switchConditionId>
                    <switchId>3013.6f1b704f-11e5-4a69-88bd-d4dc2968fca1</switchId>
                    <seq>1</seq>
                    <endStateId>guid:12be50909032b80c:18f81ea7:11f41c537ad:-68c1</endStateId>
                    <condition>tw.local.username != null &amp;&amp; tw.local.username.length &gt; 0</condition>
                    <guid>guid:12be50909032b80c:18f81ea7:11f41c537ad:-68c2</guid>
                    <versionId>8c2f3f6e-ef97-4860-9256-6d35152f11bf</versionId>
                </SwitchCondition>
            </TWComponent>
        </item>
        <item>
            <lastModified isNull="true" />
            <lastModifiedBy isNull="true" />
            <processItemId>2025.9f514d7e-507b-44b1-9c7c-14f1ba81b024</processItemId>
            <processId>1.b258f369-1dde-48bb-8158-366d49cc0317</processId>
            <name>End</name>
            <tWComponentName>ExitPoint</tWComponentName>
            <tWComponentId>3008.5f83edaa-e70a-445b-81e5-6d052d362764</tWComponentId>
            <isLogEnabled>false</isLogEnabled>
            <isTraceEnabled>false</isTraceEnabled>
            <traceCategory isNull="true" />
            <traceLevel isNull="true" />
            <traceMessage isNull="true" />
            <traceSymbolTable isNull="true" />
            <isExecutionContextTraced>false</isExecutionContextTraced>
            <saveExecutionContext>true</saveExecutionContext>
            <documentation isNull="true" />
            <isErrorHandlerEnabled>false</isErrorHandlerEnabled>
            <errorHandlerItemId isNull="true" />
            <guid>guid:12be50909032b80c:18f81ea7:11f41c537ad:-740b</guid>
            <versionId>7a4df5cd-ca9b-460d-a061-033fbe4aa570</versionId>
            <layoutData x="691" y="133">
                <errorLink>
                    <controlPoints />
                    <showEndState>false</showEndState>
                    <showName>false</showName>
                </errorLink>
            </layoutData>
            <TWComponent>
                <lastModified isNull="true" />
                <lastModifiedBy isNull="true" />
                <exitPointId>3008.5f83edaa-e70a-445b-81e5-6d052d362764</exitPointId>
                <haltProcess>false</haltProcess>
                <guid>guid:12be50909032b80c:18f81ea7:11f41c537ad:-740a</guid>
                <versionId>a9f6c52f-6540-415f-9e4d-629ac70a7126</versionId>
            </TWComponent>
        </item>
        <item>
            <lastModified isNull="true" />
            <lastModifiedBy isNull="true" />
            <processItemId>2025.2ffc6eee-ac9b-4c85-ba81-eb5e93b6e14e</processItemId>
            <processId>1.b258f369-1dde-48bb-8158-366d49cc0317</processId>
            <name>Extract Result</name>
            <tWComponentName>Script</tWComponentName>
            <tWComponentId>3011.ac8b3ad3-de72-43f1-8a0d-67692a8ebd2e</tWComponentId>
            <isLogEnabled>false</isLogEnabled>
            <isTraceEnabled>false</isTraceEnabled>
            <traceCategory isNull="true" />
            <traceLevel isNull="true" />
            <traceMessage isNull="true" />
            <traceSymbolTable isNull="true" />
            <isExecutionContextTraced>false</isExecutionContextTraced>
            <saveExecutionContext>false</saveExecutionContext>
            <documentation isNull="true" />
            <isErrorHandlerEnabled>false</isErrorHandlerEnabled>
            <errorHandlerItemId isNull="true" />
            <guid>guid:12be50909032b80c:18f81ea7:11f41c537ad:-73d5</guid>
            <versionId>967eff22-fc57-4e97-9977-8577704598e8</versionId>
            <layoutData x="550" y="118">
                <errorLink>
                    <controlPoints />
                    <showEndState>false</showEndState>
                    <showName>false</showName>
                </errorLink>
            </layoutData>
            <TWComponent>
                <lastModified isNull="true" />
                <lastModifiedBy isNull="true" />
                <scriptId>3011.ac8b3ad3-de72-43f1-8a0d-67692a8ebd2e</scriptId>
                <scriptTypeId>2</scriptTypeId>
                <isActive>true</isActive>
                <script>if(tw.local.returnXML != null &amp;&amp; tw.local.returnXML.record != null) {
  tw.local.htmlResult = tw.local.returnXML.record[0].column[0].getText();
}
</script>
                <isRule>false</isRule>
                <guid>guid:12be50909032b80c:18f81ea7:11f41c537ad:-73d6</guid>
                <versionId>b76451d4-829b-4180-b95d-ae8257bcb4ab</versionId>
            </TWComponent>
        </item>
        <item>
            <lastModified isNull="true" />
            <lastModifiedBy isNull="true" />
            <processItemId>2025.6d04281d-4f21-4cfe-8399-b6de478187c2</processItemId>
            <processId>1.b258f369-1dde-48bb-8158-366d49cc0317</processId>
            <name>Read with Auth</name>
            <tWComponentName>JavaConnector</tWComponentName>
            <tWComponentId>3022.989a7e3e-9020-43b6-a346-5e4d0bdfe8d5</tWComponentId>
            <isLogEnabled>false</isLogEnabled>
            <isTraceEnabled>false</isTraceEnabled>
            <traceCategory isNull="true" />
            <traceLevel isNull="true" />
            <traceMessage isNull="true" />
            <traceSymbolTable isNull="true" />
            <isExecutionContextTraced>false</isExecutionContextTraced>
            <saveExecutionContext>false</saveExecutionContext>
            <documentation isNull="true" />
            <isErrorHandlerEnabled>false</isErrorHandlerEnabled>
            <errorHandlerItemId isNull="true" />
            <guid>guid:12be50909032b80c:18f81ea7:11f41c537ad:-68f9</guid>
            <versionId>beedd385-410f-4619-a1e5-bb1debe797ea</versionId>
            <layoutData x="390" y="168">
                <errorLink>
                    <controlPoints />
                    <showEndState>false</showEndState>
                    <showName>false</showName>
                </errorLink>
            </layoutData>
            <TWComponent>
                <lastModified isNull="true" />
                <lastModifiedBy isNull="true" />
                <javaConnectorId>3022.989a7e3e-9020-43b6-a346-5e4d0bdfe8d5</javaConnectorId>
                <definition>&lt;connector&gt;
  &lt;javaClassName&gt;teamworks.HTTPClient2&lt;/javaClassName&gt;
  &lt;methodName&gt;talk&lt;/methodName&gt;
  &lt;inputRecord&gt;
    &lt;element type="java.lang.String" nativeType="java.lang.String" parameter="Parameter 0" argument="tw.local.url" description="url" /&gt;
    &lt;element type="java.lang.String" nativeType="java.lang.String" parameter="Parameter 1" argument="tw.local.parameters" description="postParms" /&gt;
    &lt;element type="java.lang.String" nativeType="java.lang.String" parameter="Parameter 2" argument="tw.local.proxy" description="proxy" /&gt;
    &lt;element type="java.lang.String" nativeType="java.lang.String" parameter="Parameter 3" argument="tw.local.socks" description="socks" /&gt;
    &lt;element type="java.util.HashMap" nativeType="java.util.HashMap" parameter="Parameter 4" argument="tw.local.sslParameters" description="sslParms" /&gt;
    &lt;element type="java.lang.String" nativeType="java.lang.String" parameter="Parameter 5" argument="tw.local.username" description="userName" /&gt;
    &lt;element type="java.lang.String" nativeType="java.lang.String" parameter="Parameter 6" argument="tw.local.password" description="password" /&gt;
  &lt;/inputRecord&gt;
  &lt;outputRecord&gt;
    &lt;element type="org.jdom.Element" nativeType="org.jdom.Element" parameter="Return Value" argument="tw.local.returnXML" description="" /&gt;
  &lt;/outputRecord&gt;
&lt;/connector&gt;</definition>
                <guid>guid:12be50909032b80c:18f81ea7:11f41c537ad:-68fa</guid>
                <versionId>942bcf20-fdfc-4ca6-85d0-35a7086ae9f0</versionId>
            </TWComponent>
        </item>
        <item>
            <lastModified isNull="true" />
            <lastModifiedBy isNull="true" />
            <processItemId>2025.c3635261-4cd5-4aea-a35f-9d81005066be</processItemId>
            <processId>1.b258f369-1dde-48bb-8158-366d49cc0317</processId>
            <name>Convert Params</name>
            <tWComponentName>Script</tWComponentName>
            <tWComponentId>3011.512b09e2-a770-4a58-8fda-7f5eb78ac395</tWComponentId>
            <isLogEnabled>false</isLogEnabled>
            <isTraceEnabled>false</isTraceEnabled>
            <traceCategory isNull="true" />
            <traceLevel isNull="true" />
            <traceMessage isNull="true" />
            <traceSymbolTable isNull="true" />
            <isExecutionContextTraced>false</isExecutionContextTraced>
            <saveExecutionContext>false</saveExecutionContext>
            <documentation isNull="true" />
            <isErrorHandlerEnabled>false</isErrorHandlerEnabled>
            <errorHandlerItemId isNull="true" />
            <guid>guid:12be50909032b80c:18f81ea7:11f41c537ad:-73e1</guid>
            <versionId>c69eb5df-b85b-4104-bcbf-04de1f9049e2</versionId>
            <layoutData x="147" y="118">
                <errorLink>
                    <controlPoints />
                    <showEndState>false</showEndState>
                    <showName>false</showName>
                </errorLink>
            </layoutData>
            <TWComponent>
                <lastModified isNull="true" />
                <lastModifiedBy isNull="true" />
                <scriptId>3011.512b09e2-a770-4a58-8fda-7f5eb78ac395</scriptId>
                <scriptTypeId>2</scriptTypeId>
                <isActive>true</isActive>
                <script>tw.local.parametersXML = new tw.object.XMLElement("parameters");

if(tw.local.params != null) {
  var names = tw.local.params.keyArray();
  for(var i = 0; i &lt; names.length; i++) {
    var name = names[i];
    var value = tw.local.params.get(name);
    if(value != null &amp;&amp; value != '') {
      var parameterElement = new tw.object.XMLElement("parameter");
      parameterElement.setAttribute("name", name);
      parameterElement.setText(value);
	  tw.local.parametersXML.appendChild(parameterElement);
    }
  }
}

tw.local.parameters = tw.local.parametersXML.toString(true);
</script>
                <isRule>false</isRule>
                <guid>guid:12be50909032b80c:18f81ea7:11f41c537ad:-73e2</guid>
                <versionId>a2cb1341-afa6-4578-9391-409532681cd5</versionId>
            </TWComponent>
        </item>
        <item>
            <lastModified isNull="true" />
            <lastModifiedBy isNull="true" />
            <processItemId>2025.defff705-ece8-4ae5-b3bc-82679ab12d54</processItemId>
            <processId>1.b258f369-1dde-48bb-8158-366d49cc0317</processId>
            <name>HTTP Read</name>
            <tWComponentName>JavaConnector</tWComponentName>
            <tWComponentId>3022.54b60d10-2dfc-480f-a17a-1183599a5e38</tWComponentId>
            <isLogEnabled>false</isLogEnabled>
            <isTraceEnabled>false</isTraceEnabled>
            <traceCategory isNull="true" />
            <traceLevel isNull="true" />
            <traceMessage isNull="true" />
            <traceSymbolTable isNull="true" />
            <isExecutionContextTraced>false</isExecutionContextTraced>
            <saveExecutionContext>false</saveExecutionContext>
            <documentation isNull="true" />
            <isErrorHandlerEnabled>false</isErrorHandlerEnabled>
            <errorHandlerItemId isNull="true" />
            <guid>guid:12be50909032b80c:18f81ea7:11f41c537ad:-73fa</guid>
            <versionId>e5f26cfc-37b3-4eba-9037-634b52fac981</versionId>
            <layoutData x="390" y="54">
                <errorLink>
                    <controlPoints />
                    <showEndState>false</showEndState>
                    <showName>false</showName>
                </errorLink>
            </layoutData>
            <TWComponent>
                <lastModified isNull="true" />
                <lastModifiedBy isNull="true" />
                <javaConnectorId>3022.54b60d10-2dfc-480f-a17a-1183599a5e38</javaConnectorId>
                <definition>&lt;connector&gt;
  &lt;javaClassName&gt;teamworks.HTTPClient&lt;/javaClassName&gt;
  &lt;methodName&gt;talk&lt;/methodName&gt;
  &lt;inputRecord&gt;
    &lt;element type="java.lang.String" nativeType="java.lang.String" parameter="Parameter 0" argument="tw.local.url" description="url" /&gt;
    &lt;element type="java.lang.String" nativeType="java.lang.String" parameter="Parameter 1" argument="tw.local.parameters" description="postParms" /&gt;
    &lt;element type="java.lang.String" nativeType="java.lang.String" parameter="Parameter 2" argument="tw.local.proxy" description="proxy" /&gt;
    &lt;element type="java.lang.String" nativeType="java.lang.String" parameter="Parameter 3" argument="tw.local.socks" description="socks" /&gt;
    &lt;element type="java.util.HashMap" nativeType="java.util.HashMap" parameter="Parameter 4" argument="tw.local.sslParameters" description="sslParms" /&gt;
  &lt;/inputRecord&gt;
  &lt;outputRecord&gt;
    &lt;element type="org.jdom.Element" nativeType="org.jdom.Element" parameter="Return Value" argument="tw.local.returnXML" description="" /&gt;
  &lt;/outputRecord&gt;
&lt;/connector&gt;</definition>
                <guid>guid:12be50909032b80c:18f81ea7:11f41c537ad:-73fb</guid>
                <versionId>98b114b2-5f2d-40a3-9782-2f3f94379d6e</versionId>
            </TWComponent>
        </item>
        <startingProcessItemId>2025.c3635261-4cd5-4aea-a35f-9d81005066be</startingProcessItemId>
        <errorHandlerItemId isNull="true" />
        <layoutData noConversion="true">
            <errorLink>
                <controlPoints />
                <showEndState>false</showEndState>
                <showName>false</showName>
            </errorLink>
        </layoutData>
        <startPoint>
            <layoutData x="37" y="133">
                <errorLink>
                    <controlPoints />
                    <showEndState>false</showEndState>
                    <showName>false</showName>
                </errorLink>
            </layoutData>
        </startPoint>
        <startLink>
            <fromPort locationId="rightCenter" portType="1" />
            <toPort locationId="leftCenter" portType="2" />
            <layoutData>
                <controlPoints />
                <showEndState>false</showEndState>
                <showName>false</showName>
            </layoutData>
        </startLink>
        <link name="Untitled">
            <lastModified isNull="true" />
            <lastModifiedBy isNull="true" />
            <processLinkId>2027.d0824657-65c2-420b-be03-4ecee7d227d5</processLinkId>
            <processId>1.b258f369-1dde-48bb-8158-366d49cc0317</processId>
            <description isNull="true" />
            <fromProcessItemId>2025.c3635261-4cd5-4aea-a35f-9d81005066be</fromProcessItemId>
            <endStateId>Out</endStateId>
            <toProcessItemId>2025.27f69b1e-9aa5-485f-9ec9-9a849b555fee</toProcessItemId>
            <guid>guid:12be50909032b80c:18f81ea7:11f41c537ad:-68bc</guid>
            <versionId>13a564a4-a87a-4979-853c-3094998e9e3e</versionId>
            <layoutData>
                <controlPoints />
                <showEndState>false</showEndState>
                <showName>false</showName>
            </layoutData>
            <fromItemPort locationId="rightCenter" portType="1" />
            <toItemPort locationId="leftCenter" portType="2" />
            <fromProcessItemId>2025.c3635261-4cd5-4aea-a35f-9d81005066be</fromProcessItemId>
            <toProcessItemId>2025.27f69b1e-9aa5-485f-9ec9-9a849b555fee</toProcessItemId>
        </link>
        <link name="Yes">
            <lastModified isNull="true" />
            <lastModifiedBy isNull="true" />
            <processLinkId>2027.907a0ef1-6c6e-4f5f-960f-fa385843da0b</processLinkId>
            <processId>1.b258f369-1dde-48bb-8158-366d49cc0317</processId>
            <description isNull="true" />
            <fromProcessItemId>2025.27f69b1e-9aa5-485f-9ec9-9a849b555fee</fromProcessItemId>
            <endStateId>guid:12be50909032b80c:18f81ea7:11f41c537ad:-68c1</endStateId>
            <toProcessItemId>2025.6d04281d-4f21-4cfe-8399-b6de478187c2</toProcessItemId>
            <guid>guid:12be50909032b80c:18f81ea7:11f41c537ad:-68c0</guid>
            <versionId>226b8318-5342-4441-80e8-e3257485fdf3</versionId>
            <layoutData>
                <controlPoints />
                <showEndState>false</showEndState>
                <showName>true</showName>
            </layoutData>
            <fromItemPort locationId="rightCenter" portType="1" />
            <toItemPort locationId="leftCenter" portType="2" />
            <fromProcessItemId>2025.27f69b1e-9aa5-485f-9ec9-9a849b555fee</fromProcessItemId>
            <toProcessItemId>2025.6d04281d-4f21-4cfe-8399-b6de478187c2</toProcessItemId>
        </link>
        <link name="Untitled">
            <lastModified isNull="true" />
            <lastModifiedBy isNull="true" />
            <processLinkId>2027.58ab74db-f6dc-4363-af02-c71298433511</processLinkId>
            <processId>1.b258f369-1dde-48bb-8158-366d49cc0317</processId>
            <description isNull="true" />
            <fromProcessItemId>2025.2ffc6eee-ac9b-4c85-ba81-eb5e93b6e14e</fromProcessItemId>
            <endStateId>Out</endStateId>
            <toProcessItemId>2025.9f514d7e-507b-44b1-9c7c-14f1ba81b024</toProcessItemId>
            <guid>guid:12be50909032b80c:18f81ea7:11f41c537ad:-73a2</guid>
            <versionId>343c983f-4600-4474-8b03-227718f54ebb</versionId>
            <layoutData>
                <controlPoints />
                <showEndState>false</showEndState>
                <showName>false</showName>
            </layoutData>
            <fromItemPort locationId="rightCenter" portType="1" />
            <toItemPort locationId="leftCenter" portType="2" />
            <fromProcessItemId>2025.2ffc6eee-ac9b-4c85-ba81-eb5e93b6e14e</fromProcessItemId>
            <toProcessItemId>2025.9f514d7e-507b-44b1-9c7c-14f1ba81b024</toProcessItemId>
        </link>
        <link name="No">
            <lastModified isNull="true" />
            <lastModifiedBy isNull="true" />
            <processLinkId>2027.2cff8a27-fa95-4265-9c0d-9a3a55e275b5</processLinkId>
            <processId>1.b258f369-1dde-48bb-8158-366d49cc0317</processId>
            <description isNull="true" />
            <fromProcessItemId>2025.27f69b1e-9aa5-485f-9ec9-9a849b555fee</fromProcessItemId>
            <endStateId>DEFAULT</endStateId>
            <toProcessItemId>2025.defff705-ece8-4ae5-b3bc-82679ab12d54</toProcessItemId>
            <guid>guid:12be50909032b80c:18f81ea7:11f41c537ad:-68c3</guid>
            <versionId>cb4472f6-eb70-4e13-a754-cdbb214b5af1</versionId>
            <layoutData>
                <controlPoints />
                <showEndState>false</showEndState>
                <showName>true</showName>
            </layoutData>
            <fromItemPort locationId="rightCenter" portType="1" />
            <toItemPort locationId="leftCenter" portType="2" />
            <fromProcessItemId>2025.27f69b1e-9aa5-485f-9ec9-9a849b555fee</fromProcessItemId>
            <toProcessItemId>2025.defff705-ece8-4ae5-b3bc-82679ab12d54</toProcessItemId>
        </link>
        <link name="Untitled">
            <lastModified isNull="true" />
            <lastModifiedBy isNull="true" />
            <processLinkId>2027.3b303d4a-cac7-4886-bca2-c7488be2cc34</processLinkId>
            <processId>1.b258f369-1dde-48bb-8158-366d49cc0317</processId>
            <description isNull="true" />
            <fromProcessItemId>2025.defff705-ece8-4ae5-b3bc-82679ab12d54</fromProcessItemId>
            <endStateId>Out</endStateId>
            <toProcessItemId>2025.2ffc6eee-ac9b-4c85-ba81-eb5e93b6e14e</toProcessItemId>
            <guid>guid:12be50909032b80c:18f81ea7:11f41c537ad:-73a3</guid>
            <versionId>d541c3ec-1582-45ff-91bc-61e40f4e0117</versionId>
            <layoutData>
                <controlPoints />
                <showEndState>false</showEndState>
                <showName>false</showName>
            </layoutData>
            <fromItemPort locationId="rightCenter" portType="1" />
            <toItemPort locationId="leftCenter" portType="2" />
            <fromProcessItemId>2025.defff705-ece8-4ae5-b3bc-82679ab12d54</fromProcessItemId>
            <toProcessItemId>2025.2ffc6eee-ac9b-4c85-ba81-eb5e93b6e14e</toProcessItemId>
        </link>
        <link name="Untitled">
            <lastModified isNull="true" />
            <lastModifiedBy isNull="true" />
            <processLinkId>2027.0c245a68-a5c7-48dd-a078-03e8560dd8f6</processLinkId>
            <processId>1.b258f369-1dde-48bb-8158-366d49cc0317</processId>
            <description isNull="true" />
            <fromProcessItemId>2025.6d04281d-4f21-4cfe-8399-b6de478187c2</fromProcessItemId>
            <endStateId>Out</endStateId>
            <toProcessItemId>2025.2ffc6eee-ac9b-4c85-ba81-eb5e93b6e14e</toProcessItemId>
            <guid>guid:12be50909032b80c:18f81ea7:11f41c537ad:-68b8</guid>
            <versionId>fcfe84de-ca97-4f12-bb31-8a2eaf2ec5b4</versionId>
            <layoutData>
                <controlPoints />
                <showEndState>false</showEndState>
                <showName>false</showName>
            </layoutData>
            <fromItemPort locationId="rightCenter" portType="1" />
            <toItemPort locationId="leftCenter" portType="2" />
            <fromProcessItemId>2025.6d04281d-4f21-4cfe-8399-b6de478187c2</fromProcessItemId>
            <toProcessItemId>2025.2ffc6eee-ac9b-4c85-ba81-eb5e93b6e14e</toProcessItemId>
        </link>
    </process>
</teamworks>

