<?xml version="1.0" encoding="UTF-8"?>
<teamworks>
    <process id="1.b258f369-1dde-48bb-8158-366d49cc0317" name="Read from HTTP">
        <lastModified>1361372673512</lastModified>
        <lastModifiedBy>Internal TW Admin user</lastModifiedBy>
        <processId>1.b258f369-1dde-48bb-8158-366d49cc0317</processId>
        <image isNull="true" />
        <tabGroup isNull="true" />
        <startingProcessItemId>2025.c3635261-4cd5-4aea-a35f-9d81005066be</startingProcessItemId>
        <isRootProcess>false</isRootProcess>
        <processType>4</processType>
        <isErrorHandlerEnabled>false</isErrorHandlerEnabled>
        <errorHandlerItemId isNull="true" />
        <isLoggingVariables>false</isLoggingVariables>
        <isTransactional>false</isTransactional>
        <processTimingLevel isNull="true" />
        <participantRef isNull="true" />
        <exposedType isNull="true" />
        <isTrackingEnabled>true</isTrackingEnabled>
        <xmlData isNull="true" />
        <cachingType>false</cachingType>
        <itemLabel isNull="true" />
        <cacheLength>43200</cacheLength>
        <mobileReady>false</mobileReady>
        <sboSyncEnabled>true</sboSyncEnabled>
        <externalId isNull="true" />
        <isSecured>false</isSecured>
        <description>Posts a HTTP Request, optionally with Basic Authentication.</description>
        <guid>guid:12be50909032b80c:18f81ea7:11f41c537ad:-740d</guid>
        <versionId>f52cd105-99dd-440e-8e22-db6acfc0d53f</versionId>
        <dependencySummary isNull="true" />
        <processParameter name="url">
            <lastModified isNull="true" />
            <lastModifiedBy isNull="true" />
            <processParameterId>2055.30d11d02-e620-4fa0-94b7-1aad00944bbc</processParameterId>
            <processId>1.b258f369-1dde-48bb-8158-366d49cc0317</processId>
            <parameterType>1</parameterType>
            <isArrayOf>false</isArrayOf>
            <classId>/12.db884a3c-c533-44b7-bb2d-47bec8ad4022</classId>
            <seq>1</seq>
            <hasDefault>false</hasDefault>
            <defaultValue isNull="true" />
            <isLocked>false</isLocked>
            <description>URL to post HTTP Request to</description>
            <guid>guid:12be50909032b80c:18f81ea7:11f41c537ad:-73cb</guid>
            <versionId>be0aa9d2-766e-4dec-b715-5c1dc899cf3f</versionId>
        </processParameter>
        <processParameter name="params">
            <lastModified isNull="true" />
            <lastModifiedBy isNull="true" />
            <processParameterId>2055.fad93cba-8750-4faf-a2f6-b945ca38a144</processParameterId>
            <processId>1.b258f369-1dde-48bb-8158-366d49cc0317</processId>
            <parameterType>1</parameterType>
            <isArrayOf>false</isArrayOf>
            <classId>/12.90c5b1d3-3fa1-4b3b-ab27-220b0652dc55</classId>
            <seq>2</seq>
            <hasDefault>true</hasDefault>
            <defaultValue isNull="true" />
            <isLocked>false</isLocked>
            <description>POST Parameters to be passed with the HTTP Request</description>
            <guid>guid:12be50909032b80c:18f81ea7:11f41c537ad:-73bb</guid>
            <versionId>b10f7504-50a3-40f3-b805-c0478e4eec20</versionId>
        </processParameter>
        <processParameter name="proxy">
            <lastModified isNull="true" />
            <lastModifiedBy isNull="true" />
            <processParameterId>2055.7556f5e3-02be-4434-beda-bc0939398701</processParameterId>
            <processId>1.b258f369-1dde-48bb-8158-366d49cc0317</processId>
            <parameterType>1</parameterType>
            <isArrayOf>false</isArrayOf>
            <classId>/12.db884a3c-c533-44b7-bb2d-47bec8ad4022</classId>
            <seq>3</seq>
            <hasDefault>true</hasDefault>
            <defaultValue isNull="true" />
            <isLocked>false</isLocked>
            <description isNull="true" />
            <guid>guid:12be50909032b80c:18f81ea7:11f41c537ad:-73ba</guid>
            <versionId>3c76e1c3-0bc7-4528-956b-6424e7042909</versionId>
        </processParameter>
        <processParameter name="socks">
            <lastModified isNull="true" />
            <lastModifiedBy isNull="true" />
            <processParameterId>2055.c4eefd02-bcc1-4b83-a897-8952b4adafb3</processParameterId>
            <processId>1.b258f369-1dde-48bb-8158-366d49cc0317</processId>
            <parameterType>1</parameterType>
            <isArrayOf>false</isArrayOf>
            <classId>/12.db884a3c-c533-44b7-bb2d-47bec8ad4022</classId>
            <seq>4</seq>
            <hasDefault>true</hasDefault>
            <defaultValue isNull="true" />
            <isLocked>false</isLocked>
            <description isNull="true" />
            <guid>guid:12be50909032b80c:18f81ea7:11f41c537ad:-73b6</guid>
            <versionId>ebc6b120-f5ab-43f5-8f44-e8cc30c6f78e</versionId>
        </processParameter>
        <processParameter name="sslParameters">
            <lastModified isNull="true" />
            <lastModifiedBy isNull="true" />
            <processParameterId>2055.b55c667e-668e-4582-b12b-3663432da724</processParameterId>
            <processId>1.b258f369-1dde-48bb-8158-366d49cc0317</processId>
            <parameterType>1</parameterType>
            <isArrayOf>false</isArrayOf>
            <classId>/12.90c5b1d3-3fa1-4b3b-ab27-220b0652dc55</classId>
            <seq>5</seq>
            <hasDefault>true</hasDefault>
            <defaultValue isNull="true" />
            <isLocked>false</isLocked>
            <description>SSL Parameters</description>
            <guid>guid:12be50909032b80c:18f81ea7:11f41c537ad:-73b2</guid>
            <versionId>770fe32c-1c7a-4791-a72b-d7bbe3749c2d</versionId>
        </processParameter>
        <processParameter name="htmlResult">
            <lastModified isNull="true" />
            <lastModifiedBy isNull="true" />
            <processParameterId>2055.b63aee28-e851-4091-a934-5d75b18fd233</processParameterId>
            <processId>1.b258f369-1dde-48bb-8158-366d49cc0317</processId>
            <parameterType>2</parameterType>
            <isArrayOf>false</isArrayOf>
            <classId>/12.db884a3c-c533-44b7-bb2d-47bec8ad4022</classId>
            <seq>6</seq>
            <hasDefault>false</hasDefault>
            <defaultValue isNull="true" />
            <isLocked>false</isLocked>
            <description isNull="true" />
            <guid>guid:12be50909032b80c:18f81ea7:11f41c537ad:-73a5</guid>
            <versionId>de1bdcca-f06b-429c-9c66-010874a6758b</versionId>
        </processParameter>
        <processParameter name="username">
            <lastModified isNull="true" />
            <lastModifiedBy isNull="true" />
            <processParameterId>2055.ce9d5e74-8a8b-4863-89a2-6a9b01805e5c</processParameterId>
            <processId>1.b258f369-1dde-48bb-8158-366d49cc0317</processId>
            <parameterType>1</parameterType>
            <isArrayOf>false</isArrayOf>
            <classId>/12.db884a3c-c533-44b7-bb2d-47bec8ad4022</classId>
            <seq>7</seq>
            <hasDefault>true</hasDefault>
            <defaultValue isNull="true" />
            <isLocked>false</isLocked>
            <description isNull="true" />
            <guid>guid:12be50909032b80c:18f81ea7:11f41c537ad:-68da</guid>
            <versionId>0ea99be4-2b37-4e45-9707-5d9eae7eb5b9</versionId>
        </processParameter>
        <processParameter name="password">
            <lastModified isNull="true" />
            <lastModifiedBy isNull="true" />
            <processParameterId>2055.6be08b50-05a1-44ee-a2ba-4f5400840ba9</processParameterId>
            <processId>1.b258f369-1dde-48bb-8158-366d49cc0317</processId>
            <parameterType>1</parameterType>
            <isArrayOf>false</isArrayOf>
            <classId>/12.db884a3c-c533-44b7-bb2d-47bec8ad4022</classId>
            <seq>8</seq>
            <hasDefault>true</hasDefault>
            <defaultValue isNull="true" />
            <isLocked>false</isLocked>
            <description isNull="true" />
            <guid>guid:12be50909032b80c:18f81ea7:11f41c537ad:-68d0</guid>
            <versionId>6eccbf97-add0-4638-a6ec-e330130a9336</versionId>
        </processParameter>
        <processVariable name="parameters">
            <lastModified isNull="true" />
            <lastModifiedBy isNull="true" />
            <processVariableId>2056.9c75d7d9-e387-4036-93bd-d6cc70f655e1</processVariableId>
            <description isNull="true" />
            <processId>1.b258f369-1dde-48bb-8158-366d49cc0317</processId>
            <namespace>2</namespace>
            <seq>1</seq>
            <isArrayOf>false</isArrayOf>
            <classId>/12.db884a3c-c533-44b7-bb2d-47bec8ad4022</classId>
            <hasDefault>false</hasDefault>
            <defaultValue isNull="true" />
            <guid>guid:12be50909032b80c:18f81ea7:11f41c537ad:-72dd</guid>
            <versionId>0f812ab9-86f8-4a90-9fbb-c5c8a17c1966</versionId>
        </processVariable>
        <processVariable name="parametersXML">
            <lastModified isNull="true" />
            <lastModifiedBy isNull="true" />
            <processVariableId>2056.9e377e11-6953-4564-a047-70d91f549066</processVariableId>
            <description isNull="true" />
            <processId>1.b258f369-1dde-48bb-8158-366d49cc0317</processId>
            <namespace>2</namespace>
            <seq>2</seq>
            <isArrayOf>false</isArrayOf>
            <classId>/12.8a176cc2-eebb-4310-a9c7-9bc62b3a8002</classId>
            <hasDefault>false</hasDefault>
            <defaultValue isNull="true" />
            <guid>guid:12be50909032b80c:18f81ea7:11f41c537ad:-7398</guid>
            <versionId>bc2b9006-4f7e-4607-913c-98ef5d164a92</versionId>
        </processVariable>
        <processVariable name="returnXML">
            <lastModified isNull="true" />
            <lastModifiedBy isNull="true" />
            <processVariableId>2056.079a2369-e92e-49ed-b578-820b862be2e8</processVariableId>
            <description isNull="true" />
            <processId>1.b258f369-1dde-48bb-8158-366d49cc0317</processId>
            <namespace>2</namespace>
            <seq>3</seq>
            <isArrayOf>false</isArrayOf>
            <classId>/12.8a176cc2-eebb-4310-a9c7-9bc62b3a8002</classId>
            <hasDefault>false</hasDefault>
            <defaultValue isNull="true" />
            <guid>guid:12be50909032b80c:18f81ea7:11f41c537ad:-7397</guid>
            <versionId>f730af11-200e-4288-8c7a-603c150be14e</versionId>
        </processVariable>
        <item>
            <lastModified isNull="true" />
            <lastModifiedBy isNull="true" />
            <processItemId>2025.2ffc6eee-ac9b-4c85-ba81-eb5e93b6e14e</processItemId>
            <processId>1.b258f369-1dde-48bb-8158-366d49cc0317</processId>
            <name>Extract Result</name>
            <tWComponentName>Script</tWComponentName>
            <tWComponentId>3011.c2fe4fdb-bd90-4aec-8223-c2ec29eb7b2a</tWComponentId>
            <isLogEnabled>false</isLogEnabled>
            <isTraceEnabled>false</isTraceEnabled>
            <traceCategory isNull="true" />
            <traceLevel isNull="true" />
            <traceMessage isNull="true" />
            <traceSymbolTable isNull="true" />
            <isExecutionContextTraced>false</isExecutionContextTraced>
            <saveExecutionContext>false</saveExecutionContext>
            <documentation isNull="true" />
            <isErrorHandlerEnabled>false</isErrorHandlerEnabled>
            <errorHandlerItemId isNull="true" />
            <guid>guid:12be50909032b80c:18f81ea7:11f41c537ad:-73d5</guid>
            <versionId>415a47ae-ca1c-4660-aeaa-74f9b3a61abb</versionId>
            <layoutData x="550" y="118">
                <errorLink>
                    <controlPoints />
                    <showEndState>false</showEndState>
                    <showName>false</showName>
                </errorLink>
            </layoutData>
            <TWComponent>
                <lastModified isNull="true" />
                <lastModifiedBy isNull="true" />
                <scriptId>3011.c2fe4fdb-bd90-4aec-8223-c2ec29eb7b2a</scriptId>
                <scriptTypeId>2</scriptTypeId>
                <isActive>true</isActive>
                <script>if(tw.local.returnXML != null &amp;&amp; tw.local.returnXML.record != null) {
  tw.local.htmlResult = tw.local.returnXML.record[0].column[0].getText();
}
</script>
                <isRule>false</isRule>
                <guid>guid:12be50909032b80c:18f81ea7:11f41c537ad:-73d6</guid>
                <versionId>a46df873-2965-4e20-8d6f-6d8309dfbb9e</versionId>
            </TWComponent>
        </item>
        <item>
            <lastModified isNull="true" />
            <lastModifiedBy isNull="true" />
            <processItemId>2025.6d04281d-4f21-4cfe-8399-b6de478187c2</processItemId>
            <processId>1.b258f369-1dde-48bb-8158-366d49cc0317</processId>
            <name>Read with Auth</name>
            <tWComponentName>JavaConnector</tWComponentName>
            <tWComponentId>3022.97aae118-a911-4b0b-93f2-22ba502e11d7</tWComponentId>
            <isLogEnabled>false</isLogEnabled>
            <isTraceEnabled>false</isTraceEnabled>
            <traceCategory isNull="true" />
            <traceLevel isNull="true" />
            <traceMessage isNull="true" />
            <traceSymbolTable isNull="true" />
            <isExecutionContextTraced>false</isExecutionContextTraced>
            <saveExecutionContext>false</saveExecutionContext>
            <documentation isNull="true" />
            <isErrorHandlerEnabled>false</isErrorHandlerEnabled>
            <errorHandlerItemId isNull="true" />
            <guid>guid:12be50909032b80c:18f81ea7:11f41c537ad:-68f9</guid>
            <versionId>533d6ed3-656c-4a30-a220-87e26628e7de</versionId>
            <layoutData x="390" y="168">
                <errorLink>
                    <controlPoints />
                    <showEndState>false</showEndState>
                    <showName>false</showName>
                </errorLink>
            </layoutData>
            <TWComponent>
                <lastModified isNull="true" />
                <lastModifiedBy isNull="true" />
                <javaConnectorId>3022.97aae118-a911-4b0b-93f2-22ba502e11d7</javaConnectorId>
                <definition>&lt;connector&gt;
  &lt;javaClassName&gt;teamworks.HTTPClient2&lt;/javaClassName&gt;
  &lt;methodName&gt;talk&lt;/methodName&gt;
  &lt;inputRecord&gt;
    &lt;element type="java.lang.String" nativeType="java.lang.String" parameter="Parameter 0" argument="tw.local.url" description="url" /&gt;
    &lt;element type="java.lang.String" nativeType="java.lang.String" parameter="Parameter 1" argument="tw.local.parameters" description="postParms" /&gt;
    &lt;element type="java.lang.String" nativeType="java.lang.String" parameter="Parameter 2" argument="tw.local.proxy" description="proxy" /&gt;
    &lt;element type="java.lang.String" nativeType="java.lang.String" parameter="Parameter 3" argument="tw.local.socks" description="socks" /&gt;
    &lt;element type="java.util.HashMap" nativeType="java.util.HashMap" parameter="Parameter 4" argument="tw.local.sslParameters" description="sslParms" /&gt;
    &lt;element type="java.lang.String" nativeType="java.lang.String" parameter="Parameter 5" argument="tw.local.username" description="userName" /&gt;
    &lt;element type="java.lang.String" nativeType="java.lang.String" parameter="Parameter 6" argument="tw.local.password" description="password" /&gt;
  &lt;/inputRecord&gt;
  &lt;outputRecord&gt;
    &lt;element type="org.jdom.Element" nativeType="org.jdom.Element" parameter="Return Value" argument="tw.local.returnXML" description="" /&gt;
  &lt;/outputRecord&gt;
&lt;/connector&gt;</definition>
                <guid>guid:12be50909032b80c:18f81ea7:11f41c537ad:-68fa</guid>
                <versionId>392303f6-d37b-4884-9310-c2e43f41079b</versionId>
            </TWComponent>
        </item>
        <item>
            <lastModified isNull="true" />
            <lastModifiedBy isNull="true" />
            <processItemId>2025.9f514d7e-507b-44b1-9c7c-14f1ba81b024</processItemId>
            <processId>1.b258f369-1dde-48bb-8158-366d49cc0317</processId>
            <name>End</name>
            <tWComponentName>ExitPoint</tWComponentName>
            <tWComponentId>3008.d2684978-8966-49ab-8128-45502310fdc5</tWComponentId>
            <isLogEnabled>false</isLogEnabled>
            <isTraceEnabled>false</isTraceEnabled>
            <traceCategory isNull="true" />
            <traceLevel isNull="true" />
            <traceMessage isNull="true" />
            <traceSymbolTable isNull="true" />
            <isExecutionContextTraced>false</isExecutionContextTraced>
            <saveExecutionContext>true</saveExecutionContext>
            <documentation isNull="true" />
            <isErrorHandlerEnabled>false</isErrorHandlerEnabled>
            <errorHandlerItemId isNull="true" />
            <guid>guid:12be50909032b80c:18f81ea7:11f41c537ad:-740b</guid>
            <versionId>9e0344f0-18e8-403d-9b90-ebc7c65e2237</versionId>
            <layoutData x="691" y="133">
                <errorLink>
                    <controlPoints />
                    <showEndState>false</showEndState>
                    <showName>false</showName>
                </errorLink>
            </layoutData>
            <TWComponent>
                <lastModified isNull="true" />
                <lastModifiedBy isNull="true" />
                <exitPointId>3008.d2684978-8966-49ab-8128-45502310fdc5</exitPointId>
                <haltProcess>false</haltProcess>
                <guid>guid:12be50909032b80c:18f81ea7:11f41c537ad:-740a</guid>
                <versionId>fdb04544-3fdc-43a1-814c-ab8807f0ade5</versionId>
            </TWComponent>
        </item>
        <item>
            <lastModified isNull="true" />
            <lastModifiedBy isNull="true" />
            <processItemId>2025.c3635261-4cd5-4aea-a35f-9d81005066be</processItemId>
            <processId>1.b258f369-1dde-48bb-8158-366d49cc0317</processId>
            <name>Convert Params</name>
            <tWComponentName>Script</tWComponentName>
            <tWComponentId>3011.5504113d-ac15-4829-b86b-907225118075</tWComponentId>
            <isLogEnabled>false</isLogEnabled>
            <isTraceEnabled>false</isTraceEnabled>
            <traceCategory isNull="true" />
            <traceLevel isNull="true" />
            <traceMessage isNull="true" />
            <traceSymbolTable isNull="true" />
            <isExecutionContextTraced>false</isExecutionContextTraced>
            <saveExecutionContext>false</saveExecutionContext>
            <documentation isNull="true" />
            <isErrorHandlerEnabled>false</isErrorHandlerEnabled>
            <errorHandlerItemId isNull="true" />
            <guid>guid:12be50909032b80c:18f81ea7:11f41c537ad:-73e1</guid>
            <versionId>cc4bd0af-66b7-4db5-b161-db478b70f159</versionId>
            <layoutData x="147" y="118">
                <errorLink>
                    <controlPoints />
                    <showEndState>false</showEndState>
                    <showName>false</showName>
                </errorLink>
            </layoutData>
            <TWComponent>
                <lastModified isNull="true" />
                <lastModifiedBy isNull="true" />
                <scriptId>3011.5504113d-ac15-4829-b86b-907225118075</scriptId>
                <scriptTypeId>2</scriptTypeId>
                <isActive>true</isActive>
                <script>tw.local.parametersXML = new tw.object.XMLElement("parameters");

if(tw.local.params != null) {
  var names = tw.local.params.keyArray();
  for(var i = 0; i &lt; names.length; i++) {
    var name = names[i];
    var value = tw.local.params.get(name);
    if(value != null &amp;&amp; value != '') {
      var parameterElement = new tw.object.XMLElement("parameter");
      parameterElement.setAttribute("name", name);
      parameterElement.setText(value);
	  tw.local.parametersXML.appendChild(parameterElement);
    }
  }
}

tw.local.parameters = tw.local.parametersXML.toString(true);
</script>
                <isRule>false</isRule>
                <guid>guid:12be50909032b80c:18f81ea7:11f41c537ad:-73e2</guid>
                <versionId>809475e6-1543-4833-ac8d-54a56f5d0b95</versionId>
            </TWComponent>
        </item>
        <item>
            <lastModified isNull="true" />
            <lastModifiedBy isNull="true" />
            <processItemId>2025.defff705-ece8-4ae5-b3bc-82679ab12d54</processItemId>
            <processId>1.b258f369-1dde-48bb-8158-366d49cc0317</processId>
            <name>HTTP Read</name>
            <tWComponentName>JavaConnector</tWComponentName>
            <tWComponentId>3022.2bd3962f-73d3-4e42-af13-35f3252632fd</tWComponentId>
            <isLogEnabled>false</isLogEnabled>
            <isTraceEnabled>false</isTraceEnabled>
            <traceCategory isNull="true" />
            <traceLevel isNull="true" />
            <traceMessage isNull="true" />
            <traceSymbolTable isNull="true" />
            <isExecutionContextTraced>false</isExecutionContextTraced>
            <saveExecutionContext>false</saveExecutionContext>
            <documentation isNull="true" />
            <isErrorHandlerEnabled>false</isErrorHandlerEnabled>
            <errorHandlerItemId isNull="true" />
            <guid>guid:12be50909032b80c:18f81ea7:11f41c537ad:-73fa</guid>
            <versionId>e1ed983d-77f0-4b69-b093-7fd9330a940b</versionId>
            <layoutData x="390" y="54">
                <errorLink>
                    <controlPoints />
                    <showEndState>false</showEndState>
                    <showName>false</showName>
                </errorLink>
            </layoutData>
            <TWComponent>
                <lastModified isNull="true" />
                <lastModifiedBy isNull="true" />
                <javaConnectorId>3022.2bd3962f-73d3-4e42-af13-35f3252632fd</javaConnectorId>
                <definition>&lt;connector&gt;
  &lt;javaClassName&gt;teamworks.HTTPClient&lt;/javaClassName&gt;
  &lt;methodName&gt;talk&lt;/methodName&gt;
  &lt;inputRecord&gt;
    &lt;element type="java.lang.String" nativeType="java.lang.String" parameter="Parameter 0" argument="tw.local.url" description="url" /&gt;
    &lt;element type="java.lang.String" nativeType="java.lang.String" parameter="Parameter 1" argument="tw.local.parameters" description="postParms" /&gt;
    &lt;element type="java.lang.String" nativeType="java.lang.String" parameter="Parameter 2" argument="tw.local.proxy" description="proxy" /&gt;
    &lt;element type="java.lang.String" nativeType="java.lang.String" parameter="Parameter 3" argument="tw.local.socks" description="socks" /&gt;
    &lt;element type="java.util.HashMap" nativeType="java.util.HashMap" parameter="Parameter 4" argument="tw.local.sslParameters" description="sslParms" /&gt;
  &lt;/inputRecord&gt;
  &lt;outputRecord&gt;
    &lt;element type="org.jdom.Element" nativeType="org.jdom.Element" parameter="Return Value" argument="tw.local.returnXML" description="" /&gt;
  &lt;/outputRecord&gt;
&lt;/connector&gt;</definition>
                <guid>guid:12be50909032b80c:18f81ea7:11f41c537ad:-73fb</guid>
                <versionId>ab93d768-1dbd-4d5a-a368-8832dc91fe88</versionId>
            </TWComponent>
        </item>
        <item>
            <lastModified isNull="true" />
            <lastModifiedBy isNull="true" />
            <processItemId>2025.27f69b1e-9aa5-485f-9ec9-9a849b555fee</processItemId>
            <processId>1.b258f369-1dde-48bb-8158-366d49cc0317</processId>
            <name>Has Credentials?</name>
            <tWComponentName>Switch</tWComponentName>
            <tWComponentId>3013.b8f215a4-0cb6-4145-bdf9-da672a28df3f</tWComponentId>
            <isLogEnabled>false</isLogEnabled>
            <isTraceEnabled>false</isTraceEnabled>
            <traceCategory isNull="true" />
            <traceLevel isNull="true" />
            <traceMessage isNull="true" />
            <traceSymbolTable isNull="true" />
            <isExecutionContextTraced>false</isExecutionContextTraced>
            <saveExecutionContext>false</saveExecutionContext>
            <documentation isNull="true" />
            <isErrorHandlerEnabled>false</isErrorHandlerEnabled>
            <errorHandlerItemId isNull="true" />
            <guid>guid:12be50909032b80c:18f81ea7:11f41c537ad:-68de</guid>
            <versionId>e7ceb49d-991f-467b-92a0-9b7fec3db261</versionId>
            <layoutData x="268" y="133">
                <errorLink>
                    <controlPoints />
                    <showEndState>false</showEndState>
                    <showName>false</showName>
                </errorLink>
            </layoutData>
            <TWComponent>
                <lastModified isNull="true" />
                <lastModifiedBy isNull="true" />
                <switchId>3013.b8f215a4-0cb6-4145-bdf9-da672a28df3f</switchId>
                <guid>guid:12be50909032b80c:18f81ea7:11f41c537ad:-68df</guid>
                <versionId>ad73a0bd-9ee4-4c20-8aab-ed7fbb2f7a20</versionId>
                <SwitchCondition>
                    <lastModified isNull="true" />
                    <lastModifiedBy isNull="true" />
                    <switchConditionId>3014.33fdf9f2-4e4a-4480-8313-59ec4f78a75f</switchConditionId>
                    <switchId>3013.b8f215a4-0cb6-4145-bdf9-da672a28df3f</switchId>
                    <seq>1</seq>
                    <endStateId>guid:12be50909032b80c:18f81ea7:11f41c537ad:-68c1</endStateId>
                    <condition>tw.local.username != null &amp;&amp; tw.local.username.length &gt; 0</condition>
                    <guid>guid:12be50909032b80c:18f81ea7:11f41c537ad:-68c2</guid>
                    <versionId>d633683e-1fa2-4924-b45a-be7916b58690</versionId>
                </SwitchCondition>
            </TWComponent>
        </item>
        <startingProcessItemId>2025.c3635261-4cd5-4aea-a35f-9d81005066be</startingProcessItemId>
        <errorHandlerItemId isNull="true" />
        <layoutData noConversion="true">
            <errorLink>
                <controlPoints />
                <showEndState>false</showEndState>
                <showName>false</showName>
            </errorLink>
        </layoutData>
        <startPoint>
            <layoutData x="37" y="133">
                <errorLink>
                    <controlPoints />
                    <showEndState>false</showEndState>
                    <showName>false</showName>
                </errorLink>
            </layoutData>
        </startPoint>
        <startLink>
            <fromPort locationId="rightCenter" portType="1" />
            <toPort locationId="leftCenter" portType="2" />
            <layoutData>
                <controlPoints />
                <showEndState>false</showEndState>
                <showName>false</showName>
            </layoutData>
        </startLink>
        <link name="Untitled">
            <lastModified isNull="true" />
            <lastModifiedBy isNull="true" />
            <processLinkId>2027.0c245a68-a5c7-48dd-a078-03e8560dd8f6</processLinkId>
            <processId>1.b258f369-1dde-48bb-8158-366d49cc0317</processId>
            <description isNull="true" />
            <fromProcessItemId>2025.6d04281d-4f21-4cfe-8399-b6de478187c2</fromProcessItemId>
            <endStateId>Out</endStateId>
            <toProcessItemId>2025.2ffc6eee-ac9b-4c85-ba81-eb5e93b6e14e</toProcessItemId>
            <guid>guid:12be50909032b80c:18f81ea7:11f41c537ad:-68b8</guid>
            <versionId>140e968f-d27e-4d87-b793-ef0ab55daaa4</versionId>
            <layoutData>
                <controlPoints />
                <showEndState>false</showEndState>
                <showName>false</showName>
            </layoutData>
            <fromItemPort locationId="rightCenter" portType="1" />
            <toItemPort locationId="leftCenter" portType="2" />
            <fromProcessItemId>2025.6d04281d-4f21-4cfe-8399-b6de478187c2</fromProcessItemId>
            <toProcessItemId>2025.2ffc6eee-ac9b-4c85-ba81-eb5e93b6e14e</toProcessItemId>
        </link>
        <link name="No">
            <lastModified isNull="true" />
            <lastModifiedBy isNull="true" />
            <processLinkId>2027.2cff8a27-fa95-4265-9c0d-9a3a55e275b5</processLinkId>
            <processId>1.b258f369-1dde-48bb-8158-366d49cc0317</processId>
            <description isNull="true" />
            <fromProcessItemId>2025.27f69b1e-9aa5-485f-9ec9-9a849b555fee</fromProcessItemId>
            <endStateId>DEFAULT</endStateId>
            <toProcessItemId>2025.defff705-ece8-4ae5-b3bc-82679ab12d54</toProcessItemId>
            <guid>guid:12be50909032b80c:18f81ea7:11f41c537ad:-68c3</guid>
            <versionId>8fb602a9-5f2e-438b-8a15-948457ce3092</versionId>
            <layoutData>
                <controlPoints />
                <showEndState>false</showEndState>
                <showName>true</showName>
            </layoutData>
            <fromItemPort locationId="rightCenter" portType="1" />
            <toItemPort locationId="leftCenter" portType="2" />
            <fromProcessItemId>2025.27f69b1e-9aa5-485f-9ec9-9a849b555fee</fromProcessItemId>
            <toProcessItemId>2025.defff705-ece8-4ae5-b3bc-82679ab12d54</toProcessItemId>
        </link>
        <link name="Yes">
            <lastModified isNull="true" />
            <lastModifiedBy isNull="true" />
            <processLinkId>2027.907a0ef1-6c6e-4f5f-960f-fa385843da0b</processLinkId>
            <processId>1.b258f369-1dde-48bb-8158-366d49cc0317</processId>
            <description isNull="true" />
            <fromProcessItemId>2025.27f69b1e-9aa5-485f-9ec9-9a849b555fee</fromProcessItemId>
            <endStateId>guid:12be50909032b80c:18f81ea7:11f41c537ad:-68c1</endStateId>
            <toProcessItemId>2025.6d04281d-4f21-4cfe-8399-b6de478187c2</toProcessItemId>
            <guid>guid:12be50909032b80c:18f81ea7:11f41c537ad:-68c0</guid>
            <versionId>95c59df4-9955-4fd3-8115-f49a9120c29e</versionId>
            <layoutData>
                <controlPoints />
                <showEndState>false</showEndState>
                <showName>true</showName>
            </layoutData>
            <fromItemPort locationId="rightCenter" portType="1" />
            <toItemPort locationId="leftCenter" portType="2" />
            <fromProcessItemId>2025.27f69b1e-9aa5-485f-9ec9-9a849b555fee</fromProcessItemId>
            <toProcessItemId>2025.6d04281d-4f21-4cfe-8399-b6de478187c2</toProcessItemId>
        </link>
        <link name="Untitled">
            <lastModified isNull="true" />
            <lastModifiedBy isNull="true" />
            <processLinkId>2027.3b303d4a-cac7-4886-bca2-c7488be2cc34</processLinkId>
            <processId>1.b258f369-1dde-48bb-8158-366d49cc0317</processId>
            <description isNull="true" />
            <fromProcessItemId>2025.defff705-ece8-4ae5-b3bc-82679ab12d54</fromProcessItemId>
            <endStateId>Out</endStateId>
            <toProcessItemId>2025.2ffc6eee-ac9b-4c85-ba81-eb5e93b6e14e</toProcessItemId>
            <guid>guid:12be50909032b80c:18f81ea7:11f41c537ad:-73a3</guid>
            <versionId>993483c6-b3a0-4c5c-a930-d2d6f2099d9d</versionId>
            <layoutData>
                <controlPoints />
                <showEndState>false</showEndState>
                <showName>false</showName>
            </layoutData>
            <fromItemPort locationId="rightCenter" portType="1" />
            <toItemPort locationId="leftCenter" portType="2" />
            <fromProcessItemId>2025.defff705-ece8-4ae5-b3bc-82679ab12d54</fromProcessItemId>
            <toProcessItemId>2025.2ffc6eee-ac9b-4c85-ba81-eb5e93b6e14e</toProcessItemId>
        </link>
        <link name="Untitled">
            <lastModified isNull="true" />
            <lastModifiedBy isNull="true" />
            <processLinkId>2027.d0824657-65c2-420b-be03-4ecee7d227d5</processLinkId>
            <processId>1.b258f369-1dde-48bb-8158-366d49cc0317</processId>
            <description isNull="true" />
            <fromProcessItemId>2025.c3635261-4cd5-4aea-a35f-9d81005066be</fromProcessItemId>
            <endStateId>Out</endStateId>
            <toProcessItemId>2025.27f69b1e-9aa5-485f-9ec9-9a849b555fee</toProcessItemId>
            <guid>guid:12be50909032b80c:18f81ea7:11f41c537ad:-68bc</guid>
            <versionId>db233838-e042-4046-bb71-745f763a2101</versionId>
            <layoutData>
                <controlPoints />
                <showEndState>false</showEndState>
                <showName>false</showName>
            </layoutData>
            <fromItemPort locationId="rightCenter" portType="1" />
            <toItemPort locationId="leftCenter" portType="2" />
            <fromProcessItemId>2025.c3635261-4cd5-4aea-a35f-9d81005066be</fromProcessItemId>
            <toProcessItemId>2025.27f69b1e-9aa5-485f-9ec9-9a849b555fee</toProcessItemId>
        </link>
        <link name="Untitled">
            <lastModified isNull="true" />
            <lastModifiedBy isNull="true" />
            <processLinkId>2027.58ab74db-f6dc-4363-af02-c71298433511</processLinkId>
            <processId>1.b258f369-1dde-48bb-8158-366d49cc0317</processId>
            <description isNull="true" />
            <fromProcessItemId>2025.2ffc6eee-ac9b-4c85-ba81-eb5e93b6e14e</fromProcessItemId>
            <endStateId>Out</endStateId>
            <toProcessItemId>2025.9f514d7e-507b-44b1-9c7c-14f1ba81b024</toProcessItemId>
            <guid>guid:12be50909032b80c:18f81ea7:11f41c537ad:-73a2</guid>
            <versionId>e419b2f9-1d44-4526-8a97-a9938aaecd3e</versionId>
            <layoutData>
                <controlPoints />
                <showEndState>false</showEndState>
                <showName>false</showName>
            </layoutData>
            <fromItemPort locationId="rightCenter" portType="1" />
            <toItemPort locationId="leftCenter" portType="2" />
            <fromProcessItemId>2025.2ffc6eee-ac9b-4c85-ba81-eb5e93b6e14e</fromProcessItemId>
            <toProcessItemId>2025.9f514d7e-507b-44b1-9c7c-14f1ba81b024</toProcessItemId>
        </link>
    </process>
</teamworks>

