<?xml version="1.0" encoding="UTF-8"?>
<teamworks>
    <process id="1.b5c87f00-d353-418a-8c93-4c9405ff035e" name="Call WebService via SOAP">
        <lastModified>1361412273512</lastModified>
        <lastModifiedBy>Internal TW Admin user</lastModifiedBy>
        <processId>1.b5c87f00-d353-418a-8c93-4c9405ff035e</processId>
        <image isNull="true" />
        <tabGroup isNull="true" />
        <startingProcessItemId>2025.089514ce-409b-4af5-ac05-110715800f1b</startingProcessItemId>
        <isRootProcess>false</isRootProcess>
        <processType>4</processType>
        <isErrorHandlerEnabled>false</isErrorHandlerEnabled>
        <errorHandlerItemId isNull="true" />
        <isLoggingVariables>false</isLoggingVariables>
        <isTransactional>false</isTransactional>
        <processTimingLevel isNull="true" />
        <participantRef isNull="true" />
        <exposedType isNull="true" />
        <isTrackingEnabled>true</isTrackingEnabled>
        <xmlData isNull="true" />
        <cachingType>false</cachingType>
        <itemLabel isNull="true" />
        <cacheLength>43200</cacheLength>
        <mobileReady>false</mobileReady>
        <sboSyncEnabled>true</sboSyncEnabled>
        <externalId isNull="true" />
        <isSecured>false</isSecured>
        <description>Allows an author create a SOAP request XML document, and sends it as a SOAP request. The SOAP response is returned directly as an XML document.  Optionally authenticates with the SOAP endpoint using HTTP Basic Authentication.</description>
        <guid>guid:12be50909032b80c:18f81ea7:11f41c537ad:-63e8</guid>
        <versionId>ef8fe15d-2ae9-41a8-9e9e-48ef0242b3ab</versionId>
        <dependencySummary isNull="true" />
        <processParameter name="wsdlURL">
            <lastModified isNull="true" />
            <lastModifiedBy isNull="true" />
            <processParameterId>2055.9edc7643-0c23-4d8e-8158-1fdea7ae2e4d</processParameterId>
            <processId>1.b5c87f00-d353-418a-8c93-4c9405ff035e</processId>
            <parameterType>1</parameterType>
            <isArrayOf>false</isArrayOf>
            <classId>/12.db884a3c-c533-44b7-bb2d-47bec8ad4022</classId>
            <seq>1</seq>
            <hasDefault>false</hasDefault>
            <defaultValue isNull="true" />
            <isLocked>false</isLocked>
            <description>The location of the WSDL</description>
            <guid>guid:12be50909032b80c:18f81ea7:11f41c537ad:-6361</guid>
            <versionId>1863937d-e48b-4d4c-aa0f-2debaa26d789</versionId>
        </processParameter>
        <processParameter name="serviceNS">
            <lastModified isNull="true" />
            <lastModifiedBy isNull="true" />
            <processParameterId>2055.234bbb53-57e7-4613-9e40-f5be4c4607dc</processParameterId>
            <processId>1.b5c87f00-d353-418a-8c93-4c9405ff035e</processId>
            <parameterType>1</parameterType>
            <isArrayOf>false</isArrayOf>
            <classId>/12.db884a3c-c533-44b7-bb2d-47bec8ad4022</classId>
            <seq>2</seq>
            <hasDefault>false</hasDefault>
            <defaultValue isNull="true" />
            <isLocked>false</isLocked>
            <description>The namespace of the service</description>
            <guid>guid:12be50909032b80c:18f81ea7:11f41c537ad:-6354</guid>
            <versionId>b4ff4259-798c-44e4-9d54-f29e7eb06983</versionId>
        </processParameter>
        <processParameter name="serviceName">
            <lastModified isNull="true" />
            <lastModifiedBy isNull="true" />
            <processParameterId>2055.1ca69386-a949-4920-822d-4cf08c1bd710</processParameterId>
            <processId>1.b5c87f00-d353-418a-8c93-4c9405ff035e</processId>
            <parameterType>1</parameterType>
            <isArrayOf>false</isArrayOf>
            <classId>/12.db884a3c-c533-44b7-bb2d-47bec8ad4022</classId>
            <seq>3</seq>
            <hasDefault>false</hasDefault>
            <defaultValue isNull="true" />
            <isLocked>false</isLocked>
            <description>The name of the service</description>
            <guid>guid:12be50909032b80c:18f81ea7:11f41c537ad:-6353</guid>
            <versionId>4d252570-d33c-4898-9cd0-4734987355b9</versionId>
        </processParameter>
        <processParameter name="destinationAddress">
            <lastModified isNull="true" />
            <lastModifiedBy isNull="true" />
            <processParameterId>2055.6ddfebf4-150f-486b-b6b2-27380119c597</processParameterId>
            <processId>1.b5c87f00-d353-418a-8c93-4c9405ff035e</processId>
            <parameterType>1</parameterType>
            <isArrayOf>false</isArrayOf>
            <classId>/12.db884a3c-c533-44b7-bb2d-47bec8ad4022</classId>
            <seq>4</seq>
            <hasDefault>false</hasDefault>
            <defaultValue isNull="true" />
            <isLocked>false</isLocked>
            <description>The destination endpoint address</description>
            <guid>guid:12be50909032b80c:18f81ea7:11f41c537ad:-6352</guid>
            <versionId>15b2f540-3259-4239-af37-1ef5392fdec2</versionId>
        </processParameter>
        <processParameter name="request">
            <lastModified isNull="true" />
            <lastModifiedBy isNull="true" />
            <processParameterId>2055.53032928-e347-4d75-b66b-5a86c83fddf1</processParameterId>
            <processId>1.b5c87f00-d353-418a-8c93-4c9405ff035e</processId>
            <parameterType>1</parameterType>
            <isArrayOf>false</isArrayOf>
            <classId>/12.8a176cc2-eebb-4310-a9c7-9bc62b3a8002</classId>
            <seq>5</seq>
            <hasDefault>false</hasDefault>
            <defaultValue isNull="true" />
            <isLocked>false</isLocked>
            <description>The request XML</description>
            <guid>guid:12be50909032b80c:18f81ea7:11f41c537ad:-6351</guid>
            <versionId>d360cd68-618c-4ed5-932d-f4e3c414dfae</versionId>
        </processParameter>
        <processParameter name="soapAction">
            <lastModified isNull="true" />
            <lastModifiedBy isNull="true" />
            <processParameterId>2055.f245bd23-95c9-4d25-be3b-02ada30f0ecb</processParameterId>
            <processId>1.b5c87f00-d353-418a-8c93-4c9405ff035e</processId>
            <parameterType>1</parameterType>
            <isArrayOf>false</isArrayOf>
            <classId>/12.db884a3c-c533-44b7-bb2d-47bec8ad4022</classId>
            <seq>6</seq>
            <hasDefault>false</hasDefault>
            <defaultValue isNull="true" />
            <isLocked>false</isLocked>
            <description>The SOAP action</description>
            <guid>guid:12be50909032b80c:18f81ea7:11f41c537ad:-634d</guid>
            <versionId>973bdd6d-5941-4f3a-8d76-ce5774d03d52</versionId>
        </processParameter>
        <processParameter name="response">
            <lastModified isNull="true" />
            <lastModifiedBy isNull="true" />
            <processParameterId>2055.a2c6e123-5919-4e2c-b407-8fe33236ad46</processParameterId>
            <processId>1.b5c87f00-d353-418a-8c93-4c9405ff035e</processId>
            <parameterType>2</parameterType>
            <isArrayOf>false</isArrayOf>
            <classId>/12.8a176cc2-eebb-4310-a9c7-9bc62b3a8002</classId>
            <seq>7</seq>
            <hasDefault>false</hasDefault>
            <defaultValue isNull="true" />
            <isLocked>false</isLocked>
            <description>The response XML</description>
            <guid>guid:12be50909032b80c:18f81ea7:11f41c537ad:-634c</guid>
            <versionId>a00b00c4-557f-4316-8a60-dbf10fd20651</versionId>
        </processParameter>
        <processParameter name="username">
            <lastModified isNull="true" />
            <lastModifiedBy isNull="true" />
            <processParameterId>2055.18799e50-4182-49ad-8ae9-2cc5e9246b0a</processParameterId>
            <processId>1.b5c87f00-d353-418a-8c93-4c9405ff035e</processId>
            <parameterType>1</parameterType>
            <isArrayOf>false</isArrayOf>
            <classId>/12.db884a3c-c533-44b7-bb2d-47bec8ad4022</classId>
            <seq>8</seq>
            <hasDefault>true</hasDefault>
            <defaultValue isNull="true" />
            <isLocked>false</isLocked>
            <description isNull="true" />
            <guid>guid:12be50909032b80c:18f81ea7:11f41c537ad:-6324</guid>
            <versionId>4b9d53c0-59c3-4215-9772-543e1073f0f5</versionId>
        </processParameter>
        <processParameter name="password">
            <lastModified isNull="true" />
            <lastModifiedBy isNull="true" />
            <processParameterId>2055.e8f317a4-9653-446c-933f-db674f336b54</processParameterId>
            <processId>1.b5c87f00-d353-418a-8c93-4c9405ff035e</processId>
            <parameterType>1</parameterType>
            <isArrayOf>false</isArrayOf>
            <classId>/12.db884a3c-c533-44b7-bb2d-47bec8ad4022</classId>
            <seq>9</seq>
            <hasDefault>true</hasDefault>
            <defaultValue isNull="true" />
            <isLocked>false</isLocked>
            <description isNull="true" />
            <guid>guid:12be50909032b80c:18f81ea7:11f41c537ad:-6317</guid>
            <versionId>156ece26-6295-4c9f-936f-64cf5b041bea</versionId>
        </processParameter>
        <item>
            <lastModified isNull="true" />
            <lastModifiedBy isNull="true" />
            <processItemId>2025.d92ecb20-8233-42b6-9c7b-3d6da949e439</processItemId>
            <processId>1.b5c87f00-d353-418a-8c93-4c9405ff035e</processId>
            <name>End</name>
            <tWComponentName>ExitPoint</tWComponentName>
            <tWComponentId>3008.f2b7367f-513d-4a9b-9312-ec9a42669436</tWComponentId>
            <isLogEnabled>false</isLogEnabled>
            <isTraceEnabled>false</isTraceEnabled>
            <traceCategory isNull="true" />
            <traceLevel isNull="true" />
            <traceMessage isNull="true" />
            <traceSymbolTable isNull="true" />
            <isExecutionContextTraced>false</isExecutionContextTraced>
            <saveExecutionContext>true</saveExecutionContext>
            <documentation isNull="true" />
            <isErrorHandlerEnabled>false</isErrorHandlerEnabled>
            <errorHandlerItemId isNull="true" />
            <guid>guid:12be50909032b80c:18f81ea7:11f41c537ad:-63e6</guid>
            <versionId>12479043-2f70-4d78-8266-7280b9beb4b8</versionId>
            <layoutData x="321" y="100">
                <errorLink>
                    <controlPoints />
                    <showEndState>false</showEndState>
                    <showName>false</showName>
                </errorLink>
            </layoutData>
            <TWComponent>
                <lastModified isNull="true" />
                <lastModifiedBy isNull="true" />
                <exitPointId>3008.f2b7367f-513d-4a9b-9312-ec9a42669436</exitPointId>
                <haltProcess>false</haltProcess>
                <guid>guid:12be50909032b80c:18f81ea7:11f41c537ad:-63e5</guid>
                <versionId>ebd4c5d2-4019-40dd-bcc3-98dbd599d795</versionId>
            </TWComponent>
        </item>
        <item>
            <lastModified isNull="true" />
            <lastModifiedBy isNull="true" />
            <processItemId>2025.56330d1f-9e39-41c0-bc70-2c19a0bab943</processItemId>
            <processId>1.b5c87f00-d353-418a-8c93-4c9405ff035e</processId>
            <name>Call SOAP w/Auth</name>
            <tWComponentName>JavaConnector</tWComponentName>
            <tWComponentId>3022.8dced0e7-4998-46a9-b82b-be70aaf0a47d</tWComponentId>
            <isLogEnabled>false</isLogEnabled>
            <isTraceEnabled>false</isTraceEnabled>
            <traceCategory isNull="true" />
            <traceLevel isNull="true" />
            <traceMessage isNull="true" />
            <traceSymbolTable isNull="true" />
            <isExecutionContextTraced>false</isExecutionContextTraced>
            <saveExecutionContext>false</saveExecutionContext>
            <documentation isNull="true" />
            <isErrorHandlerEnabled>false</isErrorHandlerEnabled>
            <errorHandlerItemId isNull="true" />
            <guid>guid:12be50909032b80c:18f81ea7:11f41c537ad:-639e</guid>
            <versionId>5e3540f5-9ac2-48bc-a629-23b17296b5ce</versionId>
            <layoutData x="194" y="136">
                <errorLink>
                    <controlPoints />
                    <showEndState>false</showEndState>
                    <showName>false</showName>
                </errorLink>
            </layoutData>
            <TWComponent>
                <lastModified isNull="true" />
                <lastModifiedBy isNull="true" />
                <javaConnectorId>3022.8dced0e7-4998-46a9-b82b-be70aaf0a47d</javaConnectorId>
                <definition>&lt;connector&gt;
  &lt;javaClassName&gt;teamworks.SOAPMessageConnector&lt;/javaClassName&gt;
  &lt;methodName&gt;callWebService&lt;/methodName&gt;
  &lt;inputRecord&gt;
    &lt;element type="java.lang.String" nativeType="java.lang.String" parameter="Parameter 0" argument="tw.local.wsdlURL" description="Parameter 1" /&gt;
    &lt;element type="java.lang.String" nativeType="java.lang.String" parameter="Parameter 1" argument="tw.local.serviceNS" description="Parameter 2" /&gt;
    &lt;element type="java.lang.String" nativeType="java.lang.String" parameter="Parameter 2" argument="tw.local.serviceName" description="Parameter 3" /&gt;
    &lt;element type="java.lang.String" nativeType="java.lang.String" parameter="Parameter 3" argument="tw.local.destinationAddress" description="Parameter 4" /&gt;
    &lt;element type="java.lang.String" nativeType="java.lang.String" parameter="Parameter 4" argument="tw.local.request.toString(true)" description="Parameter 5" /&gt;
    &lt;element type="java.lang.String" nativeType="java.lang.String" parameter="Parameter 5" argument="tw.local.soapAction" description="Parameter 6" /&gt;
    &lt;element type="java.lang.String" nativeType="java.lang.String" parameter="Parameter 6" argument="tw.local.username" description="Parameter 7" /&gt;
    &lt;element type="java.lang.String" nativeType="java.lang.String" parameter="Parameter 7" argument="tw.local.password" description="Parameter 8" /&gt;
  &lt;/inputRecord&gt;
  &lt;outputRecord&gt;
    &lt;element type="java.lang.String" nativeType="java.lang.String" parameter="Return Value" argument="tw.local.response" description="" /&gt;
  &lt;/outputRecord&gt;
&lt;/connector&gt;</definition>
                <guid>guid:12be50909032b80c:18f81ea7:11f41c537ad:-639f</guid>
                <versionId>4f777897-2870-4aad-aa1f-563e5bfea955</versionId>
            </TWComponent>
        </item>
        <item>
            <lastModified isNull="true" />
            <lastModifiedBy isNull="true" />
            <processItemId>2025.089514ce-409b-4af5-ac05-110715800f1b</processItemId>
            <processId>1.b5c87f00-d353-418a-8c93-4c9405ff035e</processId>
            <name>Has Credentials?</name>
            <tWComponentName>Switch</tWComponentName>
            <tWComponentId>3013.52ac84ec-d11c-4f64-921f-9bd470ff4e8d</tWComponentId>
            <isLogEnabled>false</isLogEnabled>
            <isTraceEnabled>false</isTraceEnabled>
            <traceCategory isNull="true" />
            <traceLevel isNull="true" />
            <traceMessage isNull="true" />
            <traceSymbolTable isNull="true" />
            <isExecutionContextTraced>false</isExecutionContextTraced>
            <saveExecutionContext>false</saveExecutionContext>
            <documentation isNull="true" />
            <isErrorHandlerEnabled>false</isErrorHandlerEnabled>
            <errorHandlerItemId isNull="true" />
            <guid>guid:12be50909032b80c:18f81ea7:11f41c537ad:-639a</guid>
            <versionId>968b11c7-88f3-4534-a9fb-d91a2af5fa7f</versionId>
            <layoutData x="89" y="100">
                <errorLink>
                    <controlPoints />
                    <showEndState>false</showEndState>
                    <showName>false</showName>
                </errorLink>
            </layoutData>
            <TWComponent>
                <lastModified isNull="true" />
                <lastModifiedBy isNull="true" />
                <switchId>3013.52ac84ec-d11c-4f64-921f-9bd470ff4e8d</switchId>
                <guid>guid:12be50909032b80c:18f81ea7:11f41c537ad:-639b</guid>
                <versionId>01e11551-670e-443e-88cc-455001db0b9c</versionId>
                <SwitchCondition>
                    <lastModified isNull="true" />
                    <lastModifiedBy isNull="true" />
                    <switchConditionId>3014.a597554a-7134-4082-bba4-7658b39bebd4</switchConditionId>
                    <switchId>3013.52ac84ec-d11c-4f64-921f-9bd470ff4e8d</switchId>
                    <seq>1</seq>
                    <endStateId>guid:12be50909032b80c:18f81ea7:11f41c537ad:-6394</endStateId>
                    <condition>tw.local.username != null &amp;&amp; tw.local.username.length &gt; 0</condition>
                    <guid>guid:12be50909032b80c:18f81ea7:11f41c537ad:-6395</guid>
                    <versionId>f332753e-b544-4a9a-a97e-a9e9150d8932</versionId>
                </SwitchCondition>
            </TWComponent>
        </item>
        <item>
            <lastModified isNull="true" />
            <lastModifiedBy isNull="true" />
            <processItemId>2025.045cd7ee-b666-4478-9391-1961c6258f04</processItemId>
            <processId>1.b5c87f00-d353-418a-8c93-4c9405ff035e</processId>
            <name>Call SOAP</name>
            <tWComponentName>JavaConnector</tWComponentName>
            <tWComponentId>3022.e588bfe0-743d-4441-9ed9-c69e629bf4dd</tWComponentId>
            <isLogEnabled>false</isLogEnabled>
            <isTraceEnabled>false</isTraceEnabled>
            <traceCategory isNull="true" />
            <traceLevel isNull="true" />
            <traceMessage isNull="true" />
            <traceSymbolTable isNull="true" />
            <isExecutionContextTraced>false</isExecutionContextTraced>
            <saveExecutionContext>false</saveExecutionContext>
            <documentation isNull="true" />
            <isErrorHandlerEnabled>false</isErrorHandlerEnabled>
            <errorHandlerItemId isNull="true" />
            <guid>guid:12be50909032b80c:18f81ea7:11f41c537ad:-63a5</guid>
            <versionId>d073d62c-2a5d-46da-8f33-0df82da19675</versionId>
            <layoutData x="194" y="30">
                <errorLink>
                    <controlPoints />
                    <showEndState>false</showEndState>
                    <showName>false</showName>
                </errorLink>
            </layoutData>
            <TWComponent>
                <lastModified isNull="true" />
                <lastModifiedBy isNull="true" />
                <javaConnectorId>3022.e588bfe0-743d-4441-9ed9-c69e629bf4dd</javaConnectorId>
                <definition>&lt;connector&gt;
  &lt;javaClassName&gt;teamworks.SOAPMessageConnector&lt;/javaClassName&gt;
  &lt;methodName&gt;callWebService&lt;/methodName&gt;
  &lt;inputRecord&gt;
    &lt;element type="java.lang.String" nativeType="java.lang.String" parameter="Parameter 0" argument="tw.local.wsdlURL" description="Parameter 1" /&gt;
    &lt;element type="java.lang.String" nativeType="java.lang.String" parameter="Parameter 1" argument="tw.local.serviceNS" description="Parameter 2" /&gt;
    &lt;element type="java.lang.String" nativeType="java.lang.String" parameter="Parameter 2" argument="tw.local.serviceName" description="Parameter 3" /&gt;
    &lt;element type="java.lang.String" nativeType="java.lang.String" parameter="Parameter 3" argument="tw.local.destinationAddress" description="Parameter 4" /&gt;
    &lt;element type="java.lang.String" nativeType="java.lang.String" parameter="Parameter 4" argument="tw.local.request.toString(true)" description="Parameter 5" /&gt;
    &lt;element type="java.lang.String" nativeType="java.lang.String" parameter="Parameter 5" argument="tw.local.soapAction" description="Parameter 6" /&gt;
  &lt;/inputRecord&gt;
  &lt;outputRecord&gt;
    &lt;element type="java.lang.String" nativeType="java.lang.String" parameter="Return Value" argument="tw.local.response" description="" /&gt;
  &lt;/outputRecord&gt;
&lt;/connector&gt;</definition>
                <guid>guid:12be50909032b80c:18f81ea7:11f41c537ad:-63a6</guid>
                <versionId>56dcfc4f-e8c9-4fb1-b003-36a9d37e65a6</versionId>
            </TWComponent>
        </item>
        <startingProcessItemId>2025.089514ce-409b-4af5-ac05-110715800f1b</startingProcessItemId>
        <errorHandlerItemId isNull="true" />
        <layoutData noConversion="true">
            <errorLink>
                <controlPoints />
                <showEndState>false</showEndState>
                <showName>false</showName>
            </errorLink>
        </layoutData>
        <startPoint>
            <layoutData x="20" y="100">
                <errorLink>
                    <controlPoints />
                    <showEndState>false</showEndState>
                    <showName>false</showName>
                </errorLink>
            </layoutData>
        </startPoint>
        <startLink>
            <fromPort locationId="rightCenter" portType="1" />
            <toPort locationId="leftCenter" portType="2" />
            <layoutData>
                <controlPoints />
                <showEndState>false</showEndState>
                <showName>false</showName>
            </layoutData>
        </startLink>
        <link name="Untitled">
            <lastModified isNull="true" />
            <lastModifiedBy isNull="true" />
            <processLinkId>2027.d03aa3b8-af62-42db-810e-7dee15f43130</processLinkId>
            <processId>1.b5c87f00-d353-418a-8c93-4c9405ff035e</processId>
            <description isNull="true" />
            <fromProcessItemId>2025.56330d1f-9e39-41c0-bc70-2c19a0bab943</fromProcessItemId>
            <endStateId>Out</endStateId>
            <toProcessItemId>2025.d92ecb20-8233-42b6-9c7b-3d6da949e439</toProcessItemId>
            <guid>guid:12be50909032b80c:18f81ea7:11f41c537ad:-6391</guid>
            <versionId>5a7c907a-4133-471f-9572-3d7d38e7bed6</versionId>
            <layoutData>
                <controlPoints />
                <showEndState>false</showEndState>
                <showName>false</showName>
            </layoutData>
            <fromItemPort locationId="rightCenter" portType="1" />
            <toItemPort locationId="leftCenter" portType="2" />
            <fromProcessItemId>2025.56330d1f-9e39-41c0-bc70-2c19a0bab943</fromProcessItemId>
            <toProcessItemId>2025.d92ecb20-8233-42b6-9c7b-3d6da949e439</toProcessItemId>
        </link>
        <link name="Yes">
            <lastModified isNull="true" />
            <lastModifiedBy isNull="true" />
            <processLinkId>2027.61643d01-5ef5-41ef-b615-2df72b013839</processLinkId>
            <processId>1.b5c87f00-d353-418a-8c93-4c9405ff035e</processId>
            <description isNull="true" />
            <fromProcessItemId>2025.089514ce-409b-4af5-ac05-110715800f1b</fromProcessItemId>
            <endStateId>guid:12be50909032b80c:18f81ea7:11f41c537ad:-6394</endStateId>
            <toProcessItemId>2025.56330d1f-9e39-41c0-bc70-2c19a0bab943</toProcessItemId>
            <guid>guid:12be50909032b80c:18f81ea7:11f41c537ad:-6393</guid>
            <versionId>a4cbf46f-7d0d-45d9-9ad9-719bc04ef4aa</versionId>
            <layoutData>
                <controlPoints />
                <showEndState>false</showEndState>
                <showName>true</showName>
            </layoutData>
            <fromItemPort locationId="rightCenter" portType="1" />
            <toItemPort locationId="leftCenter" portType="2" />
            <fromProcessItemId>2025.089514ce-409b-4af5-ac05-110715800f1b</fromProcessItemId>
            <toProcessItemId>2025.56330d1f-9e39-41c0-bc70-2c19a0bab943</toProcessItemId>
        </link>
        <link name="Untitled">
            <lastModified isNull="true" />
            <lastModifiedBy isNull="true" />
            <processLinkId>2027.3982d1e9-e4d8-4a9b-b108-0c96b53adf82</processLinkId>
            <processId>1.b5c87f00-d353-418a-8c93-4c9405ff035e</processId>
            <description isNull="true" />
            <fromProcessItemId>2025.045cd7ee-b666-4478-9391-1961c6258f04</fromProcessItemId>
            <endStateId>Out</endStateId>
            <toProcessItemId>2025.d92ecb20-8233-42b6-9c7b-3d6da949e439</toProcessItemId>
            <guid>guid:12be50909032b80c:18f81ea7:11f41c537ad:-6392</guid>
            <versionId>a524b63d-1566-402a-ad17-f5a505d16d25</versionId>
            <layoutData>
                <controlPoints />
                <showEndState>false</showEndState>
                <showName>false</showName>
            </layoutData>
            <fromItemPort locationId="rightCenter" portType="1" />
            <toItemPort locationId="leftCenter" portType="2" />
            <fromProcessItemId>2025.045cd7ee-b666-4478-9391-1961c6258f04</fromProcessItemId>
            <toProcessItemId>2025.d92ecb20-8233-42b6-9c7b-3d6da949e439</toProcessItemId>
        </link>
        <link name="No">
            <lastModified isNull="true" />
            <lastModifiedBy isNull="true" />
            <processLinkId>2027.63fd26e1-cc8c-432f-b42b-e366b5cb17b8</processLinkId>
            <processId>1.b5c87f00-d353-418a-8c93-4c9405ff035e</processId>
            <description isNull="true" />
            <fromProcessItemId>2025.089514ce-409b-4af5-ac05-110715800f1b</fromProcessItemId>
            <endStateId>DEFAULT</endStateId>
            <toProcessItemId>2025.045cd7ee-b666-4478-9391-1961c6258f04</toProcessItemId>
            <guid>guid:12be50909032b80c:18f81ea7:11f41c537ad:-6396</guid>
            <versionId>ecaee57a-cd56-4042-87ab-83c57076fedd</versionId>
            <layoutData>
                <controlPoints />
                <showEndState>false</showEndState>
                <showName>true</showName>
            </layoutData>
            <fromItemPort locationId="rightCenter" portType="1" />
            <toItemPort locationId="leftCenter" portType="2" />
            <fromProcessItemId>2025.089514ce-409b-4af5-ac05-110715800f1b</fromProcessItemId>
            <toProcessItemId>2025.045cd7ee-b666-4478-9391-1961c6258f04</toProcessItemId>
        </link>
    </process>
</teamworks>

