<?xml version="1.0" encoding="UTF-8"?>
<teamworks>
    <process id="1.be6cfe21-8b93-4d24-92f8-8aaf761090a3" name="Transform XML file to Document using XSL file">
        <lastModified>1361412273512</lastModified>
        <lastModifiedBy>Internal TW Admin user</lastModifiedBy>
        <processId>1.be6cfe21-8b93-4d24-92f8-8aaf761090a3</processId>
        <image isNull="true" />
        <tabGroup isNull="true" />
        <startingProcessItemId>2025.e1d4eabd-c351-4d33-a705-fb9a92199a8d</startingProcessItemId>
        <isRootProcess>false</isRootProcess>
        <processType>4</processType>
        <isErrorHandlerEnabled>false</isErrorHandlerEnabled>
        <errorHandlerItemId isNull="true" />
        <isLoggingVariables>false</isLoggingVariables>
        <isTransactional>false</isTransactional>
        <processTimingLevel isNull="true" />
        <participantRef isNull="true" />
        <exposedType isNull="true" />
        <isTrackingEnabled>true</isTrackingEnabled>
        <xmlData isNull="true" />
        <cachingType>false</cachingType>
        <itemLabel isNull="true" />
        <cacheLength>43200</cacheLength>
        <mobileReady>false</mobileReady>
        <sboSyncEnabled>true</sboSyncEnabled>
        <externalId isNull="true" />
        <isSecured>false</isSecured>
        <description>Transforms an XML file using the specified XSL file and returns the result as an XML DOM Document. This connector also accepts parameters.</description>
        <guid>guid:ac70c5102155843b:-c98e6e4:123fff4ea56:-5833</guid>
        <versionId>4545d513-a7c3-4dad-b225-8708593c8da1</versionId>
        <dependencySummary isNull="true" />
        <processParameter name="xmlFile">
            <lastModified isNull="true" />
            <lastModifiedBy isNull="true" />
            <processParameterId>2055.26bdead2-0043-4f71-8dae-6e8b788b2502</processParameterId>
            <processId>1.be6cfe21-8b93-4d24-92f8-8aaf761090a3</processId>
            <parameterType>1</parameterType>
            <isArrayOf>false</isArrayOf>
            <classId>/12.db884a3c-c533-44b7-bb2d-47bec8ad4022</classId>
            <seq>1</seq>
            <hasDefault>false</hasDefault>
            <defaultValue isNull="true" />
            <isLocked>false</isLocked>
            <description>XML file to transform</description>
            <guid>guid:ac70c5102155843b:-c98e6e4:123fff4ea56:-5831</guid>
            <versionId>6fb555b8-205d-49fe-9581-2fd15d5c9b7f</versionId>
        </processParameter>
        <processParameter name="xslFile">
            <lastModified isNull="true" />
            <lastModifiedBy isNull="true" />
            <processParameterId>2055.757e43fc-0f6a-44aa-be2e-8df50854ddf2</processParameterId>
            <processId>1.be6cfe21-8b93-4d24-92f8-8aaf761090a3</processId>
            <parameterType>1</parameterType>
            <isArrayOf>false</isArrayOf>
            <classId>/12.db884a3c-c533-44b7-bb2d-47bec8ad4022</classId>
            <seq>2</seq>
            <hasDefault>false</hasDefault>
            <defaultValue isNull="true" />
            <isLocked>false</isLocked>
            <description>Path to XSL file used to transform XML</description>
            <guid>guid:ac70c5102155843b:-c98e6e4:123fff4ea56:-582f</guid>
            <versionId>eca7ed46-26f1-4550-aa6f-1e97915661c5</versionId>
        </processParameter>
        <processParameter name="params">
            <lastModified isNull="true" />
            <lastModifiedBy isNull="true" />
            <processParameterId>2055.d4b6f136-f3bb-4901-ba17-79d925f6f2b9</processParameterId>
            <processId>1.be6cfe21-8b93-4d24-92f8-8aaf761090a3</processId>
            <parameterType>1</parameterType>
            <isArrayOf>false</isArrayOf>
            <classId>/12.90c5b1d3-3fa1-4b3b-ab27-220b0652dc55</classId>
            <seq>3</seq>
            <hasDefault>false</hasDefault>
            <defaultValue isNull="true" />
            <isLocked>false</isLocked>
            <description>Parameters to be used during transformation.</description>
            <guid>guid:ac70c5102155843b:-c98e6e4:123fff4ea56:-582d</guid>
            <versionId>2e2f6e48-6f98-495e-9da2-7bca414fb135</versionId>
        </processParameter>
        <processParameter name="results">
            <lastModified isNull="true" />
            <lastModifiedBy isNull="true" />
            <processParameterId>2055.1e076c85-7b94-407a-a8f7-45bf19f61fbd</processParameterId>
            <processId>1.be6cfe21-8b93-4d24-92f8-8aaf761090a3</processId>
            <parameterType>2</parameterType>
            <isArrayOf>false</isArrayOf>
            <classId>/12.4715ae70-6fe9-4d51-a010-20ddb068bcdb</classId>
            <seq>4</seq>
            <hasDefault>false</hasDefault>
            <defaultValue isNull="true" />
            <isLocked>false</isLocked>
            <description isNull="true" />
            <guid>guid:ac70c5102155843b:-c98e6e4:123fff4ea56:-582b</guid>
            <versionId>5a8dc7a4-85c6-42bf-bb3b-eb1d6933c6bc</versionId>
        </processParameter>
        <item>
            <lastModified isNull="true" />
            <lastModifiedBy isNull="true" />
            <processItemId>2025.a9b19d3a-ca53-4473-ac52-7846d3764709</processItemId>
            <processId>1.be6cfe21-8b93-4d24-92f8-8aaf761090a3</processId>
            <name>End</name>
            <tWComponentName>ExitPoint</tWComponentName>
            <tWComponentId>3008.717be5c5-ed99-4a78-8dd6-94290cc2da28</tWComponentId>
            <isLogEnabled>false</isLogEnabled>
            <isTraceEnabled>false</isTraceEnabled>
            <traceCategory isNull="true" />
            <traceLevel isNull="true" />
            <traceMessage isNull="true" />
            <traceSymbolTable isNull="true" />
            <isExecutionContextTraced>false</isExecutionContextTraced>
            <saveExecutionContext>true</saveExecutionContext>
            <documentation isNull="true" />
            <isErrorHandlerEnabled>false</isErrorHandlerEnabled>
            <errorHandlerItemId isNull="true" />
            <guid>guid:ac70c5102155843b:-c98e6e4:123fff4ea56:-581f</guid>
            <versionId>d97ed341-720b-4263-a1f2-8cfa272ae811</versionId>
            <layoutData x="289" y="100">
                <errorLink>
                    <controlPoints />
                    <showEndState>false</showEndState>
                    <showName>false</showName>
                </errorLink>
            </layoutData>
            <TWComponent>
                <lastModified isNull="true" />
                <lastModifiedBy isNull="true" />
                <exitPointId>3008.717be5c5-ed99-4a78-8dd6-94290cc2da28</exitPointId>
                <haltProcess>false</haltProcess>
                <guid>guid:ac70c5102155843b:-c98e6e4:123fff4ea56:-5822</guid>
                <versionId>290fe9f8-5371-49b4-845c-0a9eb75e3874</versionId>
            </TWComponent>
        </item>
        <item>
            <lastModified isNull="true" />
            <lastModifiedBy isNull="true" />
            <processItemId>2025.e1d4eabd-c351-4d33-a705-fb9a92199a8d</processItemId>
            <processId>1.be6cfe21-8b93-4d24-92f8-8aaf761090a3</processId>
            <name>Transform XML</name>
            <tWComponentName>JavaConnector</tWComponentName>
            <tWComponentId>3022.9391a807-afbe-406a-be98-9c825f46284e</tWComponentId>
            <isLogEnabled>false</isLogEnabled>
            <isTraceEnabled>false</isTraceEnabled>
            <traceCategory isNull="true" />
            <traceLevel isNull="true" />
            <traceMessage isNull="true" />
            <traceSymbolTable isNull="true" />
            <isExecutionContextTraced>false</isExecutionContextTraced>
            <saveExecutionContext>false</saveExecutionContext>
            <documentation isNull="true" />
            <isErrorHandlerEnabled>false</isErrorHandlerEnabled>
            <errorHandlerItemId isNull="true" />
            <guid>guid:ac70c5102155843b:-c98e6e4:123fff4ea56:-5820</guid>
            <versionId>ddae1db0-f348-40b9-ba30-4f90cd20664e</versionId>
            <layoutData x="140" y="85">
                <errorLink>
                    <controlPoints />
                    <showEndState>false</showEndState>
                    <showName>false</showName>
                </errorLink>
            </layoutData>
            <TWComponent>
                <lastModified isNull="true" />
                <lastModifiedBy isNull="true" />
                <javaConnectorId>3022.9391a807-afbe-406a-be98-9c825f46284e</javaConnectorId>
                <definition>&lt;connector&gt;
  &lt;javaClassName&gt;teamworks.XSLConnector&lt;/javaClassName&gt;
  &lt;isCompatible&gt;false&lt;/isCompatible&gt;
  &lt;methodName&gt;transformToXML&lt;/methodName&gt;
  &lt;inputRecord&gt;
    &lt;element type="java.lang.String" nativeType="java.lang.String" parameter="Parameter 0" argument="tw.local.xmlFile" description="XML File Path" /&gt;
    &lt;element type="java.lang.String" nativeType="java.lang.String" parameter="Parameter 1" argument="tw.local.xslFile" description="XSL File Path" /&gt;
    &lt;element type="java.util.HashMap" nativeType="java.util.HashMap" parameter="Parameter 2" argument="tw.local.params" description="Parameters" /&gt;
  &lt;/inputRecord&gt;
  &lt;outputRecord&gt;
    &lt;element type="org.jdom.Document" nativeType="org.jdom.Document" parameter="Return Value" argument="tw.local.results" description="" /&gt;
  &lt;/outputRecord&gt;
&lt;/connector&gt;</definition>
                <guid>guid:ac70c5102155843b:-c98e6e4:123fff4ea56:-5827</guid>
                <versionId>5008d10d-7272-41cf-a516-8a08ded6a5e2</versionId>
            </TWComponent>
        </item>
        <startingProcessItemId>2025.e1d4eabd-c351-4d33-a705-fb9a92199a8d</startingProcessItemId>
        <errorHandlerItemId isNull="true" />
        <layoutData noConversion="true">
            <errorLink>
                <controlPoints />
                <showEndState>false</showEndState>
                <showName>false</showName>
            </errorLink>
        </layoutData>
        <startPoint>
            <layoutData x="20" y="100">
                <errorLink>
                    <controlPoints />
                    <showEndState>false</showEndState>
                    <showName>false</showName>
                </errorLink>
            </layoutData>
        </startPoint>
        <startLink>
            <fromPort locationId="rightCenter" portType="1" />
            <toPort locationId="leftCenter" portType="2" />
            <layoutData>
                <controlPoints />
                <showEndState>false</showEndState>
                <showName>false</showName>
            </layoutData>
        </startLink>
        <link name="Untitled">
            <lastModified isNull="true" />
            <lastModifiedBy isNull="true" />
            <processLinkId>2027.2d1d7c0c-8aa3-4044-9190-a4a9e886547d</processLinkId>
            <processId>1.be6cfe21-8b93-4d24-92f8-8aaf761090a3</processId>
            <description isNull="true" />
            <fromProcessItemId>2025.e1d4eabd-c351-4d33-a705-fb9a92199a8d</fromProcessItemId>
            <endStateId>Out</endStateId>
            <toProcessItemId>2025.a9b19d3a-ca53-4473-ac52-7846d3764709</toProcessItemId>
            <guid>guid:ac70c5102155843b:-c98e6e4:123fff4ea56:-581d</guid>
            <versionId>4cbb44d3-4c04-4b6d-bb95-ca96b4a5f922</versionId>
            <layoutData>
                <controlPoints />
                <showEndState>false</showEndState>
                <showName>false</showName>
            </layoutData>
            <fromItemPort locationId="rightCenter" portType="1" />
            <toItemPort locationId="leftCenter" portType="2" />
            <fromProcessItemId>2025.e1d4eabd-c351-4d33-a705-fb9a92199a8d</fromProcessItemId>
            <toProcessItemId>2025.a9b19d3a-ca53-4473-ac52-7846d3764709</toProcessItemId>
        </link>
    </process>
</teamworks>

