<?xml version="1.0" encoding="UTF-8"?>
<teamworks>
    <process id="1.c4631faa-1372-42eb-a4a2-7f2e86f95f83" name="SQL Call Multiple Stored Procedures">
        <lastModified>1361372673512</lastModified>
        <lastModifiedBy>Internal TW Admin user</lastModifiedBy>
        <processId>1.c4631faa-1372-42eb-a4a2-7f2e86f95f83</processId>
        <image isNull="true" />
        <tabGroup isNull="true" />
        <startingProcessItemId>2025.10a38073-c101-451a-b6d9-a69e08261a61</startingProcessItemId>
        <isRootProcess>false</isRootProcess>
        <processType>4</processType>
        <isErrorHandlerEnabled>false</isErrorHandlerEnabled>
        <errorHandlerItemId isNull="true" />
        <isLoggingVariables>false</isLoggingVariables>
        <isTransactional>false</isTransactional>
        <processTimingLevel isNull="true" />
        <participantRef isNull="true" />
        <exposedType isNull="true" />
        <isTrackingEnabled>true</isTrackingEnabled>
        <xmlData isNull="true" />
        <cachingType>false</cachingType>
        <itemLabel isNull="true" />
        <cacheLength>43200</cacheLength>
        <mobileReady>false</mobileReady>
        <sboSyncEnabled>true</sboSyncEnabled>
        <externalId isNull="true" />
        <isSecured>false</isSecured>
        <description>Calls multiple SQL stored procedures or functions and returns the results based on the supplied return type.</description>
        <guid>guid:a93dd992dce2d4cc:-381cc70d:115a5e00b05:-7feb</guid>
        <versionId>c3680a87-4090-4713-95aa-faba3bf8e53b</versionId>
        <dependencySummary isNull="true" />
        <processParameter name="sqlStatements">
            <lastModified isNull="true" />
            <lastModifiedBy isNull="true" />
            <processParameterId>2055.ea642f5b-029c-4613-8b2c-c01a34c186a3</processParameterId>
            <processId>1.c4631faa-1372-42eb-a4a2-7f2e86f95f83</processId>
            <parameterType>1</parameterType>
            <isArrayOf>true</isArrayOf>
            <classId>/12.3990d8b4-983d-4250-bd06-3600f527fed0</classId>
            <seq>1</seq>
            <hasDefault>false</hasDefault>
            <defaultValue isNull="true" />
            <isLocked>false</isLocked>
            <description isNull="true" />
            <guid>guid:197d4ddc90fc5427:-1c619ffe:11def1582ed:-78f6</guid>
            <versionId>64be3259-9007-4d10-8839-3becf75e1ca7</versionId>
        </processParameter>
        <processParameter name="returnType">
            <lastModified isNull="true" />
            <lastModifiedBy isNull="true" />
            <processParameterId>2055.7f0e0551-4f4b-4b7e-8fc6-5153c90bf984</processParameterId>
            <processId>1.c4631faa-1372-42eb-a4a2-7f2e86f95f83</processId>
            <parameterType>1</parameterType>
            <isArrayOf>false</isArrayOf>
            <classId>/12.db884a3c-c533-44b7-bb2d-47bec8ad4022</classId>
            <seq>2</seq>
            <hasDefault>false</hasDefault>
            <defaultValue isNull="true" />
            <isLocked>false</isLocked>
            <description isNull="true" />
            <guid>guid:197d4ddc90fc5427:-1c619ffe:11def1582ed:-78f4</guid>
            <versionId>1f15c613-1a64-4189-a4ed-694ea46f9f2b</versionId>
        </processParameter>
        <processParameter name="dataSourceName">
            <lastModified isNull="true" />
            <lastModifiedBy isNull="true" />
            <processParameterId>2055.66d1f197-84cf-41aa-83ac-444cdebe7ef4</processParameterId>
            <processId>1.c4631faa-1372-42eb-a4a2-7f2e86f95f83</processId>
            <parameterType>1</parameterType>
            <isArrayOf>false</isArrayOf>
            <classId>/12.db884a3c-c533-44b7-bb2d-47bec8ad4022</classId>
            <seq>3</seq>
            <hasDefault>true</hasDefault>
            <defaultValue>"jdbc/TeamWorksDB"</defaultValue>
            <isLocked>false</isLocked>
            <description isNull="true" />
            <guid>guid:197d4ddc90fc5427:-1c619ffe:11def1582ed:-78f2</guid>
            <versionId>56eb178e-6b43-46bb-961a-95314841802d</versionId>
        </processParameter>
        <processParameter name="results">
            <lastModified isNull="true" />
            <lastModifiedBy isNull="true" />
            <processParameterId>2055.f8a84a7e-6d5f-49c1-9ff3-65560783a876</processParameterId>
            <processId>1.c4631faa-1372-42eb-a4a2-7f2e86f95f83</processId>
            <parameterType>2</parameterType>
            <isArrayOf>false</isArrayOf>
            <classId>/12.c09c9b6e-aabd-4897-bef2-ed61db106297</classId>
            <seq>4</seq>
            <hasDefault>false</hasDefault>
            <defaultValue isNull="true" />
            <isLocked>false</isLocked>
            <description isNull="true" />
            <guid>guid:197d4ddc90fc5427:-1c619ffe:11def1582ed:-78f0</guid>
            <versionId>ecd27827-1a2d-43c8-a44c-09e1261e3d07</versionId>
        </processParameter>
        <item>
            <lastModified isNull="true" />
            <lastModifiedBy isNull="true" />
            <processItemId>2025.10a38073-c101-451a-b6d9-a69e08261a61</processItemId>
            <processId>1.c4631faa-1372-42eb-a4a2-7f2e86f95f83</processId>
            <name>Call Multiple Stored Procs</name>
            <tWComponentName>JavaConnector</tWComponentName>
            <tWComponentId>3022.b508a9a9-a929-40eb-8a73-d810be541f85</tWComponentId>
            <isLogEnabled>false</isLogEnabled>
            <isTraceEnabled>false</isTraceEnabled>
            <traceCategory isNull="true" />
            <traceLevel isNull="true" />
            <traceMessage isNull="true" />
            <traceSymbolTable isNull="true" />
            <isExecutionContextTraced>false</isExecutionContextTraced>
            <saveExecutionContext>false</saveExecutionContext>
            <documentation isNull="true" />
            <isErrorHandlerEnabled>false</isErrorHandlerEnabled>
            <errorHandlerItemId isNull="true" />
            <guid>guid:12be50909032b80c:-237c9734:11f3e0778ac:-700f</guid>
            <versionId>3e4a98f1-75e4-44f4-afde-a086ad083fde</versionId>
            <layoutData x="150" y="85">
                <errorLink>
                    <controlPoints />
                    <showEndState>false</showEndState>
                    <showName>false</showName>
                </errorLink>
            </layoutData>
            <TWComponent>
                <lastModified isNull="true" />
                <lastModifiedBy isNull="true" />
                <javaConnectorId>3022.b508a9a9-a929-40eb-8a73-d810be541f85</javaConnectorId>
                <definition>&lt;connector&gt;
  &lt;javaClassName&gt;teamworks.SQLConnector&lt;/javaClassName&gt;
  &lt;methodName&gt;callMultiple&lt;/methodName&gt;
  &lt;inputRecord&gt;
    &lt;element type="teamworks.TWList" nativeType="teamworks.TWList" parameter="Parameter 0" argument="tw.local.sqlStatements" description="SQL Statements (list of SQLStatement)" /&gt;
    &lt;element type="java.lang.String" nativeType="java.lang.String" parameter="Parameter 1" argument="tw.local.dataSourceName" description="JNDI DataSource Name" /&gt;
    &lt;element type="java.lang.String" nativeType="java.lang.String" parameter="Parameter 2" argument="tw.local.returnType" description="Return Type (SQLResult, XMLElement, Record, or complex type name)" /&gt;
  &lt;/inputRecord&gt;
  &lt;outputRecord&gt;
    &lt;element type="java.lang.Object" nativeType="java.lang.Object" parameter="Return Value" argument="tw.local.results" description="" /&gt;
  &lt;/outputRecord&gt;
&lt;/connector&gt;</definition>
                <guid>guid:12be50909032b80c:-237c9734:11f3e0778ac:-7010</guid>
                <versionId>e78a8934-b7de-4fef-9707-364d0d5aa02f</versionId>
            </TWComponent>
        </item>
        <item>
            <lastModified isNull="true" />
            <lastModifiedBy isNull="true" />
            <processItemId>2025.bf97910f-e9eb-4759-a391-07f1dc6b4ff2</processItemId>
            <processId>1.c4631faa-1372-42eb-a4a2-7f2e86f95f83</processId>
            <name>End</name>
            <tWComponentName>ExitPoint</tWComponentName>
            <tWComponentId>3008.097eecf3-f146-4822-9412-fa5ae8556a07</tWComponentId>
            <isLogEnabled>false</isLogEnabled>
            <isTraceEnabled>false</isTraceEnabled>
            <traceCategory isNull="true" />
            <traceLevel isNull="true" />
            <traceMessage isNull="true" />
            <traceSymbolTable isNull="true" />
            <isExecutionContextTraced>false</isExecutionContextTraced>
            <saveExecutionContext>true</saveExecutionContext>
            <documentation isNull="true" />
            <isErrorHandlerEnabled>false</isErrorHandlerEnabled>
            <errorHandlerItemId isNull="true" />
            <guid>guid:a93dd992dce2d4cc:-381cc70d:115a5e00b05:-7fe8</guid>
            <versionId>77c4f11b-016d-400c-a81d-6ad4c111d2bc</versionId>
            <layoutData x="313" y="100">
                <errorLink>
                    <controlPoints />
                    <showEndState>false</showEndState>
                    <showName>false</showName>
                </errorLink>
            </layoutData>
            <TWComponent>
                <lastModified isNull="true" />
                <lastModifiedBy isNull="true" />
                <exitPointId>3008.097eecf3-f146-4822-9412-fa5ae8556a07</exitPointId>
                <haltProcess>false</haltProcess>
                <guid>guid:197d4ddc90fc5427:-1c619ffe:11def1582ed:-78ec</guid>
                <versionId>8ff685dc-66d3-4fd7-b7e3-c553d0bd04ca</versionId>
            </TWComponent>
        </item>
        <startingProcessItemId>2025.10a38073-c101-451a-b6d9-a69e08261a61</startingProcessItemId>
        <errorHandlerItemId isNull="true" />
        <layoutData noConversion="true">
            <errorLink>
                <controlPoints />
                <showEndState>false</showEndState>
                <showName>false</showName>
            </errorLink>
        </layoutData>
        <startPoint>
            <layoutData x="20" y="100">
                <errorLink>
                    <controlPoints />
                    <showEndState>false</showEndState>
                    <showName>false</showName>
                </errorLink>
            </layoutData>
        </startPoint>
        <startLink>
            <fromPort locationId="rightCenter" portType="1" />
            <toPort locationId="leftCenter" portType="2" />
            <layoutData>
                <controlPoints />
                <showEndState>false</showEndState>
                <showName>false</showName>
            </layoutData>
        </startLink>
        <link name="Untitled">
            <lastModified isNull="true" />
            <lastModifiedBy isNull="true" />
            <processLinkId>2027.592ef069-5c7b-41ba-a515-0f691224cb3b</processLinkId>
            <processId>1.c4631faa-1372-42eb-a4a2-7f2e86f95f83</processId>
            <description isNull="true" />
            <fromProcessItemId>2025.10a38073-c101-451a-b6d9-a69e08261a61</fromProcessItemId>
            <endStateId>Out</endStateId>
            <toProcessItemId>2025.bf97910f-e9eb-4759-a391-07f1dc6b4ff2</toProcessItemId>
            <guid>guid:12be50909032b80c:-237c9734:11f3e0778ac:-6fe1</guid>
            <versionId>1fce212d-f366-4b46-9bd0-4ee16d4ddfa8</versionId>
            <layoutData>
                <controlPoints />
                <showEndState>false</showEndState>
                <showName>false</showName>
            </layoutData>
            <fromItemPort locationId="rightCenter" portType="1" />
            <toItemPort locationId="leftCenter" portType="2" />
            <fromProcessItemId>2025.10a38073-c101-451a-b6d9-a69e08261a61</fromProcessItemId>
            <toProcessItemId>2025.bf97910f-e9eb-4759-a391-07f1dc6b4ff2</toProcessItemId>
        </link>
    </process>
</teamworks>

