<?xml version="1.0" encoding="UTF-8"?>
<teamworks>
    <process id="1.d8258e39-21b1-4c46-86ae-a778191d3870" name="Fire Default BPD Event">
        <lastModified>1361372673512</lastModified>
        <lastModifiedBy>Internal TW Admin user</lastModifiedBy>
        <processId>1.d8258e39-21b1-4c46-86ae-a778191d3870</processId>
        <image isNull="true" />
        <tabGroup isNull="true" />
        <startingProcessItemId>2025.1c253046-7a72-49c3-bc80-9a75b75d85b1</startingProcessItemId>
        <isRootProcess>false</isRootProcess>
        <processType>3</processType>
        <isErrorHandlerEnabled>false</isErrorHandlerEnabled>
        <errorHandlerItemId isNull="true" />
        <isLoggingVariables>false</isLoggingVariables>
        <isTransactional>false</isTransactional>
        <processTimingLevel isNull="true" />
        <participantRef isNull="true" />
        <exposedType isNull="true" />
        <isTrackingEnabled>true</isTrackingEnabled>
        <xmlData isNull="true" />
        <cachingType>false</cachingType>
        <itemLabel isNull="true" />
        <cacheLength>43200</cacheLength>
        <mobileReady>false</mobileReady>
        <sboSyncEnabled>true</sboSyncEnabled>
        <externalId isNull="true" />
        <isSecured>false</isSecured>
        <description isNull="true" />
        <guid>guid:1834ad1ced21c429:201b912:1064bd1f711:-7fff</guid>
        <versionId>af1a7782-4e40-4be2-bbc7-d6998c0dd51c</versionId>
        <dependencySummary isNull="true" />
        <processVariable name="correlationKey">
            <lastModified isNull="true" />
            <lastModifiedBy isNull="true" />
            <processVariableId>2056.339417bd-eb8c-4166-b356-fe32c180b516</processVariableId>
            <description isNull="true" />
            <processId>1.d8258e39-21b1-4c46-86ae-a778191d3870</processId>
            <namespace>2</namespace>
            <seq>1</seq>
            <isArrayOf>false</isArrayOf>
            <classId>/12.db884a3c-c533-44b7-bb2d-47bec8ad4022</classId>
            <hasDefault>true</hasDefault>
            <defaultValue>""</defaultValue>
            <guid>guid:197d4ddc90fc5427:-1c619ffe:11def1582ed:-7b42</guid>
            <versionId>13a20bbd-0062-4136-9b85-825a50860d79</versionId>
        </processVariable>
        <processVariable name="value">
            <lastModified isNull="true" />
            <lastModifiedBy isNull="true" />
            <processVariableId>2056.e06ba433-0e1e-40da-8f95-fa766de88942</processVariableId>
            <description isNull="true" />
            <processId>1.d8258e39-21b1-4c46-86ae-a778191d3870</processId>
            <namespace>2</namespace>
            <seq>2</seq>
            <isArrayOf>false</isArrayOf>
            <classId>/12.db884a3c-c533-44b7-bb2d-47bec8ad4022</classId>
            <hasDefault>true</hasDefault>
            <defaultValue>""</defaultValue>
            <guid>guid:197d4ddc90fc5427:-1c619ffe:11def1582ed:-7b40</guid>
            <versionId>b17ce0f3-5d10-47fa-b2f1-808425992839</versionId>
        </processVariable>
        <item>
            <lastModified isNull="true" />
            <lastModifiedBy isNull="true" />
            <processItemId>2025.7d47ec33-a796-4717-aaff-36c0ad364017</processItemId>
            <processId>1.d8258e39-21b1-4c46-86ae-a778191d3870</processId>
            <name>End</name>
            <tWComponentName>ExitPoint</tWComponentName>
            <tWComponentId>3008.7a95ae94-fa41-4a08-9622-dd1d81d850be</tWComponentId>
            <isLogEnabled>false</isLogEnabled>
            <isTraceEnabled>false</isTraceEnabled>
            <traceCategory isNull="true" />
            <traceLevel isNull="true" />
            <traceMessage isNull="true" />
            <traceSymbolTable isNull="true" />
            <isExecutionContextTraced>false</isExecutionContextTraced>
            <saveExecutionContext>true</saveExecutionContext>
            <documentation isNull="true" />
            <isErrorHandlerEnabled>false</isErrorHandlerEnabled>
            <errorHandlerItemId isNull="true" />
            <guid>guid:1834ad1ced21c429:201b912:1064bd1f711:-7ffe</guid>
            <versionId>3b02749d-0b6d-4e12-a36d-a8169d0fe540</versionId>
            <layoutData x="505" y="101">
                <errorLink>
                    <controlPoints />
                    <showEndState>false</showEndState>
                    <showName>false</showName>
                </errorLink>
            </layoutData>
            <TWComponent>
                <lastModified isNull="true" />
                <lastModifiedBy isNull="true" />
                <exitPointId>3008.7a95ae94-fa41-4a08-9622-dd1d81d850be</exitPointId>
                <haltProcess>false</haltProcess>
                <guid>guid:197d4ddc90fc5427:-1c619ffe:11def1582ed:-7b44</guid>
                <versionId>de409807-854b-4f16-bad5-3baef716af51</versionId>
            </TWComponent>
        </item>
        <item>
            <lastModified isNull="true" />
            <lastModifiedBy isNull="true" />
            <processItemId>2025.1c253046-7a72-49c3-bc80-9a75b75d85b1</processItemId>
            <processId>1.d8258e39-21b1-4c46-86ae-a778191d3870</processId>
            <name>Enter Event Details</name>
            <tWComponentName>Coach</tWComponentName>
            <tWComponentId>3003.6ed5901e-9686-4c7c-bc17-6d336f7f597d</tWComponentId>
            <isLogEnabled>false</isLogEnabled>
            <isTraceEnabled>false</isTraceEnabled>
            <traceCategory isNull="true" />
            <traceLevel isNull="true" />
            <traceMessage isNull="true" />
            <traceSymbolTable isNull="true" />
            <isExecutionContextTraced>false</isExecutionContextTraced>
            <saveExecutionContext>true</saveExecutionContext>
            <documentation isNull="true" />
            <isErrorHandlerEnabled>false</isErrorHandlerEnabled>
            <errorHandlerItemId isNull="true" />
            <guid>guid:1834ad1ced21c429:201b912:1064bd1f711:-7ffb</guid>
            <versionId>6e1cea4d-a74a-4845-ba3d-14cbb69baeee</versionId>
            <layoutData x="125" y="85">
                <errorLink>
                    <controlPoints />
                    <showEndState>false</showEndState>
                    <showName>false</showName>
                </errorLink>
            </layoutData>
            <TWComponent>
                <lastModified isNull="true" />
                <lastModifiedBy isNull="true" />
                <coachId>3003.6ed5901e-9686-4c7c-bc17-6d336f7f597d</coachId>
                <title>Untitled1</title>
                <layoutRef>/20.fa3fc599-a72a-4a82-8f14-6bba1565444a</layoutRef>
                <layoutData isNull="true" />
                <xslRef isNull="true" />
                <guid>guid:197d4ddc90fc5427:-1c619ffe:11def1582ed:-7b2c</guid>
                <versionId>67e2cd9b-2c09-4894-9dda-836982ea974b</versionId>
                <CoachResources>
                    <lastModified isNull="true" />
                    <lastModifiedBy isNull="true" />
                    <coachResourceId>3004.8292777e-0769-4d7d-81f8-1683a0a27ffe</coachResourceId>
                    <coachId>3003.6ed5901e-9686-4c7c-bc17-6d336f7f597d</coachId>
                    <virtualName>CoachDesignerXML</virtualName>
                    <type>text/HTML</type>
                    <resourceData>&lt;tw:Form xmlns:tw="http://lombardisoftware.com/schema/coachdesigner" xmlns:xsi="http://www.w3.org/2001/XMLSchema-instance" xsi:schemaLocation="http://lombardisoftware.com/schema/forms Form.xsd"&gt;
  &lt;tw:FormTitle&gt;TeamWorks Coach&lt;/tw:FormTitle&gt;
  &lt;tw:Layout tw:styleClass="" tw:id="section"&gt;
    &lt;tw:Section tw:columns="1"&gt;
      &lt;tw:SectionTitle tw:id="sectionTitle" tw:visible="true"&gt;Enter Event Details Below:&lt;/tw:SectionTitle&gt;
      &lt;tw:SectionHeading tw:id="sectionHeading" tw:visible="false"&gt;Section Heading&lt;/tw:SectionHeading&gt;
      &lt;tw:Row tw:rows="3"&gt;
        &lt;tw:Column&gt;
          &lt;tw:Control tw:id="InputText0" tw:colspan="1" tw:rowspan="1" tw:row="1" tw:col="1"&gt;
            &lt;tw:InputText tw:binding="tw.local.correlationKey"&gt;
              &lt;tw:Label tw:visible="true"&gt;Correlation Key:&lt;/tw:Label&gt;
            &lt;/tw:InputText&gt;
          &lt;/tw:Control&gt;
          &lt;tw:Control tw:id="InputText1" tw:colspan="1" tw:rowspan="1" tw:row="2" tw:col="1"&gt;
            &lt;tw:InputText tw:binding="tw.local.value"&gt;
              &lt;tw:Label tw:visible="true"&gt;Value:&lt;/tw:Label&gt;
            &lt;/tw:InputText&gt;
          &lt;/tw:Control&gt;
          &lt;tw:Control tw:id="ButtonGroup0" tw:colspan="1" tw:rowspan="1" tw:row="3" tw:col="1"&gt;
            &lt;tw:Documentation&gt;A ButtonGroup containing one Button.&lt;/tw:Documentation&gt;
            &lt;tw:PaletteIcon&gt;coachdesigner16/button_obj.gif&lt;/tw:PaletteIcon&gt;
            &lt;tw:ButtonGroup&gt;
              &lt;tw:Label tw:visible="false"&gt;A Button:&lt;/tw:Label&gt;
              &lt;tw:Button tw:id="Button0" tw:decisionPoint="true"&gt;
                &lt;tw:Label&gt;OK&lt;/tw:Label&gt;
              &lt;/tw:Button&gt;
              &lt;tw:Button tw:id="Button1" tw:decisionPoint="true" tw:isCancel="true"&gt;
                &lt;tw:Label&gt;Cancel&lt;/tw:Label&gt;
              &lt;/tw:Button&gt;
            &lt;/tw:ButtonGroup&gt;
          &lt;/tw:Control&gt;
        &lt;/tw:Column&gt;
      &lt;/tw:Row&gt;
    &lt;/tw:Section&gt;
  &lt;/tw:Layout&gt;
&lt;/tw:Form&gt;

</resourceData>
                    <guid>guid:197d4ddc90fc5427:-1c619ffe:11def1582ed:-7b28</guid>
                    <versionId>b81d981d-06f4-4bba-9619-2bd5194e2b32</versionId>
                </CoachResources>
                <CoachButtons>
                    <lastModified isNull="true" />
                    <lastModifiedBy isNull="true" />
                    <coachButtonId>3005.133fe17e-2af8-46b2-9512-1578d6e45350</coachButtonId>
                    <coachId>3003.6ed5901e-9686-4c7c-bc17-6d336f7f597d</coachId>
                    <seq>1</seq>
                    <endStateId>guid:1834ad1ced21c429:201b912:1064bd1f711:-7ffa</endStateId>
                    <isSpecial>false</isSpecial>
                    <isDisplayed>true</isDisplayed>
                    <buttonLabel>OK</buttonLabel>
                    <buttonHint>ButtonGroup0_Button0</buttonHint>
                    <buttonText isNull="true" />
                    <isCheckBoxVisible>false</isCheckBoxVisible>
                    <isUncheckAllowed>false</isUncheckAllowed>
                    <metaData>CoachDesignerButtonId:ButtonGroup0_Button0;CoachDesignerIsCancel:false</metaData>
                    <buttonExpression isNull="true" />
                    <guid>54920d31-cc7c-43fd-a871-3d95573170a1</guid>
                    <versionId>5f801e1d-5306-48a5-b858-b0aa8d4a500f</versionId>
                </CoachButtons>
                <CoachButtons>
                    <lastModified isNull="true" />
                    <lastModifiedBy isNull="true" />
                    <coachButtonId>3005.4c9ed138-475f-4e48-a464-95455dd82f84</coachButtonId>
                    <coachId>3003.6ed5901e-9686-4c7c-bc17-6d336f7f597d</coachId>
                    <seq>2</seq>
                    <endStateId>guid:1834ad1ced21c429:201b912:1064bd1f711:-7ff9</endStateId>
                    <isSpecial>false</isSpecial>
                    <isDisplayed>true</isDisplayed>
                    <buttonLabel>Cancel</buttonLabel>
                    <buttonHint>ButtonGroup0_Button1</buttonHint>
                    <buttonText isNull="true" />
                    <isCheckBoxVisible>false</isCheckBoxVisible>
                    <isUncheckAllowed>false</isUncheckAllowed>
                    <metaData>CoachDesignerButtonId:ButtonGroup0_Button1;CoachDesignerIsCancel:true</metaData>
                    <buttonExpression isNull="true" />
                    <guid>85f6d3fc-99ae-49d6-8172-36eeb681c2e1</guid>
                    <versionId>f38c3148-edf6-4c68-a3e1-a4e7b8c24891</versionId>
                </CoachButtons>
            </TWComponent>
        </item>
        <item>
            <lastModified isNull="true" />
            <lastModifiedBy isNull="true" />
            <processItemId>2025.46be0627-df6a-4a2e-8cfa-764dfd5cbb3a</processItemId>
            <processId>1.d8258e39-21b1-4c46-86ae-a778191d3870</processId>
            <name>Fire Default BPD Event</name>
            <tWComponentName>InvokeUca</tWComponentName>
            <tWComponentId>3009.32d66bf1-05a8-4fe6-a6ca-2bd0b8d7069c</tWComponentId>
            <isLogEnabled>false</isLogEnabled>
            <isTraceEnabled>false</isTraceEnabled>
            <traceCategory isNull="true" />
            <traceLevel isNull="true" />
            <traceMessage isNull="true" />
            <traceSymbolTable isNull="true" />
            <isExecutionContextTraced>false</isExecutionContextTraced>
            <saveExecutionContext>false</saveExecutionContext>
            <documentation isNull="true" />
            <isErrorHandlerEnabled>false</isErrorHandlerEnabled>
            <errorHandlerItemId isNull="true" />
            <guid>guid:1834ad1ced21c429:201b912:1064bd1f711:-7ffd</guid>
            <versionId>a7902e6c-acf8-4015-b015-1241e927a9ab</versionId>
            <layoutData x="350" y="31">
                <errorLink>
                    <controlPoints />
                    <showEndState>false</showEndState>
                    <showName>false</showName>
                </errorLink>
            </layoutData>
            <TWComponent>
                <lastModified isNull="true" />
                <lastModifiedBy isNull="true" />
                <invokeUcaId>3009.32d66bf1-05a8-4fe6-a6ca-2bd0b8d7069c</invokeUcaId>
                <isUcaActive>true</isUcaActive>
                <ucaRef>/4.3a0b461b-344b-499a-8e97-3cc5f3e26c11</ucaRef>
                <triggerTargetInSnapshotCtx>false</triggerTargetInSnapshotCtx>
                <guid>guid:197d4ddc90fc5427:-1c619ffe:11def1582ed:-7b3c</guid>
                <versionId>380d408a-c90d-4606-a5ad-0a5497d2b64a</versionId>
                <parameterMapping name="value">
                    <lastModified isNull="true" />
                    <lastModifiedBy isNull="true" />
                    <parameterMappingId>2054.e6d55f0f-cf6a-4717-b7de-b9f83f392206</parameterMappingId>
                    <processParameterId>2055.763de4cf-7f49-40c1-a0c0-018e32c0bcf8</processParameterId>
                    <parameterMappingParentId>3009.32d66bf1-05a8-4fe6-a6ca-2bd0b8d7069c</parameterMappingParentId>
                    <useDefault>false</useDefault>
                    <value isNull="true" />
                    <classRef>/12.db884a3c-c533-44b7-bb2d-47bec8ad4022</classRef>
                    <isList>false</isList>
                    <isInput>false</isInput>
                    <guid>guid:197d4ddc90fc5427:-1c619ffe:11def1582ed:-7b30</guid>
                    <versionId>1fb70b52-f46f-4458-b055-2b01d4447baf</versionId>
                    <description isNull="true" />
                </parameterMapping>
                <parameterMapping name="value">
                    <lastModified isNull="true" />
                    <lastModifiedBy isNull="true" />
                    <parameterMappingId>2054.b43e751b-5b0b-4f84-b8f5-a22ae4ab2851</parameterMappingId>
                    <processParameterId>2055.6848a6ba-8453-47d6-82dd-4834e11c3e2d</processParameterId>
                    <parameterMappingParentId>3009.32d66bf1-05a8-4fe6-a6ca-2bd0b8d7069c</parameterMappingParentId>
                    <useDefault>false</useDefault>
                    <value>tw.local.value</value>
                    <classRef>/12.db884a3c-c533-44b7-bb2d-47bec8ad4022</classRef>
                    <isList>false</isList>
                    <isInput>true</isInput>
                    <guid>guid:197d4ddc90fc5427:-1c619ffe:11def1582ed:-7b32</guid>
                    <versionId>271699e3-6ac6-46f3-bc94-ee8c708df970</versionId>
                    <description isNull="true" />
                </parameterMapping>
                <parameterMapping name="correlationKey">
                    <lastModified isNull="true" />
                    <lastModifiedBy isNull="true" />
                    <parameterMappingId>2054.7d95bb84-2368-4ccf-98fc-17cce854c57c</parameterMappingId>
                    <processParameterId>2055.9f5703a5-ed5d-4c70-a400-5360ffa4350b</processParameterId>
                    <parameterMappingParentId>3009.32d66bf1-05a8-4fe6-a6ca-2bd0b8d7069c</parameterMappingParentId>
                    <useDefault>false</useDefault>
                    <value isNull="true" />
                    <classRef>/12.db884a3c-c533-44b7-bb2d-47bec8ad4022</classRef>
                    <isList>false</isList>
                    <isInput>false</isInput>
                    <guid>guid:197d4ddc90fc5427:-1c619ffe:11def1582ed:-7b31</guid>
                    <versionId>7c9fc065-57f5-4c3b-babf-8757c6ec0cab</versionId>
                    <description isNull="true" />
                </parameterMapping>
                <parameterMapping name="correlationKey">
                    <lastModified isNull="true" />
                    <lastModifiedBy isNull="true" />
                    <parameterMappingId>2054.d85a6212-ce82-4dae-adf9-2ac331986c2b</parameterMappingId>
                    <processParameterId>2055.294d86d1-f505-4417-b95c-fdd617e3e749</processParameterId>
                    <parameterMappingParentId>3009.32d66bf1-05a8-4fe6-a6ca-2bd0b8d7069c</parameterMappingParentId>
                    <useDefault>false</useDefault>
                    <value>tw.local.correlationKey</value>
                    <classRef>/12.db884a3c-c533-44b7-bb2d-47bec8ad4022</classRef>
                    <isList>false</isList>
                    <isInput>true</isInput>
                    <guid>guid:197d4ddc90fc5427:-1c619ffe:11def1582ed:-7b33</guid>
                    <versionId>c02bb193-189f-4711-b7f8-7bac305641b2</versionId>
                    <description isNull="true" />
                </parameterMapping>
            </TWComponent>
        </item>
        <startingProcessItemId>2025.1c253046-7a72-49c3-bc80-9a75b75d85b1</startingProcessItemId>
        <errorHandlerItemId isNull="true" />
        <layoutData noConversion="true">
            <errorLink>
                <controlPoints />
                <showEndState>false</showEndState>
                <showName>false</showName>
            </errorLink>
        </layoutData>
        <startPoint>
            <layoutData x="20" y="100">
                <errorLink>
                    <controlPoints />
                    <showEndState>false</showEndState>
                    <showName>false</showName>
                </errorLink>
            </layoutData>
        </startPoint>
        <startLink>
            <fromPort locationId="rightCenter" portType="1" />
            <toPort locationId="leftCenter" portType="2" />
            <layoutData>
                <controlPoints />
                <showEndState>false</showEndState>
                <showName>false</showName>
            </layoutData>
        </startLink>
        <link name="Untitled">
            <lastModified isNull="true" />
            <lastModifiedBy isNull="true" />
            <processLinkId>2027.70953450-953e-440f-a64f-244d3095ba94</processLinkId>
            <processId>1.d8258e39-21b1-4c46-86ae-a778191d3870</processId>
            <description isNull="true" />
            <fromProcessItemId>2025.1c253046-7a72-49c3-bc80-9a75b75d85b1</fromProcessItemId>
            <endStateId>guid:1834ad1ced21c429:201b912:1064bd1f711:-7ffa</endStateId>
            <toProcessItemId>2025.46be0627-df6a-4a2e-8cfa-764dfd5cbb3a</toProcessItemId>
            <guid>guid:197d4ddc90fc5427:-1c619ffe:11def1582ed:-7b24</guid>
            <versionId>19b1d92b-fa50-496e-93bb-e192e98cdf1b</versionId>
            <layoutData>
                <controlPoints />
                <showEndState>true</showEndState>
                <showName>false</showName>
            </layoutData>
            <fromItemPort locationId="rightCenter" portType="1" />
            <toItemPort locationId="leftCenter" portType="2" />
            <fromProcessItemId>2025.1c253046-7a72-49c3-bc80-9a75b75d85b1</fromProcessItemId>
            <toProcessItemId>2025.46be0627-df6a-4a2e-8cfa-764dfd5cbb3a</toProcessItemId>
        </link>
        <link name="Untitled">
            <lastModified isNull="true" />
            <lastModifiedBy isNull="true" />
            <processLinkId>2027.1ed986a6-c7f7-42d1-85b3-d3464366f4c8</processLinkId>
            <processId>1.d8258e39-21b1-4c46-86ae-a778191d3870</processId>
            <description isNull="true" />
            <fromProcessItemId>2025.46be0627-df6a-4a2e-8cfa-764dfd5cbb3a</fromProcessItemId>
            <endStateId>Out</endStateId>
            <toProcessItemId>2025.7d47ec33-a796-4717-aaff-36c0ad364017</toProcessItemId>
            <guid>guid:197d4ddc90fc5427:-1c619ffe:11def1582ed:-7b20</guid>
            <versionId>355c8900-13c5-4233-a6fa-d8d8267981dd</versionId>
            <layoutData>
                <controlPoints />
                <showEndState>false</showEndState>
                <showName>false</showName>
            </layoutData>
            <fromItemPort locationId="rightCenter" portType="1" />
            <toItemPort locationId="topCenter" portType="2" />
            <fromProcessItemId>2025.46be0627-df6a-4a2e-8cfa-764dfd5cbb3a</fromProcessItemId>
            <toProcessItemId>2025.7d47ec33-a796-4717-aaff-36c0ad364017</toProcessItemId>
        </link>
        <link name="Untitled">
            <lastModified isNull="true" />
            <lastModifiedBy isNull="true" />
            <processLinkId>2027.e87327a7-8588-4170-a8ea-4b7981fa99ba</processLinkId>
            <processId>1.d8258e39-21b1-4c46-86ae-a778191d3870</processId>
            <description isNull="true" />
            <fromProcessItemId>2025.1c253046-7a72-49c3-bc80-9a75b75d85b1</fromProcessItemId>
            <endStateId>guid:1834ad1ced21c429:201b912:1064bd1f711:-7ff9</endStateId>
            <toProcessItemId>2025.7d47ec33-a796-4717-aaff-36c0ad364017</toProcessItemId>
            <guid>guid:197d4ddc90fc5427:-1c619ffe:11def1582ed:-7b22</guid>
            <versionId>4cf4c79e-5d1d-43b1-9019-996ee0b0e2bc</versionId>
            <layoutData>
                <controlPoints />
                <showEndState>true</showEndState>
                <showName>false</showName>
            </layoutData>
            <fromItemPort locationId="rightCenter" portType="1" />
            <toItemPort locationId="leftCenter" portType="2" />
            <fromProcessItemId>2025.1c253046-7a72-49c3-bc80-9a75b75d85b1</fromProcessItemId>
            <toProcessItemId>2025.7d47ec33-a796-4717-aaff-36c0ad364017</toProcessItemId>
        </link>
        <link name="Untitled">
            <lastModified isNull="true" />
            <lastModifiedBy isNull="true" />
            <processLinkId>2027.7eb49677-5720-4699-89f3-1dc71df294b7</processLinkId>
            <processId>1.d8258e39-21b1-4c46-86ae-a778191d3870</processId>
            <description isNull="true" />
            <fromProcessItemId>2025.46be0627-df6a-4a2e-8cfa-764dfd5cbb3a</fromProcessItemId>
            <endStateId>Out</endStateId>
            <toProcessItemId>2025.7d47ec33-a796-4717-aaff-36c0ad364017</toProcessItemId>
            <guid>guid:197d4ddc90fc5427:-1c619ffe:11def1582ed:-7b20</guid>
            <versionId>8534a13f-42d4-4fd5-8c74-3998665a9ab4</versionId>
            <layoutData>
                <controlPoints />
                <showEndState>false</showEndState>
                <showName>false</showName>
            </layoutData>
            <fromItemPort locationId="rightCenter" portType="1" />
            <toItemPort locationId="topCenter" portType="2" />
            <fromProcessItemId>2025.46be0627-df6a-4a2e-8cfa-764dfd5cbb3a</fromProcessItemId>
            <toProcessItemId>2025.7d47ec33-a796-4717-aaff-36c0ad364017</toProcessItemId>
        </link>
        <link name="Untitled">
            <lastModified isNull="true" />
            <lastModifiedBy isNull="true" />
            <processLinkId>2027.8786b83b-629b-4391-99a8-59dded1924b7</processLinkId>
            <processId>1.d8258e39-21b1-4c46-86ae-a778191d3870</processId>
            <description isNull="true" />
            <fromProcessItemId>2025.1c253046-7a72-49c3-bc80-9a75b75d85b1</fromProcessItemId>
            <endStateId>guid:1834ad1ced21c429:201b912:1064bd1f711:-7ff9</endStateId>
            <toProcessItemId>2025.7d47ec33-a796-4717-aaff-36c0ad364017</toProcessItemId>
            <guid>guid:197d4ddc90fc5427:-1c619ffe:11def1582ed:-7b22</guid>
            <versionId>b5f22fce-dec5-48da-8ee1-5e1f624eb4e2</versionId>
            <layoutData>
                <controlPoints />
                <showEndState>true</showEndState>
                <showName>false</showName>
            </layoutData>
            <fromItemPort locationId="rightCenter" portType="1" />
            <toItemPort locationId="leftCenter" portType="2" />
            <fromProcessItemId>2025.1c253046-7a72-49c3-bc80-9a75b75d85b1</fromProcessItemId>
            <toProcessItemId>2025.7d47ec33-a796-4717-aaff-36c0ad364017</toProcessItemId>
        </link>
        <link name="Untitled">
            <lastModified isNull="true" />
            <lastModifiedBy isNull="true" />
            <processLinkId>2027.e5a05b2e-d9df-4bae-8270-7a9c34908785</processLinkId>
            <processId>1.d8258e39-21b1-4c46-86ae-a778191d3870</processId>
            <description isNull="true" />
            <fromProcessItemId>2025.1c253046-7a72-49c3-bc80-9a75b75d85b1</fromProcessItemId>
            <endStateId>guid:1834ad1ced21c429:201b912:1064bd1f711:-7ffa</endStateId>
            <toProcessItemId>2025.46be0627-df6a-4a2e-8cfa-764dfd5cbb3a</toProcessItemId>
            <guid>guid:197d4ddc90fc5427:-1c619ffe:11def1582ed:-7b24</guid>
            <versionId>f8764ded-6384-45c8-b011-ba862dbd6b3a</versionId>
            <layoutData>
                <controlPoints />
                <showEndState>true</showEndState>
                <showName>false</showName>
            </layoutData>
            <fromItemPort locationId="rightCenter" portType="1" />
            <toItemPort locationId="leftCenter" portType="2" />
            <fromProcessItemId>2025.1c253046-7a72-49c3-bc80-9a75b75d85b1</fromProcessItemId>
            <toProcessItemId>2025.46be0627-df6a-4a2e-8cfa-764dfd5cbb3a</toProcessItemId>
        </link>
    </process>
</teamworks>

