<?xml version="1.0" encoding="UTF-8"?>
<teamworks>
    <process id="1.db7d83c8-d118-426f-ba02-2c657e9d6a9a" name="Read Text File">
        <lastModified>1361372673512</lastModified>
        <lastModifiedBy>Internal TW Admin user</lastModifiedBy>
        <processId>1.db7d83c8-d118-426f-ba02-2c657e9d6a9a</processId>
        <image isNull="true" />
        <tabGroup isNull="true" />
        <startingProcessItemId>2025.ae8d958d-d434-44d0-920b-7b347dfbffef</startingProcessItemId>
        <isRootProcess>false</isRootProcess>
        <processType>4</processType>
        <isErrorHandlerEnabled>false</isErrorHandlerEnabled>
        <errorHandlerItemId isNull="true" />
        <isLoggingVariables>false</isLoggingVariables>
        <isTransactional>false</isTransactional>
        <processTimingLevel isNull="true" />
        <participantRef isNull="true" />
        <exposedType isNull="true" />
        <isTrackingEnabled>true</isTrackingEnabled>
        <xmlData isNull="true" />
        <cachingType>false</cachingType>
        <itemLabel isNull="true" />
        <cacheLength>43200</cacheLength>
        <mobileReady>false</mobileReady>
        <sboSyncEnabled>true</sboSyncEnabled>
        <externalId isNull="true" />
        <isSecured>false</isSecured>
        <description>Reads text from an ASCII file</description>
        <guid>guid:12be50909032b80c:18f81ea7:11f41c537ad:-755d</guid>
        <versionId>ee38386c-4217-41ad-87d8-ec65a513061f</versionId>
        <dependencySummary isNull="true" />
        <processParameter name="filePath">
            <lastModified isNull="true" />
            <lastModifiedBy isNull="true" />
            <processParameterId>2055.0a0706c4-18e9-42fd-bf97-679846123f44</processParameterId>
            <processId>1.db7d83c8-d118-426f-ba02-2c657e9d6a9a</processId>
            <parameterType>1</parameterType>
            <isArrayOf>false</isArrayOf>
            <classId>/12.db884a3c-c533-44b7-bb2d-47bec8ad4022</classId>
            <seq>1</seq>
            <hasDefault>false</hasDefault>
            <defaultValue isNull="true" />
            <isLocked>false</isLocked>
            <description>Fully qualified path and name of file</description>
            <guid>guid:12be50909032b80c:18f81ea7:11f41c537ad:-752d</guid>
            <versionId>734df257-fb53-46ae-b6e3-9eff97a6aa15</versionId>
        </processParameter>
        <processParameter name="fileContents">
            <lastModified isNull="true" />
            <lastModifiedBy isNull="true" />
            <processParameterId>2055.965a7dea-4567-41b0-a3ae-44eaf37064c2</processParameterId>
            <processId>1.db7d83c8-d118-426f-ba02-2c657e9d6a9a</processId>
            <parameterType>2</parameterType>
            <isArrayOf>false</isArrayOf>
            <classId>/12.db884a3c-c533-44b7-bb2d-47bec8ad4022</classId>
            <seq>2</seq>
            <hasDefault>false</hasDefault>
            <defaultValue isNull="true" />
            <isLocked>false</isLocked>
            <description>The contents of the file</description>
            <guid>guid:12be50909032b80c:18f81ea7:11f41c537ad:-7514</guid>
            <versionId>c976fef9-3314-4c36-b4e7-6abaa334d49f</versionId>
        </processParameter>
        <item>
            <lastModified isNull="true" />
            <lastModifiedBy isNull="true" />
            <processItemId>2025.775939c4-5c9f-4824-a387-11e9bb538b07</processItemId>
            <processId>1.db7d83c8-d118-426f-ba02-2c657e9d6a9a</processId>
            <name>End</name>
            <tWComponentName>ExitPoint</tWComponentName>
            <tWComponentId>3008.12fb1ce1-31de-4bb2-99bc-76dfc3d6badd</tWComponentId>
            <isLogEnabled>false</isLogEnabled>
            <isTraceEnabled>false</isTraceEnabled>
            <traceCategory isNull="true" />
            <traceLevel isNull="true" />
            <traceMessage isNull="true" />
            <traceSymbolTable isNull="true" />
            <isExecutionContextTraced>false</isExecutionContextTraced>
            <saveExecutionContext>true</saveExecutionContext>
            <documentation isNull="true" />
            <isErrorHandlerEnabled>false</isErrorHandlerEnabled>
            <errorHandlerItemId isNull="true" />
            <guid>guid:12be50909032b80c:18f81ea7:11f41c537ad:-755b</guid>
            <versionId>b690a8a4-b441-4632-b77a-2346f86d9ac9</versionId>
            <layoutData x="365" y="100">
                <errorLink>
                    <controlPoints />
                    <showEndState>false</showEndState>
                    <showName>false</showName>
                </errorLink>
            </layoutData>
            <TWComponent>
                <lastModified isNull="true" />
                <lastModifiedBy isNull="true" />
                <exitPointId>3008.12fb1ce1-31de-4bb2-99bc-76dfc3d6badd</exitPointId>
                <haltProcess>false</haltProcess>
                <guid>guid:12be50909032b80c:18f81ea7:11f41c537ad:-755a</guid>
                <versionId>d907b5bb-9c6e-442f-91ea-553b96fc0869</versionId>
            </TWComponent>
        </item>
        <item>
            <lastModified isNull="true" />
            <lastModifiedBy isNull="true" />
            <processItemId>2025.ae8d958d-d434-44d0-920b-7b347dfbffef</processItemId>
            <processId>1.db7d83c8-d118-426f-ba02-2c657e9d6a9a</processId>
            <name>Read File</name>
            <tWComponentName>JavaConnector</tWComponentName>
            <tWComponentId>3022.bb02a578-99dd-40d8-a119-039005a7122d</tWComponentId>
            <isLogEnabled>false</isLogEnabled>
            <isTraceEnabled>false</isTraceEnabled>
            <traceCategory isNull="true" />
            <traceLevel isNull="true" />
            <traceMessage isNull="true" />
            <traceSymbolTable isNull="true" />
            <isExecutionContextTraced>false</isExecutionContextTraced>
            <saveExecutionContext>false</saveExecutionContext>
            <documentation isNull="true" />
            <isErrorHandlerEnabled>false</isErrorHandlerEnabled>
            <errorHandlerItemId isNull="true" />
            <guid>guid:12be50909032b80c:18f81ea7:11f41c537ad:-7544</guid>
            <versionId>e07db79f-53bc-4a33-86e0-48ce7d796424</versionId>
            <layoutData x="177" y="85">
                <errorLink>
                    <controlPoints />
                    <showEndState>false</showEndState>
                    <showName>false</showName>
                </errorLink>
            </layoutData>
            <TWComponent>
                <lastModified isNull="true" />
                <lastModifiedBy isNull="true" />
                <javaConnectorId>3022.bb02a578-99dd-40d8-a119-039005a7122d</javaConnectorId>
                <definition>&lt;connector&gt;
  &lt;javaClassName&gt;teamworks.Files&lt;/javaClassName&gt;
  &lt;methodName&gt;getTextFromFile&lt;/methodName&gt;
  &lt;inputRecord&gt;
    &lt;element type="java.lang.String" nativeType="java.lang.String" parameter="Parameter 0" argument="tw.local.filePath" description="fullFilePath" /&gt;
  &lt;/inputRecord&gt;
  &lt;outputRecord&gt;
    &lt;element type="java.lang.String" nativeType="java.lang.String" parameter="Return Value" argument="tw.local.fileContents" description="" /&gt;
  &lt;/outputRecord&gt;
&lt;/connector&gt;</definition>
                <guid>guid:12be50909032b80c:18f81ea7:11f41c537ad:-7545</guid>
                <versionId>c31652ab-2906-401d-9685-997d043877c3</versionId>
            </TWComponent>
        </item>
        <startingProcessItemId>2025.ae8d958d-d434-44d0-920b-7b347dfbffef</startingProcessItemId>
        <errorHandlerItemId isNull="true" />
        <layoutData noConversion="true">
            <errorLink>
                <controlPoints />
                <showEndState>false</showEndState>
                <showName>false</showName>
            </errorLink>
        </layoutData>
        <startPoint>
            <layoutData x="20" y="100">
                <errorLink>
                    <controlPoints />
                    <showEndState>false</showEndState>
                    <showName>false</showName>
                </errorLink>
            </layoutData>
        </startPoint>
        <startLink>
            <fromPort locationId="rightCenter" portType="1" />
            <toPort locationId="leftCenter" portType="2" />
            <layoutData>
                <controlPoints />
                <showEndState>false</showEndState>
                <showName>false</showName>
            </layoutData>
        </startLink>
        <link name="Untitled">
            <lastModified isNull="true" />
            <lastModifiedBy isNull="true" />
            <processLinkId>2027.54a9da97-0beb-42c5-ac8e-d5e9c5aea44e</processLinkId>
            <processId>1.db7d83c8-d118-426f-ba02-2c657e9d6a9a</processId>
            <description isNull="true" />
            <fromProcessItemId>2025.ae8d958d-d434-44d0-920b-7b347dfbffef</fromProcessItemId>
            <endStateId>Out</endStateId>
            <toProcessItemId>2025.775939c4-5c9f-4824-a387-11e9bb538b07</toProcessItemId>
            <guid>guid:12be50909032b80c:18f81ea7:11f41c537ad:-753d</guid>
            <versionId>4e1724b3-238c-4f8e-811c-9cce7ca2ac99</versionId>
            <layoutData>
                <controlPoints />
                <showEndState>false</showEndState>
                <showName>false</showName>
            </layoutData>
            <fromItemPort locationId="rightCenter" portType="1" />
            <toItemPort locationId="leftCenter" portType="2" />
            <fromProcessItemId>2025.ae8d958d-d434-44d0-920b-7b347dfbffef</fromProcessItemId>
            <toProcessItemId>2025.775939c4-5c9f-4824-a387-11e9bb538b07</toProcessItemId>
        </link>
    </process>
</teamworks>

