<?xml version="1.0" encoding="UTF-8"?>
<teamworks>
    <process id="1.e6d03d0c-1717-4844-a6ad-49c3bb8fa204" name="lsw Get Next CA Template Primary Key">
        <lastModified>1361372673512</lastModified>
        <lastModifiedBy>Internal TW Admin user</lastModifiedBy>
        <processId>1.e6d03d0c-1717-4844-a6ad-49c3bb8fa204</processId>
        <image isNull="true" />
        <tabGroup isNull="true" />
        <startingProcessItemId>2025.73dfd4b8-b8ab-4343-9dfd-d35d096fe847</startingProcessItemId>
        <isRootProcess>false</isRootProcess>
        <processType>6</processType>
        <isErrorHandlerEnabled>false</isErrorHandlerEnabled>
        <errorHandlerItemId isNull="true" />
        <isLoggingVariables>false</isLoggingVariables>
        <isTransactional>false</isTransactional>
        <processTimingLevel isNull="true" />
        <participantRef isNull="true" />
        <exposedType isNull="true" />
        <isTrackingEnabled>true</isTrackingEnabled>
        <xmlData isNull="true" />
        <cachingType>false</cachingType>
        <itemLabel isNull="true" />
        <cacheLength>43200</cacheLength>
        <mobileReady>false</mobileReady>
        <sboSyncEnabled>true</sboSyncEnabled>
        <externalId isNull="true" />
        <isSecured>false</isSecured>
        <description isNull="true" />
        <guid>guid:5a54f1704f1c1577:-6b56085f:12370558356:-7ffa</guid>
        <versionId>33f32acd-b4f7-4875-a2da-d5789a864cfb</versionId>
        <dependencySummary isNull="true" />
        <processParameter name="primaryKey">
            <lastModified isNull="true" />
            <lastModifiedBy isNull="true" />
            <processParameterId>2055.7788aa03-0200-46bb-b776-803195ddb618</processParameterId>
            <processId>1.e6d03d0c-1717-4844-a6ad-49c3bb8fa204</processId>
            <parameterType>2</parameterType>
            <isArrayOf>false</isArrayOf>
            <classId>/12.db884a3c-c533-44b7-bb2d-47bec8ad4022</classId>
            <seq>1</seq>
            <hasDefault>false</hasDefault>
            <defaultValue isNull="true" />
            <isLocked>false</isLocked>
            <description isNull="true" />
            <guid>guid:5a54f1704f1c1577:-6b56085f:12370558356:-7ff2</guid>
            <versionId>acd4e000-6533-4a46-9d48-b1cf4f7b3b5f</versionId>
        </processParameter>
        <processVariable name="tableName">
            <lastModified isNull="true" />
            <lastModifiedBy isNull="true" />
            <processVariableId>2056.cbcb05b2-b194-4d8d-b770-d41d1d63176b</processVariableId>
            <description isNull="true" />
            <processId>1.e6d03d0c-1717-4844-a6ad-49c3bb8fa204</processId>
            <namespace>2</namespace>
            <seq>1</seq>
            <isArrayOf>false</isArrayOf>
            <classId>/12.db884a3c-c533-44b7-bb2d-47bec8ad4022</classId>
            <hasDefault>true</hasDefault>
            <defaultValue>"LSW_CA_TEMPLATE"</defaultValue>
            <guid>guid:5a54f1704f1c1577:-6b56085f:12370558356:-7ff1</guid>
            <versionId>64ffec74-2fd2-49a2-9096-3e09759c9887</versionId>
        </processVariable>
        <item>
            <lastModified isNull="true" />
            <lastModifiedBy isNull="true" />
            <processItemId>2025.73dfd4b8-b8ab-4343-9dfd-d35d096fe847</processItemId>
            <processId>1.e6d03d0c-1717-4844-a6ad-49c3bb8fa204</processId>
            <name>Call primary key API</name>
            <tWComponentName>Script</tWComponentName>
            <tWComponentId>3011.b49c9fe3-fc1d-465c-ba50-832f6d95a8f9</tWComponentId>
            <isLogEnabled>false</isLogEnabled>
            <isTraceEnabled>false</isTraceEnabled>
            <traceCategory isNull="true" />
            <traceLevel isNull="true" />
            <traceMessage isNull="true" />
            <traceSymbolTable isNull="true" />
            <isExecutionContextTraced>false</isExecutionContextTraced>
            <saveExecutionContext>false</saveExecutionContext>
            <documentation isNull="true" />
            <isErrorHandlerEnabled>false</isErrorHandlerEnabled>
            <errorHandlerItemId isNull="true" />
            <guid>guid:5a54f1704f1c1577:-6b56085f:12370558356:-7ff3</guid>
            <versionId>19263a38-60f7-4931-9cba-ab62d3874982</versionId>
            <layoutData x="181" y="84">
                <errorLink>
                    <controlPoints />
                    <showEndState>false</showEndState>
                    <showName>false</showName>
                </errorLink>
            </layoutData>
            <TWComponent>
                <lastModified isNull="true" />
                <lastModifiedBy isNull="true" />
                <scriptId>3011.b49c9fe3-fc1d-465c-ba50-832f6d95a8f9</scriptId>
                <scriptTypeId>2</scriptTypeId>
                <isActive>true</isActive>
                <script>tw.local.primaryKey = String(Packages.com.lombardisoftware.server.core.PKGeneratorSingleton.getInstance().getNextPK(tw.local.tableName));</script>
                <isRule>false</isRule>
                <guid>guid:5a54f1704f1c1577:-6b56085f:12370558356:-7ff4</guid>
                <versionId>a2d3ed67-2cef-4032-a9d5-f8990bc845a1</versionId>
            </TWComponent>
        </item>
        <item>
            <lastModified isNull="true" />
            <lastModifiedBy isNull="true" />
            <processItemId>2025.08782819-ea91-4772-a6e4-608393b7c92b</processItemId>
            <processId>1.e6d03d0c-1717-4844-a6ad-49c3bb8fa204</processId>
            <name>End</name>
            <tWComponentName>ExitPoint</tWComponentName>
            <tWComponentId>3008.9632d0bf-3b43-4939-b6e4-48817d28de53</tWComponentId>
            <isLogEnabled>false</isLogEnabled>
            <isTraceEnabled>false</isTraceEnabled>
            <traceCategory isNull="true" />
            <traceLevel isNull="true" />
            <traceMessage isNull="true" />
            <traceSymbolTable isNull="true" />
            <isExecutionContextTraced>false</isExecutionContextTraced>
            <saveExecutionContext>true</saveExecutionContext>
            <documentation isNull="true" />
            <isErrorHandlerEnabled>false</isErrorHandlerEnabled>
            <errorHandlerItemId isNull="true" />
            <guid>guid:5a54f1704f1c1577:-6b56085f:12370558356:-7ff8</guid>
            <versionId>36de0f28-cd7d-43b2-9f90-93a6dfc9f4f5</versionId>
            <layoutData x="349" y="99">
                <errorLink>
                    <controlPoints />
                    <showEndState>false</showEndState>
                    <showName>false</showName>
                </errorLink>
            </layoutData>
            <TWComponent>
                <lastModified isNull="true" />
                <lastModifiedBy isNull="true" />
                <exitPointId>3008.9632d0bf-3b43-4939-b6e4-48817d28de53</exitPointId>
                <haltProcess>false</haltProcess>
                <guid>guid:5a54f1704f1c1577:-6b56085f:12370558356:-7ff7</guid>
                <versionId>82583d89-7310-41c7-9580-f096f6af347f</versionId>
            </TWComponent>
        </item>
        <startingProcessItemId>2025.73dfd4b8-b8ab-4343-9dfd-d35d096fe847</startingProcessItemId>
        <errorHandlerItemId isNull="true" />
        <layoutData noConversion="true">
            <errorLink>
                <controlPoints />
                <showEndState>false</showEndState>
                <showName>false</showName>
            </errorLink>
        </layoutData>
        <startPoint>
            <layoutData x="20" y="100">
                <errorLink>
                    <controlPoints />
                    <showEndState>false</showEndState>
                    <showName>false</showName>
                </errorLink>
            </layoutData>
        </startPoint>
        <startLink>
            <fromPort locationId="rightCenter" portType="1" />
            <toPort locationId="leftCenter" portType="2" />
            <layoutData>
                <controlPoints />
                <showEndState>false</showEndState>
                <showName>false</showName>
            </layoutData>
        </startLink>
        <link name="Untitled">
            <lastModified isNull="true" />
            <lastModifiedBy isNull="true" />
            <processLinkId>2027.d55643e3-7d37-4c35-badb-06db807998f2</processLinkId>
            <processId>1.e6d03d0c-1717-4844-a6ad-49c3bb8fa204</processId>
            <description isNull="true" />
            <fromProcessItemId>2025.73dfd4b8-b8ab-4343-9dfd-d35d096fe847</fromProcessItemId>
            <endStateId>Out</endStateId>
            <toProcessItemId>2025.08782819-ea91-4772-a6e4-608393b7c92b</toProcessItemId>
            <guid>guid:5a54f1704f1c1577:-6b56085f:12370558356:-7ff0</guid>
            <versionId>1c4f7c59-42c3-4251-ab61-91551d0aa0f8</versionId>
            <layoutData>
                <controlPoints />
                <showEndState>false</showEndState>
                <showName>false</showName>
            </layoutData>
            <fromItemPort locationId="rightCenter" portType="1" />
            <toItemPort locationId="leftCenter" portType="2" />
            <fromProcessItemId>2025.73dfd4b8-b8ab-4343-9dfd-d35d096fe847</fromProcessItemId>
            <toProcessItemId>2025.08782819-ea91-4772-a6e4-608393b7c92b</toProcessItemId>
        </link>
    </process>
</teamworks>

