<?xml version="1.0" encoding="UTF-8"?>
<teamworks>
    <process id="1.f19596ff-93b8-4f49-875c-1edec488e96a" name="lsw Save Conditional Activity Template Coach">
        <lastModified>1361372673512</lastModified>
        <lastModifiedBy>Internal TW Admin user</lastModifiedBy>
        <processId>1.f19596ff-93b8-4f49-875c-1edec488e96a</processId>
        <image isNull="true" />
        <tabGroup isNull="true" />
        <startingProcessItemId>2025.d2ad4500-c2ce-4dfe-80f9-6d51ca89907f</startingProcessItemId>
        <isRootProcess>false</isRootProcess>
        <processType>3</processType>
        <isErrorHandlerEnabled>false</isErrorHandlerEnabled>
        <errorHandlerItemId isNull="true" />
        <isLoggingVariables>false</isLoggingVariables>
        <isTransactional>false</isTransactional>
        <processTimingLevel isNull="true" />
        <participantRef isNull="true" />
        <exposedType isNull="true" />
        <isTrackingEnabled>true</isTrackingEnabled>
        <xmlData isNull="true" />
        <cachingType>false</cachingType>
        <itemLabel isNull="true" />
        <cacheLength>43200</cacheLength>
        <mobileReady>false</mobileReady>
        <sboSyncEnabled>true</sboSyncEnabled>
        <externalId isNull="true" />
        <isSecured>false</isSecured>
        <description isNull="true" />
        <guid>guid:5a54f1704f1c1577:-6b56085f:12370558356:-7f4b</guid>
        <versionId>8e8c8fa1-8df1-458d-bdf8-0edefc09c7b9</versionId>
        <dependencySummary isNull="true" />
        <processParameter name="templateID">
            <lastModified isNull="true" />
            <lastModifiedBy isNull="true" />
            <processParameterId>2055.3a4c317f-68ba-41d3-a1c9-0700892d0d24</processParameterId>
            <processId>1.f19596ff-93b8-4f49-875c-1edec488e96a</processId>
            <parameterType>1</parameterType>
            <isArrayOf>false</isArrayOf>
            <classId>/12.db884a3c-c533-44b7-bb2d-47bec8ad4022</classId>
            <seq>1</seq>
            <hasDefault>false</hasDefault>
            <defaultValue isNull="true" />
            <isLocked>false</isLocked>
            <description isNull="true" />
            <guid>guid:5a54f1704f1c1577:-6b56085f:12370558356:-7f47</guid>
            <versionId>9490391c-3e04-4e6a-87a9-98320574e7f6</versionId>
        </processParameter>
        <processParameter name="templateName">
            <lastModified isNull="true" />
            <lastModifiedBy isNull="true" />
            <processParameterId>2055.c5a947e3-255c-48b0-bc62-8b6e4887727d</processParameterId>
            <processId>1.f19596ff-93b8-4f49-875c-1edec488e96a</processId>
            <parameterType>1</parameterType>
            <isArrayOf>false</isArrayOf>
            <classId>/12.db884a3c-c533-44b7-bb2d-47bec8ad4022</classId>
            <seq>2</seq>
            <hasDefault>false</hasDefault>
            <defaultValue isNull="true" />
            <isLocked>false</isLocked>
            <description isNull="true" />
            <guid>guid:5a54f1704f1c1577:-6b56085f:12370558356:-7f46</guid>
            <versionId>e0fa7ecb-96df-46f0-a545-5e81a507f84c</versionId>
        </processParameter>
        <processParameter name="bpdGUID">
            <lastModified isNull="true" />
            <lastModifiedBy isNull="true" />
            <processParameterId>2055.7acbd8d2-9d83-4791-8ad8-78e1b394d9be</processParameterId>
            <processId>1.f19596ff-93b8-4f49-875c-1edec488e96a</processId>
            <parameterType>1</parameterType>
            <isArrayOf>false</isArrayOf>
            <classId>/12.db884a3c-c533-44b7-bb2d-47bec8ad4022</classId>
            <seq>3</seq>
            <hasDefault>false</hasDefault>
            <defaultValue isNull="true" />
            <isLocked>false</isLocked>
            <description isNull="true" />
            <guid>guid:5a54f1704f1c1577:-6b56085f:12370558356:-7f45</guid>
            <versionId>0b310a87-c45f-4ea0-8cf1-22acae2f62a7</versionId>
        </processParameter>
        <processParameter name="selectedConditionalActivities">
            <lastModified isNull="true" />
            <lastModifiedBy isNull="true" />
            <processParameterId>2055.72e1a622-756a-4092-bed2-e61da437e51a</processParameterId>
            <processId>1.f19596ff-93b8-4f49-875c-1edec488e96a</processId>
            <parameterType>1</parameterType>
            <isArrayOf>true</isArrayOf>
            <classId>/12.db884a3c-c533-44b7-bb2d-47bec8ad4022</classId>
            <seq>4</seq>
            <hasDefault>false</hasDefault>
            <defaultValue isNull="true" />
            <isLocked>false</isLocked>
            <description isNull="true" />
            <guid>guid:5a54f1704f1c1577:-6b56085f:12370558356:-7f44</guid>
            <versionId>afc94b51-65c0-4610-b643-23837e74ab06</versionId>
        </processParameter>
        <processParameter name="readonly">
            <lastModified isNull="true" />
            <lastModifiedBy isNull="true" />
            <processParameterId>2055.20d55c27-521f-4c57-b082-f0e2abcadba1</processParameterId>
            <processId>1.f19596ff-93b8-4f49-875c-1edec488e96a</processId>
            <parameterType>1</parameterType>
            <isArrayOf>false</isArrayOf>
            <classId>/12.83ff975e-8dbc-42e5-b738-fa8bc08274a2</classId>
            <seq>5</seq>
            <hasDefault>true</hasDefault>
            <defaultValue>false</defaultValue>
            <isLocked>false</isLocked>
            <description isNull="true" />
            <guid>guid:5a54f1704f1c1577:-6b56085f:12370558356:-7f43</guid>
            <versionId>18cb3c29-5d1c-4b37-9daf-0ea50e25ad1e</versionId>
        </processParameter>
        <processParameter name="templateID">
            <lastModified isNull="true" />
            <lastModifiedBy isNull="true" />
            <processParameterId>2055.52c05d42-68fb-49cb-ad65-9e30edf8c6e6</processParameterId>
            <processId>1.f19596ff-93b8-4f49-875c-1edec488e96a</processId>
            <parameterType>2</parameterType>
            <isArrayOf>false</isArrayOf>
            <classId>/12.db884a3c-c533-44b7-bb2d-47bec8ad4022</classId>
            <seq>6</seq>
            <hasDefault>false</hasDefault>
            <defaultValue isNull="true" />
            <isLocked>false</isLocked>
            <description isNull="true" />
            <guid>guid:5a54f1704f1c1577:-6b56085f:12370558356:-7f42</guid>
            <versionId>e72b4258-a1a0-4304-a870-aabfd70d07da</versionId>
        </processParameter>
        <item>
            <lastModified isNull="true" />
            <lastModifiedBy isNull="true" />
            <processItemId>2025.e89de155-ebf5-4035-80cd-b3d7d04b9a69</processItemId>
            <processId>1.f19596ff-93b8-4f49-875c-1edec488e96a</processId>
            <name>Template Name</name>
            <tWComponentName>Coach</tWComponentName>
            <tWComponentId>3003.d7a2de32-ceee-4598-869b-2060827a0b81</tWComponentId>
            <isLogEnabled>false</isLogEnabled>
            <isTraceEnabled>false</isTraceEnabled>
            <traceCategory isNull="true" />
            <traceLevel isNull="true" />
            <traceMessage isNull="true" />
            <traceSymbolTable isNull="true" />
            <isExecutionContextTraced>false</isExecutionContextTraced>
            <saveExecutionContext>true</saveExecutionContext>
            <documentation isNull="true" />
            <isErrorHandlerEnabled>false</isErrorHandlerEnabled>
            <errorHandlerItemId isNull="true" />
            <guid>guid:5a54f1704f1c1577:-6b56085f:12370558356:-7f30</guid>
            <versionId>4eb332c4-f909-4614-b0b5-4090ebe4e7dd</versionId>
            <layoutData x="286" y="192">
                <errorLink>
                    <controlPoints />
                    <showEndState>false</showEndState>
                    <showName>false</showName>
                </errorLink>
            </layoutData>
            <TWComponent>
                <lastModified isNull="true" />
                <lastModifiedBy isNull="true" />
                <coachId>3003.d7a2de32-ceee-4598-869b-2060827a0b81</coachId>
                <title>Untitled2</title>
                <layoutRef>/20.fa3fc599-a72a-4a82-8f14-6bba1565444a</layoutRef>
                <layoutData isNull="true" />
                <xslRef isNull="true" />
                <guid>guid:5a54f1704f1c1577:-6b56085f:12370558356:-7f31</guid>
                <versionId>66378897-6ee3-4f10-b930-a9888c59fee1</versionId>
                <CoachResources>
                    <lastModified isNull="true" />
                    <lastModifiedBy isNull="true" />
                    <coachResourceId>3004.de2dbcb2-b28f-4c52-8f6f-a262aec67f59</coachResourceId>
                    <coachId>3003.d7a2de32-ceee-4598-869b-2060827a0b81</coachId>
                    <virtualName>CoachDesignerXML</virtualName>
                    <type>text/HTML</type>
                    <resourceData>&lt;tw:Form xmlns:tw="http://lombardisoftware.com/schema/coachdesigner" xmlns:xsi="http://www.w3.org/2001/XMLSchema-instance" xsi:schemaLocation="http://lombardisoftware.com/schema/forms Form.xsd"&gt;
  &lt;tw:FormTitle&gt;Save Template&lt;/tw:FormTitle&gt;
  &lt;tw:Layout tw:id="section" tw:styleClass=""&gt;
    &lt;tw:Section tw:columns="1"&gt;
      &lt;tw:SectionTitle tw:id="sectionTitle" tw:visible="false"&gt;Section Title&lt;/tw:SectionTitle&gt;
      &lt;tw:SectionHeading tw:id="sectionHeading" tw:visible="false"&gt;Section Heading&lt;/tw:SectionHeading&gt;
      &lt;tw:Row tw:rows="2"&gt;
        &lt;tw:Column&gt;
          &lt;tw:Control tw:col="1" tw:colspan="1" tw:id="InputText0" tw:row="1" tw:rowspan="1"&gt;
            &lt;tw:Documentation&gt;Text as Input Text control with just one line.&lt;/tw:Documentation&gt;
            &lt;tw:PaletteIcon&gt;coachdesigner16/text_obj.gif&lt;/tw:PaletteIcon&gt;
            &lt;tw:InputText tw:binding="tw.local.templateName"&gt;
              &lt;tw:Label tw:visible="true"&gt;Template Name:&lt;/tw:Label&gt;
            &lt;/tw:InputText&gt;
          &lt;/tw:Control&gt;
          &lt;tw:Control tw:col="1" tw:colspan="1" tw:id="ButtonGroup0" tw:row="2" tw:rowspan="1"&gt;
            &lt;tw:Documentation&gt;A ButtonGroup containing one Button.&lt;/tw:Documentation&gt;
            &lt;tw:PaletteIcon&gt;coachdesigner16/button_obj.gif&lt;/tw:PaletteIcon&gt;
            &lt;tw:ButtonGroup&gt;
              &lt;tw:Label tw:visible="false"&gt;A Button:&lt;/tw:Label&gt;
              &lt;tw:Button tw:decisionPoint="true" tw:id="Button0"&gt;
                &lt;tw:Label&gt;Save&lt;/tw:Label&gt;
                &lt;tw:EventHandler tw:event="onClick" /&gt;
              &lt;/tw:Button&gt;
              &lt;tw:Button tw:decisionPoint="true" tw:id="Button1" tw:isCancel="true"&gt;
                &lt;tw:Label&gt;Cancel&lt;/tw:Label&gt;
              &lt;/tw:Button&gt;
            &lt;/tw:ButtonGroup&gt;
          &lt;/tw:Control&gt;
        &lt;/tw:Column&gt;
      &lt;/tw:Row&gt;
    &lt;/tw:Section&gt;
  &lt;/tw:Layout&gt;
&lt;/tw:Form&gt;

</resourceData>
                    <guid>guid:5a54f1704f1c1577:-6b56085f:12370558356:-7f2e</guid>
                    <versionId>dc57d113-c1ca-48fc-b006-3ac22f630bf3</versionId>
                </CoachResources>
                <CoachButtons>
                    <lastModified isNull="true" />
                    <lastModifiedBy isNull="true" />
                    <coachButtonId>3005.6aa3585d-9aea-48d1-a010-36381843736b</coachButtonId>
                    <coachId>3003.d7a2de32-ceee-4598-869b-2060827a0b81</coachId>
                    <seq>1</seq>
                    <endStateId>guid:5a54f1704f1c1577:-6b56085f:12370558356:-7f2c</endStateId>
                    <isSpecial>false</isSpecial>
                    <isDisplayed>true</isDisplayed>
                    <buttonLabel>Save</buttonLabel>
                    <buttonHint>ButtonGroup0_Button0</buttonHint>
                    <buttonText isNull="true" />
                    <isCheckBoxVisible>false</isCheckBoxVisible>
                    <isUncheckAllowed>false</isUncheckAllowed>
                    <metaData>CoachDesignerButtonId:ButtonGroup0_Button0;CoachDesignerIsCancel:false</metaData>
                    <buttonExpression>ButtonGroup0_Button0</buttonExpression>
                    <guid>5d049ad1-0f90-4eb0-976f-1bf62b5b7f79</guid>
                    <versionId>fb2876a9-3423-4670-9b65-23270198a712</versionId>
                </CoachButtons>
                <CoachButtons>
                    <lastModified isNull="true" />
                    <lastModifiedBy isNull="true" />
                    <coachButtonId>3005.59d63a05-c8f2-4876-ac99-21f52fd9fd03</coachButtonId>
                    <coachId>3003.d7a2de32-ceee-4598-869b-2060827a0b81</coachId>
                    <seq>2</seq>
                    <endStateId>guid:5a54f1704f1c1577:-6b56085f:12370558356:-7f2a</endStateId>
                    <isSpecial>false</isSpecial>
                    <isDisplayed>true</isDisplayed>
                    <buttonLabel>Cancel</buttonLabel>
                    <buttonHint>ButtonGroup0_Button1</buttonHint>
                    <buttonText isNull="true" />
                    <isCheckBoxVisible>false</isCheckBoxVisible>
                    <isUncheckAllowed>false</isUncheckAllowed>
                    <metaData>CoachDesignerButtonId:ButtonGroup0_Button1;CoachDesignerIsCancel:true</metaData>
                    <buttonExpression>ButtonGroup0_Button1</buttonExpression>
                    <guid>f7e7cef2-e27c-4aaa-8ae7-143a17abbdb6</guid>
                    <versionId>a188ec72-098f-456b-8f15-cb3867d495eb</versionId>
                </CoachButtons>
            </TWComponent>
        </item>
        <item>
            <lastModified isNull="true" />
            <lastModifiedBy isNull="true" />
            <processItemId>2025.d2ad4500-c2ce-4dfe-80f9-6d51ca89907f</processItemId>
            <processId>1.f19596ff-93b8-4f49-875c-1edec488e96a</processId>
            <name>Template Selected?</name>
            <tWComponentName>Switch</tWComponentName>
            <tWComponentId>3013.3723eeda-6198-41c5-90d0-169b2f3e95f5</tWComponentId>
            <isLogEnabled>false</isLogEnabled>
            <isTraceEnabled>false</isTraceEnabled>
            <traceCategory isNull="true" />
            <traceLevel isNull="true" />
            <traceMessage isNull="true" />
            <traceSymbolTable isNull="true" />
            <isExecutionContextTraced>false</isExecutionContextTraced>
            <saveExecutionContext>false</saveExecutionContext>
            <documentation isNull="true" />
            <isErrorHandlerEnabled>false</isErrorHandlerEnabled>
            <errorHandlerItemId isNull="true" />
            <guid>guid:5a54f1704f1c1577:-6b56085f:12370558356:-7f3e</guid>
            <versionId>5603395e-2472-4b54-8d40-5f8c0c102595</versionId>
            <layoutData x="136" y="201">
                <errorLink>
                    <controlPoints />
                    <showEndState>false</showEndState>
                    <showName>false</showName>
                </errorLink>
            </layoutData>
            <TWComponent>
                <lastModified isNull="true" />
                <lastModifiedBy isNull="true" />
                <switchId>3013.3723eeda-6198-41c5-90d0-169b2f3e95f5</switchId>
                <guid>guid:5a54f1704f1c1577:-6b56085f:12370558356:-7f3f</guid>
                <versionId>e057b4e4-c0fe-4891-96c5-d588a973088c</versionId>
                <SwitchCondition>
                    <lastModified isNull="true" />
                    <lastModifiedBy isNull="true" />
                    <switchConditionId>3014.1876b2d7-888d-4931-b501-68c999e2a474</switchConditionId>
                    <switchId>3013.3723eeda-6198-41c5-90d0-169b2f3e95f5</switchId>
                    <seq>1</seq>
                    <endStateId>guid:5a54f1704f1c1577:-6b56085f:12370558356:-7f27</endStateId>
                    <condition>tw.local.templateID != null &amp;&amp; tw.local.templateID.length &gt; 0</condition>
                    <guid>guid:5a54f1704f1c1577:-6b56085f:12370558356:-7f28</guid>
                    <versionId>198a6ffa-d753-46d3-9663-55d0f9df3628</versionId>
                </SwitchCondition>
            </TWComponent>
        </item>
        <item>
            <lastModified isNull="true" />
            <lastModifiedBy isNull="true" />
            <processItemId>2025.2601e71d-cff9-4a89-b45e-aa51be9e318b</processItemId>
            <processId>1.f19596ff-93b8-4f49-875c-1edec488e96a</processId>
            <name>Update Template?</name>
            <tWComponentName>Coach</tWComponentName>
            <tWComponentId>3003.6bf4a90a-f8ed-428b-b309-0b0c3cedbec3</tWComponentId>
            <isLogEnabled>false</isLogEnabled>
            <isTraceEnabled>false</isTraceEnabled>
            <traceCategory isNull="true" />
            <traceLevel isNull="true" />
            <traceMessage isNull="true" />
            <traceSymbolTable isNull="true" />
            <isExecutionContextTraced>false</isExecutionContextTraced>
            <saveExecutionContext>true</saveExecutionContext>
            <documentation isNull="true" />
            <isErrorHandlerEnabled>false</isErrorHandlerEnabled>
            <errorHandlerItemId isNull="true" />
            <guid>guid:5a54f1704f1c1577:-6b56085f:12370558356:-7f3a</guid>
            <versionId>67c3492e-cfd7-41cb-92d0-021b42600c5b</versionId>
            <layoutData x="130" y="76">
                <errorLink>
                    <controlPoints />
                    <showEndState>false</showEndState>
                    <showName>false</showName>
                </errorLink>
            </layoutData>
            <TWComponent>
                <lastModified isNull="true" />
                <lastModifiedBy isNull="true" />
                <coachId>3003.6bf4a90a-f8ed-428b-b309-0b0c3cedbec3</coachId>
                <title>Untitled1</title>
                <layoutRef>/20.fa3fc599-a72a-4a82-8f14-6bba1565444a</layoutRef>
                <layoutData isNull="true" />
                <xslRef isNull="true" />
                <guid>guid:5a54f1704f1c1577:-6b56085f:12370558356:-7f3b</guid>
                <versionId>71daba65-359e-4ca7-ba9c-b1affc08babd</versionId>
                <CoachResources>
                    <lastModified isNull="true" />
                    <lastModifiedBy isNull="true" />
                    <coachResourceId>3004.9c2c22b2-3e8c-4cb7-880a-020e56b64ff8</coachResourceId>
                    <coachId>3003.6bf4a90a-f8ed-428b-b309-0b0c3cedbec3</coachId>
                    <virtualName>CoachDesignerXML</virtualName>
                    <type>text/HTML</type>
                    <resourceData>&lt;tw:Form xmlns:tw="http://lombardisoftware.com/schema/coachdesigner" xmlns:xsi="http://www.w3.org/2001/XMLSchema-instance" xsi:schemaLocation="http://lombardisoftware.com/schema/forms Form.xsd"&gt;
  &lt;tw:FormTitle&gt;Confirm Template Update&lt;/tw:FormTitle&gt;
  &lt;tw:Layout tw:id="section" tw:styleClass=""&gt;
    &lt;tw:Section tw:columns="1"&gt;
      &lt;tw:SectionTitle tw:id="sectionTitle" tw:visible="false"&gt;Section Title&lt;/tw:SectionTitle&gt;
      &lt;tw:SectionHeading tw:id="sectionHeading" tw:visible="false"&gt;Section Heading&lt;/tw:SectionHeading&gt;
      &lt;tw:Row tw:rows="2"&gt;
        &lt;tw:Column&gt;
          &lt;tw:Control tw:col="1" tw:colspan="1" tw:id="CustomHTML0" tw:row="1" tw:rowspan="1"&gt;
            &lt;tw:Documentation&gt;A block of HTML, possibly with embedded server side JavaScript surrounded by &amp;lt;#= and &amp;gt;, that is placed in the generated form.&lt;/tw:Documentation&gt;
            &lt;tw:PaletteIcon&gt;coachdesigner16/customhtml.gif&lt;/tw:PaletteIcon&gt;
            &lt;tw:LabeledCustomHTML&gt;
              &lt;tw:Content&gt;Are you sure you want to replace the template &amp;lt;#=tw.local.templateName#&amp;gt;?&lt;/tw:Content&gt;
            &lt;/tw:LabeledCustomHTML&gt;
          &lt;/tw:Control&gt;
          &lt;tw:Control tw:col="1" tw:colspan="1" tw:id="ButtonGroup0" tw:row="2" tw:rowspan="1"&gt;
            &lt;tw:Documentation&gt;A ButtonGroup containing one Button.&lt;/tw:Documentation&gt;
            &lt;tw:PaletteIcon&gt;coachdesigner16/button_obj.gif&lt;/tw:PaletteIcon&gt;
            &lt;tw:ButtonGroup&gt;
              &lt;tw:Label tw:visible="false"&gt;A Button:&lt;/tw:Label&gt;
              &lt;tw:Button tw:decisionPoint="true" tw:id="Button0"&gt;
                &lt;tw:Label&gt;Yes&lt;/tw:Label&gt;
                &lt;tw:EventHandler tw:event="onClick" /&gt;
              &lt;/tw:Button&gt;
              &lt;tw:Button tw:decisionPoint="true" tw:id="Button1" tw:isCancel="false"&gt;
                &lt;tw:Label&gt;No&lt;/tw:Label&gt;
                &lt;tw:EventHandler tw:event="onClick" /&gt;
              &lt;/tw:Button&gt;
            &lt;/tw:ButtonGroup&gt;
          &lt;/tw:Control&gt;
        &lt;/tw:Column&gt;
      &lt;/tw:Row&gt;
    &lt;/tw:Section&gt;
  &lt;/tw:Layout&gt;
&lt;/tw:Form&gt;

</resourceData>
                    <guid>guid:5a54f1704f1c1577:-6b56085f:12370558356:-7f38</guid>
                    <versionId>cc27c783-d53a-4dfc-9407-6841b728f593</versionId>
                </CoachResources>
                <CoachButtons>
                    <lastModified isNull="true" />
                    <lastModifiedBy isNull="true" />
                    <coachButtonId>3005.bf706acc-0c38-41df-90f1-905fdd2f38dd</coachButtonId>
                    <coachId>3003.6bf4a90a-f8ed-428b-b309-0b0c3cedbec3</coachId>
                    <seq>1</seq>
                    <endStateId>guid:5a54f1704f1c1577:-6b56085f:12370558356:-7f36</endStateId>
                    <isSpecial>false</isSpecial>
                    <isDisplayed>true</isDisplayed>
                    <buttonLabel>Yes</buttonLabel>
                    <buttonHint>ButtonGroup0_Button0</buttonHint>
                    <buttonText isNull="true" />
                    <isCheckBoxVisible>false</isCheckBoxVisible>
                    <isUncheckAllowed>false</isUncheckAllowed>
                    <metaData>CoachDesignerButtonId:ButtonGroup0_Button0;CoachDesignerIsCancel:false</metaData>
                    <buttonExpression>ButtonGroup0_Button0</buttonExpression>
                    <guid>c68e84b7-42fe-462a-9ace-15ce8afb8746</guid>
                    <versionId>6df54bc5-43eb-47df-89a4-d6ca49947bea</versionId>
                </CoachButtons>
                <CoachButtons>
                    <lastModified isNull="true" />
                    <lastModifiedBy isNull="true" />
                    <coachButtonId>3005.8c8c8da4-5d71-4278-a793-48d5ea1d18ca</coachButtonId>
                    <coachId>3003.6bf4a90a-f8ed-428b-b309-0b0c3cedbec3</coachId>
                    <seq>2</seq>
                    <endStateId>guid:5a54f1704f1c1577:-6b56085f:12370558356:-7f34</endStateId>
                    <isSpecial>false</isSpecial>
                    <isDisplayed>true</isDisplayed>
                    <buttonLabel>No</buttonLabel>
                    <buttonHint>ButtonGroup0_Button1</buttonHint>
                    <buttonText isNull="true" />
                    <isCheckBoxVisible>false</isCheckBoxVisible>
                    <isUncheckAllowed>false</isUncheckAllowed>
                    <metaData>CoachDesignerButtonId:ButtonGroup0_Button1;CoachDesignerIsCancel:false</metaData>
                    <buttonExpression>ButtonGroup0_Button1</buttonExpression>
                    <guid>19a8fe12-5efc-4092-b588-e5229700b037</guid>
                    <versionId>bb6e1652-5bde-4877-aaf5-508c689f1638</versionId>
                </CoachButtons>
            </TWComponent>
        </item>
        <item>
            <lastModified isNull="true" />
            <lastModifiedBy isNull="true" />
            <processItemId>2025.55de07ff-f462-48ce-acf7-015a464db797</processItemId>
            <processId>1.f19596ff-93b8-4f49-875c-1edec488e96a</processId>
            <name>Reset Template ID and Name</name>
            <tWComponentName>Script</tWComponentName>
            <tWComponentId>3011.c1c11e68-0d53-4240-82d7-6e01c1ee14f4</tWComponentId>
            <isLogEnabled>false</isLogEnabled>
            <isTraceEnabled>false</isTraceEnabled>
            <traceCategory isNull="true" />
            <traceLevel isNull="true" />
            <traceMessage isNull="true" />
            <traceSymbolTable isNull="true" />
            <isExecutionContextTraced>false</isExecutionContextTraced>
            <saveExecutionContext>false</saveExecutionContext>
            <documentation isNull="true" />
            <isErrorHandlerEnabled>false</isErrorHandlerEnabled>
            <errorHandlerItemId isNull="true" />
            <guid>guid:5a54f1704f1c1577:-6b56085f:12370558356:-7f12</guid>
            <versionId>a0ee41a5-0907-4948-8a3f-8fcb6fa8e6aa</versionId>
            <layoutData x="284" y="74">
                <errorLink>
                    <controlPoints />
                    <showEndState>false</showEndState>
                    <showName>false</showName>
                </errorLink>
            </layoutData>
            <TWComponent>
                <lastModified isNull="true" />
                <lastModifiedBy isNull="true" />
                <scriptId>3011.c1c11e68-0d53-4240-82d7-6e01c1ee14f4</scriptId>
                <scriptTypeId>2</scriptTypeId>
                <isActive>true</isActive>
                <script>tw.local.templateID = null;
tw.local.templateName += " Copy";</script>
                <isRule>false</isRule>
                <guid>guid:5a54f1704f1c1577:-6b56085f:12370558356:-7f13</guid>
                <versionId>995121b5-8ae7-469f-82ed-155a28df54db</versionId>
            </TWComponent>
        </item>
        <item>
            <lastModified isNull="true" />
            <lastModifiedBy isNull="true" />
            <processItemId>2025.32bb6553-b51a-4780-8c02-f17cd94fc627</processItemId>
            <processId>1.f19596ff-93b8-4f49-875c-1edec488e96a</processId>
            <name>Cancel</name>
            <tWComponentName>ExitPoint</tWComponentName>
            <tWComponentId>3008.91428468-e752-40c8-867d-fc595e15af70</tWComponentId>
            <isLogEnabled>false</isLogEnabled>
            <isTraceEnabled>false</isTraceEnabled>
            <traceCategory isNull="true" />
            <traceLevel isNull="true" />
            <traceMessage isNull="true" />
            <traceSymbolTable isNull="true" />
            <isExecutionContextTraced>false</isExecutionContextTraced>
            <saveExecutionContext>false</saveExecutionContext>
            <documentation isNull="true" />
            <isErrorHandlerEnabled>false</isErrorHandlerEnabled>
            <errorHandlerItemId isNull="true" />
            <guid>guid:5a54f1704f1c1577:-6b56085f:12370558356:-7f22</guid>
            <versionId>bac25181-40dc-4f9b-a679-fd5d7cd73295</versionId>
            <layoutData x="577" y="312">
                <errorLink>
                    <controlPoints />
                    <showEndState>false</showEndState>
                    <showName>false</showName>
                </errorLink>
            </layoutData>
            <TWComponent>
                <lastModified isNull="true" />
                <lastModifiedBy isNull="true" />
                <exitPointId>3008.91428468-e752-40c8-867d-fc595e15af70</exitPointId>
                <haltProcess>false</haltProcess>
                <guid>guid:5a54f1704f1c1577:-6b56085f:12370558356:-7f23</guid>
                <versionId>da5d70ee-94b0-469c-84fc-9becb2dc1816</versionId>
            </TWComponent>
        </item>
        <item>
            <lastModified isNull="true" />
            <lastModifiedBy isNull="true" />
            <processItemId>2025.663bef93-998d-4bc3-9cac-c7c197edf6df</processItemId>
            <processId>1.f19596ff-93b8-4f49-875c-1edec488e96a</processId>
            <name>Save Template</name>
            <tWComponentName>SubProcess</tWComponentName>
            <tWComponentId>3012.0866745e-a4d1-4f5f-a14b-cc3ac4ddbe21</tWComponentId>
            <isLogEnabled>false</isLogEnabled>
            <isTraceEnabled>false</isTraceEnabled>
            <traceCategory isNull="true" />
            <traceLevel isNull="true" />
            <traceMessage isNull="true" />
            <traceSymbolTable isNull="true" />
            <isExecutionContextTraced>false</isExecutionContextTraced>
            <saveExecutionContext>false</saveExecutionContext>
            <documentation isNull="true" />
            <isErrorHandlerEnabled>false</isErrorHandlerEnabled>
            <errorHandlerItemId isNull="true" />
            <guid>guid:5a54f1704f1c1577:-6b56085f:12370558356:-7f20</guid>
            <versionId>be043caf-6b17-42de-be86-4d105221a579</versionId>
            <layoutData x="459" y="193">
                <errorLink>
                    <controlPoints />
                    <showEndState>false</showEndState>
                    <showName>false</showName>
                </errorLink>
            </layoutData>
            <TWComponent>
                <lastModified isNull="true" />
                <lastModifiedBy isNull="true" />
                <subProcessId>3012.0866745e-a4d1-4f5f-a14b-cc3ac4ddbe21</subProcessId>
                <attachedProcessRef>/1.36841ef6-754a-43cd-8da8-73429737a99d</attachedProcessRef>
                <guid>guid:5a54f1704f1c1577:-6b56085f:12370558356:-7f1f</guid>
                <versionId>263be9ba-6625-48b4-b5c3-2132b7f4bee7</versionId>
                <parameterMapping name="bpdGUID">
                    <lastModified isNull="true" />
                    <lastModifiedBy isNull="true" />
                    <parameterMappingId>2054.7d905841-0c96-4b09-8784-6051698d2369</parameterMappingId>
                    <processParameterId>2055.0c8b09c0-2b28-49e1-be8d-b178ded2be09</processParameterId>
                    <parameterMappingParentId>3012.0866745e-a4d1-4f5f-a14b-cc3ac4ddbe21</parameterMappingParentId>
                    <useDefault>false</useDefault>
                    <value>tw.local.bpdGUID</value>
                    <classRef>/12.db884a3c-c533-44b7-bb2d-47bec8ad4022</classRef>
                    <isList>false</isList>
                    <isInput>true</isInput>
                    <guid>guid:5a54f1704f1c1577:-6b56085f:12370558356:-7f1c</guid>
                    <versionId>00706b1f-d9ea-4cfb-8d14-0bd5a2a50bf1</versionId>
                    <description isNull="true" />
                </parameterMapping>
                <parameterMapping name="templateID">
                    <lastModified isNull="true" />
                    <lastModifiedBy isNull="true" />
                    <parameterMappingId>2054.7f9cca5b-47d5-4e43-bf7b-a9bdb6f57b21</parameterMappingId>
                    <processParameterId>2055.65430e7d-2164-4c1d-bc82-6f62f25ce6ab</processParameterId>
                    <parameterMappingParentId>3012.0866745e-a4d1-4f5f-a14b-cc3ac4ddbe21</parameterMappingParentId>
                    <useDefault>false</useDefault>
                    <value>tw.local.templateID</value>
                    <classRef>/12.db884a3c-c533-44b7-bb2d-47bec8ad4022</classRef>
                    <isList>false</isList>
                    <isInput>false</isInput>
                    <guid>guid:5a54f1704f1c1577:-6b56085f:12370558356:-7f1a</guid>
                    <versionId>6b28aaca-7dc7-4f94-9c3c-80c51480b662</versionId>
                    <description isNull="true" />
                </parameterMapping>
                <parameterMapping name="selectedConditionalActivities">
                    <lastModified isNull="true" />
                    <lastModifiedBy isNull="true" />
                    <parameterMappingId>2054.4c0fc049-330c-453a-b339-5cefef8c873c</parameterMappingId>
                    <processParameterId>2055.01d29e81-2b95-4725-96e6-f211606652b1</processParameterId>
                    <parameterMappingParentId>3012.0866745e-a4d1-4f5f-a14b-cc3ac4ddbe21</parameterMappingParentId>
                    <useDefault>false</useDefault>
                    <value>tw.local.selectedConditionalActivities</value>
                    <classRef>/12.db884a3c-c533-44b7-bb2d-47bec8ad4022</classRef>
                    <isList>true</isList>
                    <isInput>true</isInput>
                    <guid>guid:5a54f1704f1c1577:-6b56085f:12370558356:-7f1b</guid>
                    <versionId>7fe9f41d-3139-485b-8bcb-cbcb32dad7d6</versionId>
                    <description isNull="true" />
                </parameterMapping>
                <parameterMapping name="templateName">
                    <lastModified isNull="true" />
                    <lastModifiedBy isNull="true" />
                    <parameterMappingId>2054.6bf7e12b-9e8d-41c8-b7a9-9864f89b030e</parameterMappingId>
                    <processParameterId>2055.4a53e946-34d3-48f3-976d-656822584aef</processParameterId>
                    <parameterMappingParentId>3012.0866745e-a4d1-4f5f-a14b-cc3ac4ddbe21</parameterMappingParentId>
                    <useDefault>false</useDefault>
                    <value>tw.local.templateName</value>
                    <classRef>/12.db884a3c-c533-44b7-bb2d-47bec8ad4022</classRef>
                    <isList>false</isList>
                    <isInput>true</isInput>
                    <guid>guid:5a54f1704f1c1577:-6b56085f:12370558356:-7f1d</guid>
                    <versionId>81d049b5-ca40-4707-a509-f6a2ccb3e7ae</versionId>
                    <description isNull="true" />
                </parameterMapping>
                <parameterMapping name="templateID">
                    <lastModified isNull="true" />
                    <lastModifiedBy isNull="true" />
                    <parameterMappingId>2054.391cf5dc-9a19-4d67-a20e-362c2709533c</parameterMappingId>
                    <processParameterId>2055.c96fa454-3b43-450b-8668-34e3263238e0</processParameterId>
                    <parameterMappingParentId>3012.0866745e-a4d1-4f5f-a14b-cc3ac4ddbe21</parameterMappingParentId>
                    <useDefault>false</useDefault>
                    <value>tw.local.templateID</value>
                    <classRef>/12.db884a3c-c533-44b7-bb2d-47bec8ad4022</classRef>
                    <isList>false</isList>
                    <isInput>true</isInput>
                    <guid>guid:5a54f1704f1c1577:-6b56085f:12370558356:-7f1e</guid>
                    <versionId>fa0caf0e-06a4-487f-90d5-7ba8380bccc1</versionId>
                    <description isNull="true" />
                </parameterMapping>
            </TWComponent>
        </item>
        <item>
            <lastModified isNull="true" />
            <lastModifiedBy isNull="true" />
            <processItemId>2025.8d5e65dd-3c73-4c6a-aa0a-00923e43dcc4</processItemId>
            <processId>1.f19596ff-93b8-4f49-875c-1edec488e96a</processId>
            <name>Saved</name>
            <tWComponentName>ExitPoint</tWComponentName>
            <tWComponentId>3008.ad360e27-a797-49e4-8ece-a0192eb059b6</tWComponentId>
            <isLogEnabled>false</isLogEnabled>
            <isTraceEnabled>false</isTraceEnabled>
            <traceCategory isNull="true" />
            <traceLevel isNull="true" />
            <traceMessage isNull="true" />
            <traceSymbolTable isNull="true" />
            <isExecutionContextTraced>false</isExecutionContextTraced>
            <saveExecutionContext>true</saveExecutionContext>
            <documentation isNull="true" />
            <isErrorHandlerEnabled>false</isErrorHandlerEnabled>
            <errorHandlerItemId isNull="true" />
            <guid>guid:5a54f1704f1c1577:-6b56085f:12370558356:-7f49</guid>
            <versionId>dcd085f5-2d37-4b54-a874-232b9b4bde0d</versionId>
            <layoutData x="577" y="205">
                <errorLink>
                    <controlPoints />
                    <showEndState>false</showEndState>
                    <showName>false</showName>
                </errorLink>
            </layoutData>
            <TWComponent>
                <lastModified isNull="true" />
                <lastModifiedBy isNull="true" />
                <exitPointId>3008.ad360e27-a797-49e4-8ece-a0192eb059b6</exitPointId>
                <haltProcess>false</haltProcess>
                <guid>guid:5a54f1704f1c1577:-6b56085f:12370558356:-7f48</guid>
                <versionId>28fa1b45-4e16-485a-b231-ad4f19d020f1</versionId>
            </TWComponent>
        </item>
        <startingProcessItemId>2025.d2ad4500-c2ce-4dfe-80f9-6d51ca89907f</startingProcessItemId>
        <errorHandlerItemId isNull="true" />
        <layoutData noConversion="true">
            <errorLink>
                <controlPoints />
                <showEndState>false</showEndState>
                <showName>false</showName>
            </errorLink>
        </layoutData>
        <startPoint>
            <layoutData x="19" y="201">
                <errorLink>
                    <controlPoints />
                    <showEndState>false</showEndState>
                    <showName>false</showName>
                </errorLink>
            </layoutData>
        </startPoint>
        <startLink>
            <fromPort locationId="rightCenter" portType="1" />
            <toPort locationId="leftCenter" portType="2" />
            <layoutData>
                <controlPoints />
                <showEndState>false</showEndState>
                <showName>false</showName>
            </layoutData>
        </startLink>
        <link name="Untitled">
            <lastModified isNull="true" />
            <lastModifiedBy isNull="true" />
            <processLinkId>2027.96ac04b6-d4f1-43bd-a009-e020086be77f</processLinkId>
            <processId>1.f19596ff-93b8-4f49-875c-1edec488e96a</processId>
            <description isNull="true" />
            <fromProcessItemId>2025.55de07ff-f462-48ce-acf7-015a464db797</fromProcessItemId>
            <endStateId>Out</endStateId>
            <toProcessItemId>2025.e89de155-ebf5-4035-80cd-b3d7d04b9a69</toProcessItemId>
            <guid>guid:5a54f1704f1c1577:-6b56085f:12370558356:-7f0f</guid>
            <versionId>20d83668-0849-4c03-8bc0-e53efc3b03f7</versionId>
            <layoutData>
                <controlPoints />
                <showEndState>false</showEndState>
                <showName>false</showName>
            </layoutData>
            <fromItemPort locationId="bottomCenter" portType="1" />
            <toItemPort locationId="topCenter" portType="2" />
            <fromProcessItemId>2025.55de07ff-f462-48ce-acf7-015a464db797</fromProcessItemId>
            <toProcessItemId>2025.e89de155-ebf5-4035-80cd-b3d7d04b9a69</toProcessItemId>
        </link>
        <link name="Untitled">
            <lastModified isNull="true" />
            <lastModifiedBy isNull="true" />
            <processLinkId>2027.83213855-7891-4ab0-8155-468fe8617b20</processLinkId>
            <processId>1.f19596ff-93b8-4f49-875c-1edec488e96a</processId>
            <description isNull="true" />
            <fromProcessItemId>2025.e89de155-ebf5-4035-80cd-b3d7d04b9a69</fromProcessItemId>
            <endStateId>guid:5a54f1704f1c1577:-6b56085f:12370558356:-7f2c</endStateId>
            <toProcessItemId>2025.663bef93-998d-4bc3-9cac-c7c197edf6df</toProcessItemId>
            <guid>guid:5a54f1704f1c1577:-6b56085f:12370558356:-7f19</guid>
            <versionId>3bb00131-12f2-430f-945e-a0aae6a4e60d</versionId>
            <layoutData>
                <controlPoints />
                <showEndState>true</showEndState>
                <showName>false</showName>
            </layoutData>
            <fromItemPort locationId="rightCenter" portType="1" />
            <toItemPort locationId="leftCenter" portType="2" />
            <fromProcessItemId>2025.e89de155-ebf5-4035-80cd-b3d7d04b9a69</fromProcessItemId>
            <toProcessItemId>2025.663bef93-998d-4bc3-9cac-c7c197edf6df</toProcessItemId>
        </link>
        <link name="Untitled">
            <lastModified isNull="true" />
            <lastModifiedBy isNull="true" />
            <processLinkId>2027.cf57bb1d-3207-44c3-a924-309e994fb816</processLinkId>
            <processId>1.f19596ff-93b8-4f49-875c-1edec488e96a</processId>
            <description isNull="true" />
            <fromProcessItemId>2025.2601e71d-cff9-4a89-b45e-aa51be9e318b</fromProcessItemId>
            <endStateId>guid:5a54f1704f1c1577:-6b56085f:12370558356:-7f34</endStateId>
            <toProcessItemId>2025.55de07ff-f462-48ce-acf7-015a464db797</toProcessItemId>
            <guid>guid:5a54f1704f1c1577:-6b56085f:12370558356:-7f10</guid>
            <versionId>775ecd06-edf6-44ab-9af6-cee47ea65b60</versionId>
            <layoutData>
                <controlPoints />
                <showEndState>true</showEndState>
                <showName>false</showName>
            </layoutData>
            <fromItemPort locationId="rightCenter" portType="1" />
            <toItemPort locationId="leftCenter" portType="2" />
            <fromProcessItemId>2025.2601e71d-cff9-4a89-b45e-aa51be9e318b</fromProcessItemId>
            <toProcessItemId>2025.55de07ff-f462-48ce-acf7-015a464db797</toProcessItemId>
        </link>
        <link name="No">
            <lastModified isNull="true" />
            <lastModifiedBy isNull="true" />
            <processLinkId>2027.0d98a258-a8a0-4323-8267-1c8ca7f4bfca</processLinkId>
            <processId>1.f19596ff-93b8-4f49-875c-1edec488e96a</processId>
            <description isNull="true" />
            <fromProcessItemId>2025.d2ad4500-c2ce-4dfe-80f9-6d51ca89907f</fromProcessItemId>
            <endStateId>DEFAULT</endStateId>
            <toProcessItemId>2025.e89de155-ebf5-4035-80cd-b3d7d04b9a69</toProcessItemId>
            <guid>guid:5a54f1704f1c1577:-6b56085f:12370558356:-7f26</guid>
            <versionId>9a92c405-366b-488d-8fef-07f82dd85de5</versionId>
            <layoutData>
                <controlPoints />
                <showEndState>false</showEndState>
                <showName>true</showName>
            </layoutData>
            <fromItemPort locationId="rightCenter" portType="1" />
            <toItemPort locationId="leftCenter" portType="2" />
            <fromProcessItemId>2025.d2ad4500-c2ce-4dfe-80f9-6d51ca89907f</fromProcessItemId>
            <toProcessItemId>2025.e89de155-ebf5-4035-80cd-b3d7d04b9a69</toProcessItemId>
        </link>
        <link name="Yes">
            <lastModified isNull="true" />
            <lastModifiedBy isNull="true" />
            <processLinkId>2027.c9e63e0c-078e-4642-a87d-28dc152b76bc</processLinkId>
            <processId>1.f19596ff-93b8-4f49-875c-1edec488e96a</processId>
            <description isNull="true" />
            <fromProcessItemId>2025.d2ad4500-c2ce-4dfe-80f9-6d51ca89907f</fromProcessItemId>
            <endStateId>guid:5a54f1704f1c1577:-6b56085f:12370558356:-7f27</endStateId>
            <toProcessItemId>2025.2601e71d-cff9-4a89-b45e-aa51be9e318b</toProcessItemId>
            <guid>guid:5a54f1704f1c1577:-6b56085f:12370558356:-7f29</guid>
            <versionId>a2c622de-19ca-41e1-b688-535339b5521d</versionId>
            <layoutData>
                <controlPoints />
                <showEndState>false</showEndState>
                <showName>true</showName>
            </layoutData>
            <fromItemPort locationId="topCenter" portType="1" />
            <toItemPort locationId="bottomCenter" portType="2" />
            <fromProcessItemId>2025.d2ad4500-c2ce-4dfe-80f9-6d51ca89907f</fromProcessItemId>
            <toProcessItemId>2025.2601e71d-cff9-4a89-b45e-aa51be9e318b</toProcessItemId>
        </link>
        <link name="Untitled">
            <lastModified isNull="true" />
            <lastModifiedBy isNull="true" />
            <processLinkId>2027.5b2bea0f-cb6e-4572-9d6a-f9b408e2d143</processLinkId>
            <processId>1.f19596ff-93b8-4f49-875c-1edec488e96a</processId>
            <description isNull="true" />
            <fromProcessItemId>2025.663bef93-998d-4bc3-9cac-c7c197edf6df</fromProcessItemId>
            <endStateId>guid:5a54f1704f1c1577:-6b56085f:12370558356:-7f82</endStateId>
            <toProcessItemId>2025.8d5e65dd-3c73-4c6a-aa0a-00923e43dcc4</toProcessItemId>
            <guid>guid:5a54f1704f1c1577:-6b56085f:12370558356:-7f16</guid>
            <versionId>a39b7d15-e010-4023-918f-43e6814bef58</versionId>
            <layoutData>
                <controlPoints />
                <showEndState>false</showEndState>
                <showName>false</showName>
            </layoutData>
            <fromItemPort locationId="rightCenter" portType="1" />
            <toItemPort locationId="leftCenter" portType="2" />
            <fromProcessItemId>2025.663bef93-998d-4bc3-9cac-c7c197edf6df</fromProcessItemId>
            <toProcessItemId>2025.8d5e65dd-3c73-4c6a-aa0a-00923e43dcc4</toProcessItemId>
        </link>
        <link name="Untitled">
            <lastModified isNull="true" />
            <lastModifiedBy isNull="true" />
            <processLinkId>2027.7807954b-72bc-4baf-81ac-fcf48bfe66d8</processLinkId>
            <processId>1.f19596ff-93b8-4f49-875c-1edec488e96a</processId>
            <description isNull="true" />
            <fromProcessItemId>2025.e89de155-ebf5-4035-80cd-b3d7d04b9a69</fromProcessItemId>
            <endStateId>guid:5a54f1704f1c1577:-6b56085f:12370558356:-7f2a</endStateId>
            <toProcessItemId>2025.32bb6553-b51a-4780-8c02-f17cd94fc627</toProcessItemId>
            <guid>guid:5a54f1704f1c1577:-6b56085f:12370558356:-7f18</guid>
            <versionId>e5023d93-844b-4610-bdb1-c4518465fbff</versionId>
            <layoutData>
                <controlPoints />
                <showEndState>true</showEndState>
                <showName>false</showName>
            </layoutData>
            <fromItemPort locationId="bottomCenter" portType="1" />
            <toItemPort locationId="leftCenter" portType="2" />
            <fromProcessItemId>2025.e89de155-ebf5-4035-80cd-b3d7d04b9a69</fromProcessItemId>
            <toProcessItemId>2025.32bb6553-b51a-4780-8c02-f17cd94fc627</toProcessItemId>
        </link>
        <link name="Untitled">
            <lastModified isNull="true" />
            <lastModifiedBy isNull="true" />
            <processLinkId>2027.2ef0202b-4de1-4bd0-b0bf-81e901db9592</processLinkId>
            <processId>1.f19596ff-93b8-4f49-875c-1edec488e96a</processId>
            <description isNull="true" />
            <fromProcessItemId>2025.2601e71d-cff9-4a89-b45e-aa51be9e318b</fromProcessItemId>
            <endStateId>guid:5a54f1704f1c1577:-6b56085f:12370558356:-7f36</endStateId>
            <toProcessItemId>2025.663bef93-998d-4bc3-9cac-c7c197edf6df</toProcessItemId>
            <guid>guid:5a54f1704f1c1577:-6b56085f:12370558356:-7f11</guid>
            <versionId>effc5bfc-a718-42bc-979e-cf9ea195d167</versionId>
            <layoutData>
                <controlPoints />
                <showEndState>true</showEndState>
                <showName>false</showName>
            </layoutData>
            <fromItemPort locationId="topCenter" portType="1" />
            <toItemPort locationId="topCenter" portType="2" />
            <fromProcessItemId>2025.2601e71d-cff9-4a89-b45e-aa51be9e318b</fromProcessItemId>
            <toProcessItemId>2025.663bef93-998d-4bc3-9cac-c7c197edf6df</toProcessItemId>
        </link>
    </process>
</teamworks>

