<?xml version="1.0" encoding="UTF-8"?>
<teamworks>
    <process id="1.f19596ff-93b8-4f49-875c-1edec488e96a" name="lsw Save Conditional Activity Template Coach">
        <lastModified>1361412273512</lastModified>
        <lastModifiedBy>Internal TW Admin user</lastModifiedBy>
        <processId>1.f19596ff-93b8-4f49-875c-1edec488e96a</processId>
        <image isNull="true" />
        <tabGroup isNull="true" />
        <startingProcessItemId>2025.d2ad4500-c2ce-4dfe-80f9-6d51ca89907f</startingProcessItemId>
        <isRootProcess>false</isRootProcess>
        <processType>3</processType>
        <isErrorHandlerEnabled>false</isErrorHandlerEnabled>
        <errorHandlerItemId isNull="true" />
        <isLoggingVariables>false</isLoggingVariables>
        <isTransactional>false</isTransactional>
        <processTimingLevel isNull="true" />
        <participantRef isNull="true" />
        <exposedType isNull="true" />
        <isTrackingEnabled>true</isTrackingEnabled>
        <xmlData isNull="true" />
        <cachingType>false</cachingType>
        <itemLabel isNull="true" />
        <cacheLength>43200</cacheLength>
        <mobileReady>false</mobileReady>
        <sboSyncEnabled>true</sboSyncEnabled>
        <externalId isNull="true" />
        <isSecured>false</isSecured>
        <description isNull="true" />
        <guid>guid:5a54f1704f1c1577:-6b56085f:12370558356:-7f4b</guid>
        <versionId>8e8c8fa1-8df1-458d-bdf8-0edefc09c7b9</versionId>
        <dependencySummary isNull="true" />
        <processParameter name="templateID">
            <lastModified isNull="true" />
            <lastModifiedBy isNull="true" />
            <processParameterId>2055.3a4c317f-68ba-41d3-a1c9-0700892d0d24</processParameterId>
            <processId>1.f19596ff-93b8-4f49-875c-1edec488e96a</processId>
            <parameterType>1</parameterType>
            <isArrayOf>false</isArrayOf>
            <classId>/12.db884a3c-c533-44b7-bb2d-47bec8ad4022</classId>
            <seq>1</seq>
            <hasDefault>false</hasDefault>
            <defaultValue isNull="true" />
            <isLocked>false</isLocked>
            <description isNull="true" />
            <guid>guid:5a54f1704f1c1577:-6b56085f:12370558356:-7f47</guid>
            <versionId>a305f467-16ab-4e1c-9845-0f477fa10a9c</versionId>
        </processParameter>
        <processParameter name="templateName">
            <lastModified isNull="true" />
            <lastModifiedBy isNull="true" />
            <processParameterId>2055.c5a947e3-255c-48b0-bc62-8b6e4887727d</processParameterId>
            <processId>1.f19596ff-93b8-4f49-875c-1edec488e96a</processId>
            <parameterType>1</parameterType>
            <isArrayOf>false</isArrayOf>
            <classId>/12.db884a3c-c533-44b7-bb2d-47bec8ad4022</classId>
            <seq>2</seq>
            <hasDefault>false</hasDefault>
            <defaultValue isNull="true" />
            <isLocked>false</isLocked>
            <description isNull="true" />
            <guid>guid:5a54f1704f1c1577:-6b56085f:12370558356:-7f46</guid>
            <versionId>2e3389c2-48a7-4077-aba8-bdf577555a3a</versionId>
        </processParameter>
        <processParameter name="bpdGUID">
            <lastModified isNull="true" />
            <lastModifiedBy isNull="true" />
            <processParameterId>2055.7acbd8d2-9d83-4791-8ad8-78e1b394d9be</processParameterId>
            <processId>1.f19596ff-93b8-4f49-875c-1edec488e96a</processId>
            <parameterType>1</parameterType>
            <isArrayOf>false</isArrayOf>
            <classId>/12.db884a3c-c533-44b7-bb2d-47bec8ad4022</classId>
            <seq>3</seq>
            <hasDefault>false</hasDefault>
            <defaultValue isNull="true" />
            <isLocked>false</isLocked>
            <description isNull="true" />
            <guid>guid:5a54f1704f1c1577:-6b56085f:12370558356:-7f45</guid>
            <versionId>82fc6efd-4f68-4ecc-bb99-a67571e68a5b</versionId>
        </processParameter>
        <processParameter name="selectedConditionalActivities">
            <lastModified isNull="true" />
            <lastModifiedBy isNull="true" />
            <processParameterId>2055.72e1a622-756a-4092-bed2-e61da437e51a</processParameterId>
            <processId>1.f19596ff-93b8-4f49-875c-1edec488e96a</processId>
            <parameterType>1</parameterType>
            <isArrayOf>true</isArrayOf>
            <classId>/12.db884a3c-c533-44b7-bb2d-47bec8ad4022</classId>
            <seq>4</seq>
            <hasDefault>false</hasDefault>
            <defaultValue isNull="true" />
            <isLocked>false</isLocked>
            <description isNull="true" />
            <guid>guid:5a54f1704f1c1577:-6b56085f:12370558356:-7f44</guid>
            <versionId>007f0e6a-2855-46b0-905f-1fb60583b541</versionId>
        </processParameter>
        <processParameter name="readonly">
            <lastModified isNull="true" />
            <lastModifiedBy isNull="true" />
            <processParameterId>2055.20d55c27-521f-4c57-b082-f0e2abcadba1</processParameterId>
            <processId>1.f19596ff-93b8-4f49-875c-1edec488e96a</processId>
            <parameterType>1</parameterType>
            <isArrayOf>false</isArrayOf>
            <classId>/12.83ff975e-8dbc-42e5-b738-fa8bc08274a2</classId>
            <seq>5</seq>
            <hasDefault>true</hasDefault>
            <defaultValue>false</defaultValue>
            <isLocked>false</isLocked>
            <description isNull="true" />
            <guid>guid:5a54f1704f1c1577:-6b56085f:12370558356:-7f43</guid>
            <versionId>d9382a03-e43d-45c6-bc97-fb26d7169fd8</versionId>
        </processParameter>
        <processParameter name="templateID">
            <lastModified isNull="true" />
            <lastModifiedBy isNull="true" />
            <processParameterId>2055.52c05d42-68fb-49cb-ad65-9e30edf8c6e6</processParameterId>
            <processId>1.f19596ff-93b8-4f49-875c-1edec488e96a</processId>
            <parameterType>2</parameterType>
            <isArrayOf>false</isArrayOf>
            <classId>/12.db884a3c-c533-44b7-bb2d-47bec8ad4022</classId>
            <seq>6</seq>
            <hasDefault>false</hasDefault>
            <defaultValue isNull="true" />
            <isLocked>false</isLocked>
            <description isNull="true" />
            <guid>guid:5a54f1704f1c1577:-6b56085f:12370558356:-7f42</guid>
            <versionId>0e6bc14f-8a81-4de1-9d6b-e4ae7f38d0ef</versionId>
        </processParameter>
        <item>
            <lastModified isNull="true" />
            <lastModifiedBy isNull="true" />
            <processItemId>2025.e89de155-ebf5-4035-80cd-b3d7d04b9a69</processItemId>
            <processId>1.f19596ff-93b8-4f49-875c-1edec488e96a</processId>
            <name>Template Name</name>
            <tWComponentName>Coach</tWComponentName>
            <tWComponentId>3003.6821bd6e-3e14-4f60-b355-3b1a8ab0ffe0</tWComponentId>
            <isLogEnabled>false</isLogEnabled>
            <isTraceEnabled>false</isTraceEnabled>
            <traceCategory isNull="true" />
            <traceLevel isNull="true" />
            <traceMessage isNull="true" />
            <traceSymbolTable isNull="true" />
            <isExecutionContextTraced>false</isExecutionContextTraced>
            <saveExecutionContext>true</saveExecutionContext>
            <documentation isNull="true" />
            <isErrorHandlerEnabled>false</isErrorHandlerEnabled>
            <errorHandlerItemId isNull="true" />
            <guid>guid:5a54f1704f1c1577:-6b56085f:12370558356:-7f30</guid>
            <versionId>0dee2964-5188-471a-b57a-11f9a4dff134</versionId>
            <layoutData x="286" y="192">
                <errorLink>
                    <controlPoints />
                    <showEndState>false</showEndState>
                    <showName>false</showName>
                </errorLink>
            </layoutData>
            <TWComponent>
                <lastModified isNull="true" />
                <lastModifiedBy isNull="true" />
                <coachId>3003.6821bd6e-3e14-4f60-b355-3b1a8ab0ffe0</coachId>
                <title>Untitled2</title>
                <layoutRef>/20.fa3fc599-a72a-4a82-8f14-6bba1565444a</layoutRef>
                <layoutData isNull="true" />
                <xslRef isNull="true" />
                <guid>guid:5a54f1704f1c1577:-6b56085f:12370558356:-7f31</guid>
                <versionId>5e1433b5-d424-41b4-8af0-c33418bddee3</versionId>
                <CoachResources>
                    <lastModified isNull="true" />
                    <lastModifiedBy isNull="true" />
                    <coachResourceId>3004.de2dbcb2-b28f-4c52-8f6f-a262aec67f59</coachResourceId>
                    <coachId>3003.6821bd6e-3e14-4f60-b355-3b1a8ab0ffe0</coachId>
                    <virtualName>CoachDesignerXML</virtualName>
                    <type>text/HTML</type>
                    <resourceData>&lt;tw:Form xmlns:tw="http://lombardisoftware.com/schema/coachdesigner" xmlns:xsi="http://www.w3.org/2001/XMLSchema-instance" xsi:schemaLocation="http://lombardisoftware.com/schema/forms Form.xsd"&gt;
  &lt;tw:FormTitle&gt;Save Template&lt;/tw:FormTitle&gt;
  &lt;tw:Layout tw:id="section" tw:styleClass=""&gt;
    &lt;tw:Section tw:columns="1"&gt;
      &lt;tw:SectionTitle tw:id="sectionTitle" tw:visible="false"&gt;Section Title&lt;/tw:SectionTitle&gt;
      &lt;tw:SectionHeading tw:id="sectionHeading" tw:visible="false"&gt;Section Heading&lt;/tw:SectionHeading&gt;
      &lt;tw:Row tw:rows="2"&gt;
        &lt;tw:Column&gt;
          &lt;tw:Control tw:col="1" tw:colspan="1" tw:id="InputText0" tw:row="1" tw:rowspan="1"&gt;
            &lt;tw:Documentation&gt;Text as Input Text control with just one line.&lt;/tw:Documentation&gt;
            &lt;tw:PaletteIcon&gt;coachdesigner16/text_obj.gif&lt;/tw:PaletteIcon&gt;
            &lt;tw:InputText tw:binding="tw.local.templateName"&gt;
              &lt;tw:Label tw:visible="true"&gt;Template Name:&lt;/tw:Label&gt;
            &lt;/tw:InputText&gt;
          &lt;/tw:Control&gt;
          &lt;tw:Control tw:col="1" tw:colspan="1" tw:id="ButtonGroup0" tw:row="2" tw:rowspan="1"&gt;
            &lt;tw:Documentation&gt;A ButtonGroup containing one Button.&lt;/tw:Documentation&gt;
            &lt;tw:PaletteIcon&gt;coachdesigner16/button_obj.gif&lt;/tw:PaletteIcon&gt;
            &lt;tw:ButtonGroup&gt;
              &lt;tw:Label tw:visible="false"&gt;A Button:&lt;/tw:Label&gt;
              &lt;tw:Button tw:decisionPoint="true" tw:id="Button0"&gt;
                &lt;tw:Label&gt;Save&lt;/tw:Label&gt;
                &lt;tw:EventHandler tw:event="onClick" /&gt;
              &lt;/tw:Button&gt;
              &lt;tw:Button tw:decisionPoint="true" tw:id="Button1" tw:isCancel="true"&gt;
                &lt;tw:Label&gt;Cancel&lt;/tw:Label&gt;
              &lt;/tw:Button&gt;
            &lt;/tw:ButtonGroup&gt;
          &lt;/tw:Control&gt;
        &lt;/tw:Column&gt;
      &lt;/tw:Row&gt;
    &lt;/tw:Section&gt;
  &lt;/tw:Layout&gt;
&lt;/tw:Form&gt;

</resourceData>
                    <guid>guid:5a54f1704f1c1577:-6b56085f:12370558356:-7f2e</guid>
                    <versionId>50fddde7-4c37-4536-bc43-bb1a986e33ee</versionId>
                </CoachResources>
                <CoachButtons>
                    <lastModified isNull="true" />
                    <lastModifiedBy isNull="true" />
                    <coachButtonId>3005.c4cb0adc-0889-4796-ac7a-53ecdaa1012a</coachButtonId>
                    <coachId>3003.6821bd6e-3e14-4f60-b355-3b1a8ab0ffe0</coachId>
                    <seq>1</seq>
                    <endStateId>guid:5a54f1704f1c1577:-6b56085f:12370558356:-7f2c</endStateId>
                    <isSpecial>false</isSpecial>
                    <isDisplayed>true</isDisplayed>
                    <buttonLabel>Save</buttonLabel>
                    <buttonHint>ButtonGroup0_Button0</buttonHint>
                    <buttonText isNull="true" />
                    <isCheckBoxVisible>false</isCheckBoxVisible>
                    <isUncheckAllowed>false</isUncheckAllowed>
                    <metaData>CoachDesignerButtonId:ButtonGroup0_Button0;CoachDesignerIsCancel:false</metaData>
                    <buttonExpression>ButtonGroup0_Button0</buttonExpression>
                    <guid>c45d052c-81a7-4c71-864a-ff6e05b25d60</guid>
                    <versionId>a86d1a22-da09-495b-a2be-766102b80ca3</versionId>
                </CoachButtons>
                <CoachButtons>
                    <lastModified isNull="true" />
                    <lastModifiedBy isNull="true" />
                    <coachButtonId>3005.0b4de44a-7453-442b-975d-3afa8947ff6f</coachButtonId>
                    <coachId>3003.6821bd6e-3e14-4f60-b355-3b1a8ab0ffe0</coachId>
                    <seq>2</seq>
                    <endStateId>guid:5a54f1704f1c1577:-6b56085f:12370558356:-7f2a</endStateId>
                    <isSpecial>false</isSpecial>
                    <isDisplayed>true</isDisplayed>
                    <buttonLabel>Cancel</buttonLabel>
                    <buttonHint>ButtonGroup0_Button1</buttonHint>
                    <buttonText isNull="true" />
                    <isCheckBoxVisible>false</isCheckBoxVisible>
                    <isUncheckAllowed>false</isUncheckAllowed>
                    <metaData>CoachDesignerButtonId:ButtonGroup0_Button1;CoachDesignerIsCancel:true</metaData>
                    <buttonExpression>ButtonGroup0_Button1</buttonExpression>
                    <guid>fb1c2528-20e4-4197-bae8-879a77cd6157</guid>
                    <versionId>e6893ac7-305a-48bb-b9cc-afafc055408d</versionId>
                </CoachButtons>
            </TWComponent>
        </item>
        <item>
            <lastModified isNull="true" />
            <lastModifiedBy isNull="true" />
            <processItemId>2025.8d5e65dd-3c73-4c6a-aa0a-00923e43dcc4</processItemId>
            <processId>1.f19596ff-93b8-4f49-875c-1edec488e96a</processId>
            <name>Saved</name>
            <tWComponentName>ExitPoint</tWComponentName>
            <tWComponentId>3008.fd3ad012-b172-4d9b-8797-1fe04c185041</tWComponentId>
            <isLogEnabled>false</isLogEnabled>
            <isTraceEnabled>false</isTraceEnabled>
            <traceCategory isNull="true" />
            <traceLevel isNull="true" />
            <traceMessage isNull="true" />
            <traceSymbolTable isNull="true" />
            <isExecutionContextTraced>false</isExecutionContextTraced>
            <saveExecutionContext>true</saveExecutionContext>
            <documentation isNull="true" />
            <isErrorHandlerEnabled>false</isErrorHandlerEnabled>
            <errorHandlerItemId isNull="true" />
            <guid>guid:5a54f1704f1c1577:-6b56085f:12370558356:-7f49</guid>
            <versionId>5151fe6b-356d-4c8a-822e-9adb01ee70d6</versionId>
            <layoutData x="577" y="205">
                <errorLink>
                    <controlPoints />
                    <showEndState>false</showEndState>
                    <showName>false</showName>
                </errorLink>
            </layoutData>
            <TWComponent>
                <lastModified isNull="true" />
                <lastModifiedBy isNull="true" />
                <exitPointId>3008.fd3ad012-b172-4d9b-8797-1fe04c185041</exitPointId>
                <haltProcess>false</haltProcess>
                <guid>guid:5a54f1704f1c1577:-6b56085f:12370558356:-7f48</guid>
                <versionId>2dc4e10a-2b72-4435-b294-bad0856a7bbf</versionId>
            </TWComponent>
        </item>
        <item>
            <lastModified isNull="true" />
            <lastModifiedBy isNull="true" />
            <processItemId>2025.d2ad4500-c2ce-4dfe-80f9-6d51ca89907f</processItemId>
            <processId>1.f19596ff-93b8-4f49-875c-1edec488e96a</processId>
            <name>Template Selected?</name>
            <tWComponentName>Switch</tWComponentName>
            <tWComponentId>3013.4ce5ac34-0bb8-4fe5-a9ea-83067b03fd76</tWComponentId>
            <isLogEnabled>false</isLogEnabled>
            <isTraceEnabled>false</isTraceEnabled>
            <traceCategory isNull="true" />
            <traceLevel isNull="true" />
            <traceMessage isNull="true" />
            <traceSymbolTable isNull="true" />
            <isExecutionContextTraced>false</isExecutionContextTraced>
            <saveExecutionContext>false</saveExecutionContext>
            <documentation isNull="true" />
            <isErrorHandlerEnabled>false</isErrorHandlerEnabled>
            <errorHandlerItemId isNull="true" />
            <guid>guid:5a54f1704f1c1577:-6b56085f:12370558356:-7f3e</guid>
            <versionId>5deafe06-5d10-408c-9d3f-9fea9dcb671a</versionId>
            <layoutData x="136" y="201">
                <errorLink>
                    <controlPoints />
                    <showEndState>false</showEndState>
                    <showName>false</showName>
                </errorLink>
            </layoutData>
            <TWComponent>
                <lastModified isNull="true" />
                <lastModifiedBy isNull="true" />
                <switchId>3013.4ce5ac34-0bb8-4fe5-a9ea-83067b03fd76</switchId>
                <guid>guid:5a54f1704f1c1577:-6b56085f:12370558356:-7f3f</guid>
                <versionId>be6dfb8a-b45a-4632-8415-6c3b2758f35d</versionId>
                <SwitchCondition>
                    <lastModified isNull="true" />
                    <lastModifiedBy isNull="true" />
                    <switchConditionId>3014.1876b2d7-888d-4931-b501-68c999e2a474</switchConditionId>
                    <switchId>3013.4ce5ac34-0bb8-4fe5-a9ea-83067b03fd76</switchId>
                    <seq>1</seq>
                    <endStateId>guid:5a54f1704f1c1577:-6b56085f:12370558356:-7f27</endStateId>
                    <condition>tw.local.templateID != null &amp;&amp; tw.local.templateID.length &gt; 0</condition>
                    <guid>guid:5a54f1704f1c1577:-6b56085f:12370558356:-7f28</guid>
                    <versionId>bf54d6cc-492f-4b49-b52c-81cbcabbb314</versionId>
                </SwitchCondition>
            </TWComponent>
        </item>
        <item>
            <lastModified isNull="true" />
            <lastModifiedBy isNull="true" />
            <processItemId>2025.663bef93-998d-4bc3-9cac-c7c197edf6df</processItemId>
            <processId>1.f19596ff-93b8-4f49-875c-1edec488e96a</processId>
            <name>Save Template</name>
            <tWComponentName>SubProcess</tWComponentName>
            <tWComponentId>3012.02c5a53b-829a-48f9-9a84-53098dd321d0</tWComponentId>
            <isLogEnabled>false</isLogEnabled>
            <isTraceEnabled>false</isTraceEnabled>
            <traceCategory isNull="true" />
            <traceLevel isNull="true" />
            <traceMessage isNull="true" />
            <traceSymbolTable isNull="true" />
            <isExecutionContextTraced>false</isExecutionContextTraced>
            <saveExecutionContext>false</saveExecutionContext>
            <documentation isNull="true" />
            <isErrorHandlerEnabled>false</isErrorHandlerEnabled>
            <errorHandlerItemId isNull="true" />
            <guid>guid:5a54f1704f1c1577:-6b56085f:12370558356:-7f20</guid>
            <versionId>90faaf1c-12c1-4f53-9b26-c7922ee8dff4</versionId>
            <layoutData x="459" y="193">
                <errorLink>
                    <controlPoints />
                    <showEndState>false</showEndState>
                    <showName>false</showName>
                </errorLink>
            </layoutData>
            <TWComponent>
                <lastModified isNull="true" />
                <lastModifiedBy isNull="true" />
                <subProcessId>3012.02c5a53b-829a-48f9-9a84-53098dd321d0</subProcessId>
                <attachedProcessRef>/1.36841ef6-754a-43cd-8da8-73429737a99d</attachedProcessRef>
                <guid>guid:5a54f1704f1c1577:-6b56085f:12370558356:-7f1f</guid>
                <versionId>180286e7-988a-498b-b0be-73bd3cb302c1</versionId>
                <parameterMapping name="templateID">
                    <lastModified isNull="true" />
                    <lastModifiedBy isNull="true" />
                    <parameterMappingId>2054.7f9cca5b-47d5-4e43-bf7b-a9bdb6f57b21</parameterMappingId>
                    <processParameterId>2055.65430e7d-2164-4c1d-bc82-6f62f25ce6ab</processParameterId>
                    <parameterMappingParentId>3012.02c5a53b-829a-48f9-9a84-53098dd321d0</parameterMappingParentId>
                    <useDefault>false</useDefault>
                    <value>tw.local.templateID</value>
                    <classRef>/12.db884a3c-c533-44b7-bb2d-47bec8ad4022</classRef>
                    <isList>false</isList>
                    <isInput>false</isInput>
                    <guid>guid:5a54f1704f1c1577:-6b56085f:12370558356:-7f1a</guid>
                    <versionId>07435c10-4154-45bd-961e-2b2bd1125727</versionId>
                    <description isNull="true" />
                </parameterMapping>
                <parameterMapping name="bpdGUID">
                    <lastModified isNull="true" />
                    <lastModifiedBy isNull="true" />
                    <parameterMappingId>2054.7d905841-0c96-4b09-8784-6051698d2369</parameterMappingId>
                    <processParameterId>2055.0c8b09c0-2b28-49e1-be8d-b178ded2be09</processParameterId>
                    <parameterMappingParentId>3012.02c5a53b-829a-48f9-9a84-53098dd321d0</parameterMappingParentId>
                    <useDefault>false</useDefault>
                    <value>tw.local.bpdGUID</value>
                    <classRef>/12.db884a3c-c533-44b7-bb2d-47bec8ad4022</classRef>
                    <isList>false</isList>
                    <isInput>true</isInput>
                    <guid>guid:5a54f1704f1c1577:-6b56085f:12370558356:-7f1c</guid>
                    <versionId>0da0d651-a5ab-4fc0-8bea-bf0b00065104</versionId>
                    <description isNull="true" />
                </parameterMapping>
                <parameterMapping name="templateID">
                    <lastModified isNull="true" />
                    <lastModifiedBy isNull="true" />
                    <parameterMappingId>2054.391cf5dc-9a19-4d67-a20e-362c2709533c</parameterMappingId>
                    <processParameterId>2055.c96fa454-3b43-450b-8668-34e3263238e0</processParameterId>
                    <parameterMappingParentId>3012.02c5a53b-829a-48f9-9a84-53098dd321d0</parameterMappingParentId>
                    <useDefault>false</useDefault>
                    <value>tw.local.templateID</value>
                    <classRef>/12.db884a3c-c533-44b7-bb2d-47bec8ad4022</classRef>
                    <isList>false</isList>
                    <isInput>true</isInput>
                    <guid>guid:5a54f1704f1c1577:-6b56085f:12370558356:-7f1e</guid>
                    <versionId>1714ef15-df1d-4f49-b030-54b2d0c6c373</versionId>
                    <description isNull="true" />
                </parameterMapping>
                <parameterMapping name="selectedConditionalActivities">
                    <lastModified isNull="true" />
                    <lastModifiedBy isNull="true" />
                    <parameterMappingId>2054.4c0fc049-330c-453a-b339-5cefef8c873c</parameterMappingId>
                    <processParameterId>2055.01d29e81-2b95-4725-96e6-f211606652b1</processParameterId>
                    <parameterMappingParentId>3012.02c5a53b-829a-48f9-9a84-53098dd321d0</parameterMappingParentId>
                    <useDefault>false</useDefault>
                    <value>tw.local.selectedConditionalActivities</value>
                    <classRef>/12.db884a3c-c533-44b7-bb2d-47bec8ad4022</classRef>
                    <isList>true</isList>
                    <isInput>true</isInput>
                    <guid>guid:5a54f1704f1c1577:-6b56085f:12370558356:-7f1b</guid>
                    <versionId>6113b5bf-1669-4da0-b49f-c175af2c9008</versionId>
                    <description isNull="true" />
                </parameterMapping>
                <parameterMapping name="templateName">
                    <lastModified isNull="true" />
                    <lastModifiedBy isNull="true" />
                    <parameterMappingId>2054.6bf7e12b-9e8d-41c8-b7a9-9864f89b030e</parameterMappingId>
                    <processParameterId>2055.4a53e946-34d3-48f3-976d-656822584aef</processParameterId>
                    <parameterMappingParentId>3012.02c5a53b-829a-48f9-9a84-53098dd321d0</parameterMappingParentId>
                    <useDefault>false</useDefault>
                    <value>tw.local.templateName</value>
                    <classRef>/12.db884a3c-c533-44b7-bb2d-47bec8ad4022</classRef>
                    <isList>false</isList>
                    <isInput>true</isInput>
                    <guid>guid:5a54f1704f1c1577:-6b56085f:12370558356:-7f1d</guid>
                    <versionId>910ff200-3a05-43a2-926a-4c5af04b23ca</versionId>
                    <description isNull="true" />
                </parameterMapping>
            </TWComponent>
        </item>
        <item>
            <lastModified isNull="true" />
            <lastModifiedBy isNull="true" />
            <processItemId>2025.55de07ff-f462-48ce-acf7-015a464db797</processItemId>
            <processId>1.f19596ff-93b8-4f49-875c-1edec488e96a</processId>
            <name>Reset Template ID and Name</name>
            <tWComponentName>Script</tWComponentName>
            <tWComponentId>3011.65ed5e76-595a-41f7-9b51-440c9f8eb091</tWComponentId>
            <isLogEnabled>false</isLogEnabled>
            <isTraceEnabled>false</isTraceEnabled>
            <traceCategory isNull="true" />
            <traceLevel isNull="true" />
            <traceMessage isNull="true" />
            <traceSymbolTable isNull="true" />
            <isExecutionContextTraced>false</isExecutionContextTraced>
            <saveExecutionContext>false</saveExecutionContext>
            <documentation isNull="true" />
            <isErrorHandlerEnabled>false</isErrorHandlerEnabled>
            <errorHandlerItemId isNull="true" />
            <guid>guid:5a54f1704f1c1577:-6b56085f:12370558356:-7f12</guid>
            <versionId>ae5868ed-3bfb-491d-81af-0bd63fe8e892</versionId>
            <layoutData x="284" y="74">
                <errorLink>
                    <controlPoints />
                    <showEndState>false</showEndState>
                    <showName>false</showName>
                </errorLink>
            </layoutData>
            <TWComponent>
                <lastModified isNull="true" />
                <lastModifiedBy isNull="true" />
                <scriptId>3011.65ed5e76-595a-41f7-9b51-440c9f8eb091</scriptId>
                <scriptTypeId>2</scriptTypeId>
                <isActive>true</isActive>
                <script>tw.local.templateID = null;
tw.local.templateName += " Copy";</script>
                <isRule>false</isRule>
                <guid>guid:5a54f1704f1c1577:-6b56085f:12370558356:-7f13</guid>
                <versionId>c03b901b-9c45-4669-9ba9-08d57cf6d7ef</versionId>
            </TWComponent>
        </item>
        <item>
            <lastModified isNull="true" />
            <lastModifiedBy isNull="true" />
            <processItemId>2025.2601e71d-cff9-4a89-b45e-aa51be9e318b</processItemId>
            <processId>1.f19596ff-93b8-4f49-875c-1edec488e96a</processId>
            <name>Update Template?</name>
            <tWComponentName>Coach</tWComponentName>
            <tWComponentId>3003.d9377c58-28cd-4479-9683-18b949dea9db</tWComponentId>
            <isLogEnabled>false</isLogEnabled>
            <isTraceEnabled>false</isTraceEnabled>
            <traceCategory isNull="true" />
            <traceLevel isNull="true" />
            <traceMessage isNull="true" />
            <traceSymbolTable isNull="true" />
            <isExecutionContextTraced>false</isExecutionContextTraced>
            <saveExecutionContext>true</saveExecutionContext>
            <documentation isNull="true" />
            <isErrorHandlerEnabled>false</isErrorHandlerEnabled>
            <errorHandlerItemId isNull="true" />
            <guid>guid:5a54f1704f1c1577:-6b56085f:12370558356:-7f3a</guid>
            <versionId>f0c43a09-cbad-41d1-9a9e-acff5d8d8689</versionId>
            <layoutData x="130" y="76">
                <errorLink>
                    <controlPoints />
                    <showEndState>false</showEndState>
                    <showName>false</showName>
                </errorLink>
            </layoutData>
            <TWComponent>
                <lastModified isNull="true" />
                <lastModifiedBy isNull="true" />
                <coachId>3003.d9377c58-28cd-4479-9683-18b949dea9db</coachId>
                <title>Untitled1</title>
                <layoutRef>/20.fa3fc599-a72a-4a82-8f14-6bba1565444a</layoutRef>
                <layoutData isNull="true" />
                <xslRef isNull="true" />
                <guid>guid:5a54f1704f1c1577:-6b56085f:12370558356:-7f3b</guid>
                <versionId>b32b9c94-b382-4ad7-95ea-1fc9de49fb8f</versionId>
                <CoachResources>
                    <lastModified isNull="true" />
                    <lastModifiedBy isNull="true" />
                    <coachResourceId>3004.9c2c22b2-3e8c-4cb7-880a-020e56b64ff8</coachResourceId>
                    <coachId>3003.d9377c58-28cd-4479-9683-18b949dea9db</coachId>
                    <virtualName>CoachDesignerXML</virtualName>
                    <type>text/HTML</type>
                    <resourceData>&lt;tw:Form xmlns:tw="http://lombardisoftware.com/schema/coachdesigner" xmlns:xsi="http://www.w3.org/2001/XMLSchema-instance" xsi:schemaLocation="http://lombardisoftware.com/schema/forms Form.xsd"&gt;
  &lt;tw:FormTitle&gt;Confirm Template Update&lt;/tw:FormTitle&gt;
  &lt;tw:Layout tw:id="section" tw:styleClass=""&gt;
    &lt;tw:Section tw:columns="1"&gt;
      &lt;tw:SectionTitle tw:id="sectionTitle" tw:visible="false"&gt;Section Title&lt;/tw:SectionTitle&gt;
      &lt;tw:SectionHeading tw:id="sectionHeading" tw:visible="false"&gt;Section Heading&lt;/tw:SectionHeading&gt;
      &lt;tw:Row tw:rows="2"&gt;
        &lt;tw:Column&gt;
          &lt;tw:Control tw:col="1" tw:colspan="1" tw:id="CustomHTML0" tw:row="1" tw:rowspan="1"&gt;
            &lt;tw:Documentation&gt;A block of HTML, possibly with embedded server side JavaScript surrounded by &amp;lt;#= and &amp;gt;, that is placed in the generated form.&lt;/tw:Documentation&gt;
            &lt;tw:PaletteIcon&gt;coachdesigner16/customhtml.gif&lt;/tw:PaletteIcon&gt;
            &lt;tw:LabeledCustomHTML&gt;
              &lt;tw:Content&gt;Are you sure you want to replace the template &amp;lt;#=tw.local.templateName#&amp;gt;?&lt;/tw:Content&gt;
            &lt;/tw:LabeledCustomHTML&gt;
          &lt;/tw:Control&gt;
          &lt;tw:Control tw:col="1" tw:colspan="1" tw:id="ButtonGroup0" tw:row="2" tw:rowspan="1"&gt;
            &lt;tw:Documentation&gt;A ButtonGroup containing one Button.&lt;/tw:Documentation&gt;
            &lt;tw:PaletteIcon&gt;coachdesigner16/button_obj.gif&lt;/tw:PaletteIcon&gt;
            &lt;tw:ButtonGroup&gt;
              &lt;tw:Label tw:visible="false"&gt;A Button:&lt;/tw:Label&gt;
              &lt;tw:Button tw:decisionPoint="true" tw:id="Button0"&gt;
                &lt;tw:Label&gt;Yes&lt;/tw:Label&gt;
                &lt;tw:EventHandler tw:event="onClick" /&gt;
              &lt;/tw:Button&gt;
              &lt;tw:Button tw:decisionPoint="true" tw:id="Button1" tw:isCancel="false"&gt;
                &lt;tw:Label&gt;No&lt;/tw:Label&gt;
                &lt;tw:EventHandler tw:event="onClick" /&gt;
              &lt;/tw:Button&gt;
            &lt;/tw:ButtonGroup&gt;
          &lt;/tw:Control&gt;
        &lt;/tw:Column&gt;
      &lt;/tw:Row&gt;
    &lt;/tw:Section&gt;
  &lt;/tw:Layout&gt;
&lt;/tw:Form&gt;

</resourceData>
                    <guid>guid:5a54f1704f1c1577:-6b56085f:12370558356:-7f38</guid>
                    <versionId>e9697257-4caa-401c-b89d-5a138cf35947</versionId>
                </CoachResources>
                <CoachButtons>
                    <lastModified isNull="true" />
                    <lastModifiedBy isNull="true" />
                    <coachButtonId>3005.855ec752-b8d4-435d-a4cb-b20fdaa959df</coachButtonId>
                    <coachId>3003.d9377c58-28cd-4479-9683-18b949dea9db</coachId>
                    <seq>1</seq>
                    <endStateId>guid:5a54f1704f1c1577:-6b56085f:12370558356:-7f36</endStateId>
                    <isSpecial>false</isSpecial>
                    <isDisplayed>true</isDisplayed>
                    <buttonLabel>Yes</buttonLabel>
                    <buttonHint>ButtonGroup0_Button0</buttonHint>
                    <buttonText isNull="true" />
                    <isCheckBoxVisible>false</isCheckBoxVisible>
                    <isUncheckAllowed>false</isUncheckAllowed>
                    <metaData>CoachDesignerButtonId:ButtonGroup0_Button0;CoachDesignerIsCancel:false</metaData>
                    <buttonExpression>ButtonGroup0_Button0</buttonExpression>
                    <guid>a7fca07d-e0cf-4af3-884f-9c619284645e</guid>
                    <versionId>f80128e1-19a7-468c-a481-9ed172f2cd2a</versionId>
                </CoachButtons>
                <CoachButtons>
                    <lastModified isNull="true" />
                    <lastModifiedBy isNull="true" />
                    <coachButtonId>3005.4f146690-0f87-4fab-be9a-f91b44a0685a</coachButtonId>
                    <coachId>3003.d9377c58-28cd-4479-9683-18b949dea9db</coachId>
                    <seq>2</seq>
                    <endStateId>guid:5a54f1704f1c1577:-6b56085f:12370558356:-7f34</endStateId>
                    <isSpecial>false</isSpecial>
                    <isDisplayed>true</isDisplayed>
                    <buttonLabel>No</buttonLabel>
                    <buttonHint>ButtonGroup0_Button1</buttonHint>
                    <buttonText isNull="true" />
                    <isCheckBoxVisible>false</isCheckBoxVisible>
                    <isUncheckAllowed>false</isUncheckAllowed>
                    <metaData>CoachDesignerButtonId:ButtonGroup0_Button1;CoachDesignerIsCancel:false</metaData>
                    <buttonExpression>ButtonGroup0_Button1</buttonExpression>
                    <guid>cda06c83-fdc8-4d5e-b428-4eaa8f7183ca</guid>
                    <versionId>5cc40976-c517-4c52-9fb1-b8769c49254e</versionId>
                </CoachButtons>
            </TWComponent>
        </item>
        <item>
            <lastModified isNull="true" />
            <lastModifiedBy isNull="true" />
            <processItemId>2025.32bb6553-b51a-4780-8c02-f17cd94fc627</processItemId>
            <processId>1.f19596ff-93b8-4f49-875c-1edec488e96a</processId>
            <name>Cancel</name>
            <tWComponentName>ExitPoint</tWComponentName>
            <tWComponentId>3008.0b22f06a-f099-43ed-a3e9-9a86f0e24d63</tWComponentId>
            <isLogEnabled>false</isLogEnabled>
            <isTraceEnabled>false</isTraceEnabled>
            <traceCategory isNull="true" />
            <traceLevel isNull="true" />
            <traceMessage isNull="true" />
            <traceSymbolTable isNull="true" />
            <isExecutionContextTraced>false</isExecutionContextTraced>
            <saveExecutionContext>false</saveExecutionContext>
            <documentation isNull="true" />
            <isErrorHandlerEnabled>false</isErrorHandlerEnabled>
            <errorHandlerItemId isNull="true" />
            <guid>guid:5a54f1704f1c1577:-6b56085f:12370558356:-7f22</guid>
            <versionId>f7e61a25-8561-4e47-a3be-849d535513ab</versionId>
            <layoutData x="577" y="312">
                <errorLink>
                    <controlPoints />
                    <showEndState>false</showEndState>
                    <showName>false</showName>
                </errorLink>
            </layoutData>
            <TWComponent>
                <lastModified isNull="true" />
                <lastModifiedBy isNull="true" />
                <exitPointId>3008.0b22f06a-f099-43ed-a3e9-9a86f0e24d63</exitPointId>
                <haltProcess>false</haltProcess>
                <guid>guid:5a54f1704f1c1577:-6b56085f:12370558356:-7f23</guid>
                <versionId>fd24c381-95c7-41e6-ad38-6bdad0e3250a</versionId>
            </TWComponent>
        </item>
        <startingProcessItemId>2025.d2ad4500-c2ce-4dfe-80f9-6d51ca89907f</startingProcessItemId>
        <errorHandlerItemId isNull="true" />
        <layoutData noConversion="true">
            <errorLink>
                <controlPoints />
                <showEndState>false</showEndState>
                <showName>false</showName>
            </errorLink>
        </layoutData>
        <startPoint>
            <layoutData x="19" y="201">
                <errorLink>
                    <controlPoints />
                    <showEndState>false</showEndState>
                    <showName>false</showName>
                </errorLink>
            </layoutData>
        </startPoint>
        <startLink>
            <fromPort locationId="rightCenter" portType="1" />
            <toPort locationId="leftCenter" portType="2" />
            <layoutData>
                <controlPoints />
                <showEndState>false</showEndState>
                <showName>false</showName>
            </layoutData>
        </startLink>
        <link name="Yes">
            <lastModified isNull="true" />
            <lastModifiedBy isNull="true" />
            <processLinkId>2027.c9e63e0c-078e-4642-a87d-28dc152b76bc</processLinkId>
            <processId>1.f19596ff-93b8-4f49-875c-1edec488e96a</processId>
            <description isNull="true" />
            <fromProcessItemId>2025.d2ad4500-c2ce-4dfe-80f9-6d51ca89907f</fromProcessItemId>
            <endStateId>guid:5a54f1704f1c1577:-6b56085f:12370558356:-7f27</endStateId>
            <toProcessItemId>2025.2601e71d-cff9-4a89-b45e-aa51be9e318b</toProcessItemId>
            <guid>guid:5a54f1704f1c1577:-6b56085f:12370558356:-7f29</guid>
            <versionId>30f765b0-45ff-4eb2-b426-48bdf0ae8913</versionId>
            <layoutData>
                <controlPoints />
                <showEndState>false</showEndState>
                <showName>true</showName>
            </layoutData>
            <fromItemPort locationId="topCenter" portType="1" />
            <toItemPort locationId="bottomCenter" portType="2" />
            <fromProcessItemId>2025.d2ad4500-c2ce-4dfe-80f9-6d51ca89907f</fromProcessItemId>
            <toProcessItemId>2025.2601e71d-cff9-4a89-b45e-aa51be9e318b</toProcessItemId>
        </link>
        <link name="Untitled">
            <lastModified isNull="true" />
            <lastModifiedBy isNull="true" />
            <processLinkId>2027.7807954b-72bc-4baf-81ac-fcf48bfe66d8</processLinkId>
            <processId>1.f19596ff-93b8-4f49-875c-1edec488e96a</processId>
            <description isNull="true" />
            <fromProcessItemId>2025.e89de155-ebf5-4035-80cd-b3d7d04b9a69</fromProcessItemId>
            <endStateId>guid:5a54f1704f1c1577:-6b56085f:12370558356:-7f2a</endStateId>
            <toProcessItemId>2025.32bb6553-b51a-4780-8c02-f17cd94fc627</toProcessItemId>
            <guid>guid:5a54f1704f1c1577:-6b56085f:12370558356:-7f18</guid>
            <versionId>39bb510a-5578-4fca-9200-cb286b1f26e3</versionId>
            <layoutData>
                <controlPoints />
                <showEndState>true</showEndState>
                <showName>false</showName>
            </layoutData>
            <fromItemPort locationId="bottomCenter" portType="1" />
            <toItemPort locationId="leftCenter" portType="2" />
            <fromProcessItemId>2025.e89de155-ebf5-4035-80cd-b3d7d04b9a69</fromProcessItemId>
            <toProcessItemId>2025.32bb6553-b51a-4780-8c02-f17cd94fc627</toProcessItemId>
        </link>
        <link name="No">
            <lastModified isNull="true" />
            <lastModifiedBy isNull="true" />
            <processLinkId>2027.0d98a258-a8a0-4323-8267-1c8ca7f4bfca</processLinkId>
            <processId>1.f19596ff-93b8-4f49-875c-1edec488e96a</processId>
            <description isNull="true" />
            <fromProcessItemId>2025.d2ad4500-c2ce-4dfe-80f9-6d51ca89907f</fromProcessItemId>
            <endStateId>DEFAULT</endStateId>
            <toProcessItemId>2025.e89de155-ebf5-4035-80cd-b3d7d04b9a69</toProcessItemId>
            <guid>guid:5a54f1704f1c1577:-6b56085f:12370558356:-7f26</guid>
            <versionId>3b4c601d-bdd8-4ad8-84b8-04978f8fb3d7</versionId>
            <layoutData>
                <controlPoints />
                <showEndState>false</showEndState>
                <showName>true</showName>
            </layoutData>
            <fromItemPort locationId="rightCenter" portType="1" />
            <toItemPort locationId="leftCenter" portType="2" />
            <fromProcessItemId>2025.d2ad4500-c2ce-4dfe-80f9-6d51ca89907f</fromProcessItemId>
            <toProcessItemId>2025.e89de155-ebf5-4035-80cd-b3d7d04b9a69</toProcessItemId>
        </link>
        <link name="Untitled">
            <lastModified isNull="true" />
            <lastModifiedBy isNull="true" />
            <processLinkId>2027.5b2bea0f-cb6e-4572-9d6a-f9b408e2d143</processLinkId>
            <processId>1.f19596ff-93b8-4f49-875c-1edec488e96a</processId>
            <description isNull="true" />
            <fromProcessItemId>2025.663bef93-998d-4bc3-9cac-c7c197edf6df</fromProcessItemId>
            <endStateId>guid:5a54f1704f1c1577:-6b56085f:12370558356:-7f82</endStateId>
            <toProcessItemId>2025.8d5e65dd-3c73-4c6a-aa0a-00923e43dcc4</toProcessItemId>
            <guid>guid:5a54f1704f1c1577:-6b56085f:12370558356:-7f16</guid>
            <versionId>43fb3634-011b-4ba8-94bc-2ccb076b7e3f</versionId>
            <layoutData>
                <controlPoints />
                <showEndState>false</showEndState>
                <showName>false</showName>
            </layoutData>
            <fromItemPort locationId="rightCenter" portType="1" />
            <toItemPort locationId="leftCenter" portType="2" />
            <fromProcessItemId>2025.663bef93-998d-4bc3-9cac-c7c197edf6df</fromProcessItemId>
            <toProcessItemId>2025.8d5e65dd-3c73-4c6a-aa0a-00923e43dcc4</toProcessItemId>
        </link>
        <link name="Untitled">
            <lastModified isNull="true" />
            <lastModifiedBy isNull="true" />
            <processLinkId>2027.96ac04b6-d4f1-43bd-a009-e020086be77f</processLinkId>
            <processId>1.f19596ff-93b8-4f49-875c-1edec488e96a</processId>
            <description isNull="true" />
            <fromProcessItemId>2025.55de07ff-f462-48ce-acf7-015a464db797</fromProcessItemId>
            <endStateId>Out</endStateId>
            <toProcessItemId>2025.e89de155-ebf5-4035-80cd-b3d7d04b9a69</toProcessItemId>
            <guid>guid:5a54f1704f1c1577:-6b56085f:12370558356:-7f0f</guid>
            <versionId>7035b4b8-e8fb-48ca-a341-4f228ca205c7</versionId>
            <layoutData>
                <controlPoints />
                <showEndState>false</showEndState>
                <showName>false</showName>
            </layoutData>
            <fromItemPort locationId="bottomCenter" portType="1" />
            <toItemPort locationId="topCenter" portType="2" />
            <fromProcessItemId>2025.55de07ff-f462-48ce-acf7-015a464db797</fromProcessItemId>
            <toProcessItemId>2025.e89de155-ebf5-4035-80cd-b3d7d04b9a69</toProcessItemId>
        </link>
        <link name="Untitled">
            <lastModified isNull="true" />
            <lastModifiedBy isNull="true" />
            <processLinkId>2027.2ef0202b-4de1-4bd0-b0bf-81e901db9592</processLinkId>
            <processId>1.f19596ff-93b8-4f49-875c-1edec488e96a</processId>
            <description isNull="true" />
            <fromProcessItemId>2025.2601e71d-cff9-4a89-b45e-aa51be9e318b</fromProcessItemId>
            <endStateId>guid:5a54f1704f1c1577:-6b56085f:12370558356:-7f36</endStateId>
            <toProcessItemId>2025.663bef93-998d-4bc3-9cac-c7c197edf6df</toProcessItemId>
            <guid>guid:5a54f1704f1c1577:-6b56085f:12370558356:-7f11</guid>
            <versionId>99fc8017-375e-4106-8c26-0302a7d1ba17</versionId>
            <layoutData>
                <controlPoints />
                <showEndState>true</showEndState>
                <showName>false</showName>
            </layoutData>
            <fromItemPort locationId="topCenter" portType="1" />
            <toItemPort locationId="topCenter" portType="2" />
            <fromProcessItemId>2025.2601e71d-cff9-4a89-b45e-aa51be9e318b</fromProcessItemId>
            <toProcessItemId>2025.663bef93-998d-4bc3-9cac-c7c197edf6df</toProcessItemId>
        </link>
        <link name="Untitled">
            <lastModified isNull="true" />
            <lastModifiedBy isNull="true" />
            <processLinkId>2027.83213855-7891-4ab0-8155-468fe8617b20</processLinkId>
            <processId>1.f19596ff-93b8-4f49-875c-1edec488e96a</processId>
            <description isNull="true" />
            <fromProcessItemId>2025.e89de155-ebf5-4035-80cd-b3d7d04b9a69</fromProcessItemId>
            <endStateId>guid:5a54f1704f1c1577:-6b56085f:12370558356:-7f2c</endStateId>
            <toProcessItemId>2025.663bef93-998d-4bc3-9cac-c7c197edf6df</toProcessItemId>
            <guid>guid:5a54f1704f1c1577:-6b56085f:12370558356:-7f19</guid>
            <versionId>c4b450fb-6391-417e-bdd3-bc73359ea5e7</versionId>
            <layoutData>
                <controlPoints />
                <showEndState>true</showEndState>
                <showName>false</showName>
            </layoutData>
            <fromItemPort locationId="rightCenter" portType="1" />
            <toItemPort locationId="leftCenter" portType="2" />
            <fromProcessItemId>2025.e89de155-ebf5-4035-80cd-b3d7d04b9a69</fromProcessItemId>
            <toProcessItemId>2025.663bef93-998d-4bc3-9cac-c7c197edf6df</toProcessItemId>
        </link>
        <link name="Untitled">
            <lastModified isNull="true" />
            <lastModifiedBy isNull="true" />
            <processLinkId>2027.cf57bb1d-3207-44c3-a924-309e994fb816</processLinkId>
            <processId>1.f19596ff-93b8-4f49-875c-1edec488e96a</processId>
            <description isNull="true" />
            <fromProcessItemId>2025.2601e71d-cff9-4a89-b45e-aa51be9e318b</fromProcessItemId>
            <endStateId>guid:5a54f1704f1c1577:-6b56085f:12370558356:-7f34</endStateId>
            <toProcessItemId>2025.55de07ff-f462-48ce-acf7-015a464db797</toProcessItemId>
            <guid>guid:5a54f1704f1c1577:-6b56085f:12370558356:-7f10</guid>
            <versionId>d34c5b2a-4cae-433e-8ea2-c2af6dd0efcf</versionId>
            <layoutData>
                <controlPoints />
                <showEndState>true</showEndState>
                <showName>false</showName>
            </layoutData>
            <fromItemPort locationId="rightCenter" portType="1" />
            <toItemPort locationId="leftCenter" portType="2" />
            <fromProcessItemId>2025.2601e71d-cff9-4a89-b45e-aa51be9e318b</fromProcessItemId>
            <toProcessItemId>2025.55de07ff-f462-48ce-acf7-015a464db797</toProcessItemId>
        </link>
    </process>
</teamworks>

