<?xml version="1.0" encoding="UTF-8"?>
<teamworks>
    <process id="1.f739fe14-5f7d-4ee7-9de0-075e51295d13" name="Heritage Default Human Service">
        <lastModified>1361412273512</lastModified>
        <lastModifiedBy>Internal TW Admin user</lastModifiedBy>
        <processId>1.f739fe14-5f7d-4ee7-9de0-075e51295d13</processId>
        <image isNull="true" />
        <tabGroup isNull="true" />
        <startingProcessItemId>2025.ac34f458-2379-44fc-a762-a24cce8c52f4</startingProcessItemId>
        <isRootProcess>false</isRootProcess>
        <processType>3</processType>
        <isErrorHandlerEnabled>false</isErrorHandlerEnabled>
        <errorHandlerItemId isNull="true" />
        <isLoggingVariables>false</isLoggingVariables>
        <isTransactional>false</isTransactional>
        <processTimingLevel isNull="true" />
        <participantRef isNull="true" />
        <exposedType isNull="true" />
        <isTrackingEnabled>true</isTrackingEnabled>
        <xmlData isNull="true" />
        <cachingType>false</cachingType>
        <itemLabel isNull="true" />
        <cacheLength>43200</cacheLength>
        <mobileReady>false</mobileReady>
        <sboSyncEnabled>true</sboSyncEnabled>
        <externalId isNull="true" />
        <isSecured>false</isSecured>
        <description isNull="true" />
        <guid>guid:2214d41009da2f1b:93decc:1062dceac46:-7fb1</guid>
        <versionId>d8017ac3-57e8-49ea-bd58-9cfaf3a9267e</versionId>
        <dependencySummary isNull="true" />
        <processVariable name="taskId">
            <lastModified isNull="true" />
            <lastModifiedBy isNull="true" />
            <processVariableId>2056.04c01e78-1966-4286-9ecf-000537635041</processVariableId>
            <description isNull="true" />
            <processId>1.f739fe14-5f7d-4ee7-9de0-075e51295d13</processId>
            <namespace>2</namespace>
            <seq>2</seq>
            <isArrayOf>false</isArrayOf>
            <classId>/12.db884a3c-c533-44b7-bb2d-47bec8ad4022</classId>
            <hasDefault>false</hasDefault>
            <defaultValue isNull="true" />
            <guid>guid:2525d7dda59ef37b:-76d53e50:122d27d1ce8:-7ff2</guid>
            <versionId>b2b8d8d1-0dff-41b8-b18d-43297980e05b</versionId>
        </processVariable>
        <processVariable name="subject">
            <lastModified isNull="true" />
            <lastModifiedBy isNull="true" />
            <processVariableId>2056.80dfd328-b4be-466c-9262-1e5433d52b95</processVariableId>
            <description isNull="true" />
            <processId>1.f739fe14-5f7d-4ee7-9de0-075e51295d13</processId>
            <namespace>2</namespace>
            <seq>3</seq>
            <isArrayOf>false</isArrayOf>
            <classId>/12.db884a3c-c533-44b7-bb2d-47bec8ad4022</classId>
            <hasDefault>false</hasDefault>
            <defaultValue isNull="true" />
            <guid>guid:2525d7dda59ef37b:-76d53e50:122d27d1ce8:-7ff1</guid>
            <versionId>84a2d781-4fbc-4654-ae30-6c83762926a6</versionId>
        </processVariable>
        <processVariable name="activityName">
            <lastModified isNull="true" />
            <lastModifiedBy isNull="true" />
            <processVariableId>2056.819976c3-5a5c-43dc-ac87-f3552611b934</processVariableId>
            <description isNull="true" />
            <processId>1.f739fe14-5f7d-4ee7-9de0-075e51295d13</processId>
            <namespace>2</namespace>
            <seq>4</seq>
            <isArrayOf>false</isArrayOf>
            <classId>/12.db884a3c-c533-44b7-bb2d-47bec8ad4022</classId>
            <hasDefault>false</hasDefault>
            <defaultValue isNull="true" />
            <guid>guid:2525d7dda59ef37b:-76d53e50:122d27d1ce8:-7ff0</guid>
            <versionId>1556e9f0-2f57-4b40-bff3-882f6a1b0edb</versionId>
        </processVariable>
        <processVariable name="userName">
            <lastModified isNull="true" />
            <lastModifiedBy isNull="true" />
            <processVariableId>2056.51afa102-d4ff-42ab-9528-2dadbf3388cd</processVariableId>
            <description isNull="true" />
            <processId>1.f739fe14-5f7d-4ee7-9de0-075e51295d13</processId>
            <namespace>2</namespace>
            <seq>5</seq>
            <isArrayOf>false</isArrayOf>
            <classId>/12.db884a3c-c533-44b7-bb2d-47bec8ad4022</classId>
            <hasDefault>false</hasDefault>
            <defaultValue isNull="true" />
            <guid>guid:2525d7dda59ef37b:-76d53e50:122d27d1ce8:-7fef</guid>
            <versionId>9b3fdedf-7bbe-4fc4-ba30-01d9e2ab2349</versionId>
        </processVariable>
        <processVariable name="bpdInstanceName">
            <lastModified isNull="true" />
            <lastModifiedBy isNull="true" />
            <processVariableId>2056.05485501-4285-4adc-8b2e-a322165676ab</processVariableId>
            <description isNull="true" />
            <processId>1.f739fe14-5f7d-4ee7-9de0-075e51295d13</processId>
            <namespace>2</namespace>
            <seq>6</seq>
            <isArrayOf>false</isArrayOf>
            <classId>/12.db884a3c-c533-44b7-bb2d-47bec8ad4022</classId>
            <hasDefault>false</hasDefault>
            <defaultValue isNull="true" />
            <guid>guid:2525d7dda59ef37b:-76d53e50:122d27d1ce8:-7fee</guid>
            <versionId>63101b32-92dd-4340-9a5a-1bdfdd8c9000</versionId>
        </processVariable>
        <processVariable name="bpdName">
            <lastModified isNull="true" />
            <lastModifiedBy isNull="true" />
            <processVariableId>2056.67008bf1-9063-41e2-a53b-af42da3b72af</processVariableId>
            <description isNull="true" />
            <processId>1.f739fe14-5f7d-4ee7-9de0-075e51295d13</processId>
            <namespace>2</namespace>
            <seq>7</seq>
            <isArrayOf>false</isArrayOf>
            <classId>/12.db884a3c-c533-44b7-bb2d-47bec8ad4022</classId>
            <hasDefault>false</hasDefault>
            <defaultValue isNull="true" />
            <guid>guid:2525d7dda59ef37b:-76d53e50:122d27d1ce8:-7fed</guid>
            <versionId>ec71b87e-4c53-42e7-aa03-aafaefb782c5</versionId>
        </processVariable>
        <processVariable name="bpdInstanceId">
            <lastModified isNull="true" />
            <lastModifiedBy isNull="true" />
            <processVariableId>2056.1c4f2d32-0766-4dc0-9d16-3ec1f270fa68</processVariableId>
            <description isNull="true" />
            <processId>1.f739fe14-5f7d-4ee7-9de0-075e51295d13</processId>
            <namespace>2</namespace>
            <seq>8</seq>
            <isArrayOf>false</isArrayOf>
            <classId>/12.db884a3c-c533-44b7-bb2d-47bec8ad4022</classId>
            <hasDefault>false</hasDefault>
            <defaultValue isNull="true" />
            <guid>guid:2525d7dda59ef37b:-76d53e50:122d27d1ce8:-7fec</guid>
            <versionId>2987ae3b-166a-4b4f-be5b-c7daee461dd5</versionId>
        </processVariable>
        <processVariable name="bpdDescription">
            <lastModified isNull="true" />
            <lastModifiedBy isNull="true" />
            <processVariableId>2056.d985130e-a25a-4062-ac22-9f47438d5e9a</processVariableId>
            <description isNull="true" />
            <processId>1.f739fe14-5f7d-4ee7-9de0-075e51295d13</processId>
            <namespace>2</namespace>
            <seq>9</seq>
            <isArrayOf>false</isArrayOf>
            <classId>/12.db884a3c-c533-44b7-bb2d-47bec8ad4022</classId>
            <hasDefault>false</hasDefault>
            <defaultValue isNull="true" />
            <guid>guid:2525d7dda59ef37b:-76d53e50:122d27d1ce8:-7feb</guid>
            <versionId>7fd9f424-b06b-41cd-9d98-140ca6c74687</versionId>
        </processVariable>
        <processVariable name="activityDescription">
            <lastModified isNull="true" />
            <lastModifiedBy isNull="true" />
            <processVariableId>2056.d5f6104b-c64a-4c37-9ce4-76b9ebb6ad97</processVariableId>
            <description isNull="true" />
            <processId>1.f739fe14-5f7d-4ee7-9de0-075e51295d13</processId>
            <namespace>2</namespace>
            <seq>10</seq>
            <isArrayOf>false</isArrayOf>
            <classId>/12.db884a3c-c533-44b7-bb2d-47bec8ad4022</classId>
            <hasDefault>false</hasDefault>
            <defaultValue isNull="true" />
            <guid>guid:2525d7dda59ef37b:-76d53e50:122d27d1ce8:-7fea</guid>
            <versionId>19fd8d1d-d6bd-403e-9d58-db3d008c130a</versionId>
        </processVariable>
        <item>
            <lastModified isNull="true" />
            <lastModifiedBy isNull="true" />
            <processItemId>2025.d67ab83c-af9c-4b98-88a0-e13ec76f5d17</processItemId>
            <processId>1.f739fe14-5f7d-4ee7-9de0-075e51295d13</processId>
            <name>End</name>
            <tWComponentName>ExitPoint</tWComponentName>
            <tWComponentId>3008.5a96eefd-27c9-46ca-b7f4-e0552434313c</tWComponentId>
            <isLogEnabled>false</isLogEnabled>
            <isTraceEnabled>false</isTraceEnabled>
            <traceCategory isNull="true" />
            <traceLevel isNull="true" />
            <traceMessage isNull="true" />
            <traceSymbolTable isNull="true" />
            <isExecutionContextTraced>false</isExecutionContextTraced>
            <saveExecutionContext>true</saveExecutionContext>
            <documentation isNull="true" />
            <isErrorHandlerEnabled>false</isErrorHandlerEnabled>
            <errorHandlerItemId isNull="true" />
            <guid>guid:2214d41009da2f1b:93decc:1062dceac46:-7faf</guid>
            <versionId>515f401b-6f1d-4bea-82d7-efbc65cd4101</versionId>
            <layoutData x="516" y="101">
                <errorLink>
                    <controlPoints />
                    <showEndState>false</showEndState>
                    <showName>false</showName>
                </errorLink>
            </layoutData>
            <TWComponent>
                <lastModified isNull="true" />
                <lastModifiedBy isNull="true" />
                <exitPointId>3008.5a96eefd-27c9-46ca-b7f4-e0552434313c</exitPointId>
                <haltProcess>false</haltProcess>
                <guid>guid:197d4ddc90fc5427:-1c619ffe:11def1582ed:-7b81</guid>
                <versionId>9e02ed97-61fd-4e22-b091-eb61b0698ea2</versionId>
            </TWComponent>
        </item>
        <item>
            <lastModified isNull="true" />
            <lastModifiedBy isNull="true" />
            <processItemId>2025.209f7734-29d3-4deb-ba37-14f5e0cb2032</processItemId>
            <processId>1.f739fe14-5f7d-4ee7-9de0-075e51295d13</processId>
            <name>Postpone</name>
            <tWComponentName>PostponeAction</tWComponentName>
            <tWComponentId>3015.b1ae5799-46d5-41bf-9a54-13d811041378</tWComponentId>
            <isLogEnabled>false</isLogEnabled>
            <isTraceEnabled>false</isTraceEnabled>
            <traceCategory isNull="true" />
            <traceLevel isNull="true" />
            <traceMessage isNull="true" />
            <traceSymbolTable isNull="true" />
            <isExecutionContextTraced>false</isExecutionContextTraced>
            <saveExecutionContext>true</saveExecutionContext>
            <documentation isNull="true" />
            <isErrorHandlerEnabled>false</isErrorHandlerEnabled>
            <errorHandlerItemId isNull="true" />
            <guid>guid:c6eebe67d39bd9b0:-4eff6abe:11f908f6daa:-7c06</guid>
            <versionId>bbc51e30-9a9b-413c-a331-dbabf0ff9d44</versionId>
            <layoutData x="348" y="212">
                <errorLink>
                    <controlPoints />
                    <showEndState>false</showEndState>
                    <showName>false</showName>
                </errorLink>
            </layoutData>
            <TWComponent>
                <lastModified isNull="true" />
                <lastModifiedBy isNull="true" />
                <taskActionId>3015.b1ae5799-46d5-41bf-9a54-13d811041378</taskActionId>
                <canChangeDueDate>false</canChangeDueDate>
                <dueInOption>2</dueInOption>
                <dueDateIncrData isNull="true" />
                <dueDateFixedData isNull="true" />
                <dueDateIncrType>2</dueDateIncrType>
                <dueDateSpecificDate isNull="true" />
                <isChangeStatusActive>false</isChangeStatusActive>
                <newStatusOption>1</newStatusOption>
                <newStatus isNull="true" />
                <isPriorityActive>false</isPriorityActive>
                <priorityOption>1</priorityOption>
                <newPriorityId>30.30</newPriorityId>
                <newPriorityScript isNull="true" />
                <isSubjectActive>false</isSubjectActive>
                <subjectOption>1</subjectOption>
                <subjectScript isNull="true" />
                <isNarrativeActive>false</isNarrativeActive>
                <narrativeOption>1</narrativeOption>
                <narrativeScript isNull="true" />
                <isIgnoreException>true</isIgnoreException>
                <suspendProcess>true</suspendProcess>
                <isActionOtherTask>false</isActionOtherTask>
                <otherTaskId isNull="true" />
                <isReassignActive>false</isReassignActive>
                <reassignOption>0</reassignOption>
                <reassignTo isNull="true" />
                <timeScheduleName isNull="true" />
                <holidayScheduleName isNull="true" />
                <timezone isNull="true" />
                <guid>guid:c6eebe67d39bd9b0:-4eff6abe:11f908f6daa:-7c07</guid>
                <versionId>a208314f-58ea-4e56-b389-0547c09fb645</versionId>
            </TWComponent>
        </item>
        <item>
            <lastModified isNull="true" />
            <lastModifiedBy isNull="true" />
            <processItemId>2025.3e28f81d-2212-47d3-9298-e92055add1d6</processItemId>
            <processId>1.f739fe14-5f7d-4ee7-9de0-075e51295d13</processId>
            <name>Display Task Details</name>
            <tWComponentName>Coach</tWComponentName>
            <tWComponentId>3003.e42b7280-95ba-4b28-9915-c334b007fdf1</tWComponentId>
            <isLogEnabled>false</isLogEnabled>
            <isTraceEnabled>false</isTraceEnabled>
            <traceCategory isNull="true" />
            <traceLevel isNull="true" />
            <traceMessage isNull="true" />
            <traceSymbolTable isNull="true" />
            <isExecutionContextTraced>false</isExecutionContextTraced>
            <saveExecutionContext>true</saveExecutionContext>
            <documentation isNull="true" />
            <isErrorHandlerEnabled>false</isErrorHandlerEnabled>
            <errorHandlerItemId isNull="true" />
            <guid>guid:2214d41009da2f1b:93decc:1062dceac46:-7fa0</guid>
            <versionId>e655bf81-8a37-4b30-b5f9-8e2812cb6055</versionId>
            <layoutData x="348" y="85">
                <errorLink>
                    <controlPoints />
                    <showEndState>false</showEndState>
                    <showName>false</showName>
                </errorLink>
            </layoutData>
            <TWComponent>
                <lastModified isNull="true" />
                <lastModifiedBy isNull="true" />
                <coachId>3003.e42b7280-95ba-4b28-9915-c334b007fdf1</coachId>
                <title>Untitled1</title>
                <layoutRef>/20.fa3fc599-a72a-4a82-8f14-6bba1565444a</layoutRef>
                <layoutData isNull="true" />
                <xslRef isNull="true" />
                <guid>guid:197d4ddc90fc5427:-1c619ffe:11def1582ed:-7b6d</guid>
                <versionId>e458c78d-860e-466b-b538-96429d73f0d9</versionId>
                <CoachResources>
                    <lastModified isNull="true" />
                    <lastModifiedBy isNull="true" />
                    <coachResourceId>3004.dda0f173-9789-412c-83c0-f06faf2f49ca</coachResourceId>
                    <coachId>3003.e42b7280-95ba-4b28-9915-c334b007fdf1</coachId>
                    <virtualName>CoachDesignerXML</virtualName>
                    <type>text/HTML</type>
                    <resourceData>&lt;tw:Form xmlns:tw="http://lombardisoftware.com/schema/coachdesigner" xmlns:xsi="http://www.w3.org/2001/XMLSchema-instance" xsi:schemaLocation="http://lombardisoftware.com/schema/forms Form.xsd"&gt;
  &lt;tw:FormTitle&gt;Default Service&lt;/tw:FormTitle&gt;
  &lt;tw:Layout tw:id="section" tw:styleClass=""&gt;
    &lt;tw:Section tw:columns="1"&gt;
      &lt;tw:SectionTitle tw:id="sectionTitle" tw:visible="true"&gt;Default Activity&lt;/tw:SectionTitle&gt;
      &lt;tw:SectionHeading tw:id="sectionHeading" tw:visible="false"&gt;Section Heading&lt;/tw:SectionHeading&gt;
      &lt;tw:Row tw:rows="3"&gt;
        &lt;tw:Column&gt;
          &lt;tw:Control tw:col="1" tw:colspan="1" tw:id="section1" tw:row="1" tw:rowspan="1"&gt;
            &lt;tw:Documentation&gt;This section will be an empty section with two columns defined.&lt;/tw:Documentation&gt;
            &lt;tw:Section tw:columns="2"&gt;
              &lt;tw:SectionTitle tw:id="sectionTitle" tw:visible="false"&gt;Section Title&lt;/tw:SectionTitle&gt;
              &lt;tw:Row tw:rows="1"&gt;
                &lt;tw:Column&gt;
                  &lt;tw:Control tw:col="1" tw:colspan="1" tw:id="Section0" tw:row="1" tw:rowspan="1"&gt;
                    &lt;tw:Section tw:binding="" tw:columns="1"&gt;
                      &lt;tw:SectionTitle tw:visible="true"&gt;Activity Information&lt;/tw:SectionTitle&gt;
                      &lt;tw:Row tw:rows="5"&gt;
                        &lt;tw:Column&gt;
                          &lt;tw:Control tw:col="1" tw:colspan="1" tw:id="InputText8" tw:row="1" tw:rowspan="1"&gt;
                            &lt;tw:InputText tw:binding="tw.local.activityName"&gt;
                              &lt;tw:Label tw:visible="true"&gt;Name:&lt;/tw:Label&gt;
                            &lt;/tw:InputText&gt;
                          &lt;/tw:Control&gt;
                          &lt;tw:Control tw:col="1" tw:colspan="1" tw:id="InputText1" tw:row="2" tw:rowspan="1"&gt;
                            &lt;tw:InputText tw:binding="tw.local.activityDescription" tw:lines="5"&gt;
                              &lt;tw:Label tw:visible="false"&gt;Name&lt;/tw:Label&gt;
                            &lt;/tw:InputText&gt;
                          &lt;/tw:Control&gt;
                          &lt;tw:Control tw:col="1" tw:colspan="1" tw:id="InputText0" tw:row="3" tw:rowspan="1"&gt;
                            &lt;tw:InputText tw:binding="tw.local.bpdInstanceName"&gt;
                              &lt;tw:Label tw:visible="true"&gt;Instance Name:&lt;/tw:Label&gt;
                            &lt;/tw:InputText&gt;
                          &lt;/tw:Control&gt;
                          &lt;tw:Control tw:col="1" tw:colspan="1" tw:id="InputText6" tw:row="4" tw:rowspan="1"&gt;
                            &lt;tw:InputText tw:binding="tw.local.bpdName"&gt;
                              &lt;tw:Label tw:visible="true"&gt;Process:&lt;/tw:Label&gt;
                            &lt;/tw:InputText&gt;
                          &lt;/tw:Control&gt;
                          &lt;tw:Control tw:col="1" tw:colspan="1" tw:id="InputText10" tw:row="5" tw:rowspan="1"&gt;
                            &lt;tw:InputText tw:binding="tw.local.bpdDescription" tw:lines="5"&gt;
                              &lt;tw:Label tw:visible="false"&gt;Description&lt;/tw:Label&gt;
                            &lt;/tw:InputText&gt;
                          &lt;/tw:Control&gt;
                        &lt;/tw:Column&gt;
                      &lt;/tw:Row&gt;
                    &lt;/tw:Section&gt;
                  &lt;/tw:Control&gt;
                &lt;/tw:Column&gt;
                &lt;tw:Column&gt;
                  &lt;tw:Control tw:col="2" tw:colspan="1" tw:id="Section1" tw:row="1" tw:rowspan="1" tw:styleClass=""&gt;
                    &lt;tw:Section tw:binding="" tw:columns="1"&gt;
                      &lt;tw:SectionTitle tw:visible="true"&gt;Task Information&lt;/tw:SectionTitle&gt;
                      &lt;tw:Row tw:rows="4"&gt;
                        &lt;tw:Column&gt;
                          &lt;tw:Control tw:col="1" tw:colspan="1" tw:id="InputText11" tw:row="1" tw:rowspan="1"&gt;
                            &lt;tw:InputText tw:binding="tw.local.subject"&gt;
                              &lt;tw:Label tw:visible="true"&gt;Subject:&lt;/tw:Label&gt;
                            &lt;/tw:InputText&gt;
                          &lt;/tw:Control&gt;
                          &lt;tw:Control tw:col="1" tw:colspan="1" tw:id="InputText17" tw:row="2" tw:rowspan="1"&gt;
                            &lt;tw:InputText tw:binding="tw.local.userName"&gt;
                              &lt;tw:Label tw:visible="true"&gt;Assigned To:&lt;/tw:Label&gt;
                            &lt;/tw:InputText&gt;
                          &lt;/tw:Control&gt;
                          &lt;tw:Control tw:col="1" tw:colspan="1" tw:id="InputText12" tw:row="3" tw:rowspan="1"&gt;
                            &lt;tw:InputText tw:binding="tw.local.taskId"&gt;
                              &lt;tw:Label tw:visible="true"&gt;taskId:&lt;/tw:Label&gt;
                            &lt;/tw:InputText&gt;
                          &lt;/tw:Control&gt;
                          &lt;tw:Control tw:col="1" tw:colspan="1" tw:id="InputText18" tw:row="4" tw:rowspan="1"&gt;
                            &lt;tw:InputText tw:binding="tw.local.bpdInstanceId"&gt;
                              &lt;tw:Label tw:visible="true"&gt;Instance Id:&lt;/tw:Label&gt;
                            &lt;/tw:InputText&gt;
                          &lt;/tw:Control&gt;
                        &lt;/tw:Column&gt;
                      &lt;/tw:Row&gt;
                    &lt;/tw:Section&gt;
                  &lt;/tw:Control&gt;
                &lt;/tw:Column&gt;
              &lt;/tw:Row&gt;
            &lt;/tw:Section&gt;
          &lt;/tw:Control&gt;
          &lt;tw:Control tw:col="1" tw:colspan="1" tw:id="ButtonGroup0" tw:row="2" tw:rowspan="1"&gt;
            &lt;tw:Documentation&gt;A ButtonGroup containing one Button.&lt;/tw:Documentation&gt;
            &lt;tw:PaletteIcon&gt;coachdesigner16/button_obj.gif&lt;/tw:PaletteIcon&gt;
            &lt;tw:ButtonGroup&gt;
              &lt;tw:Label tw:visible="false"&gt;Done&lt;/tw:Label&gt;
              &lt;tw:Button tw:decisionPoint="true" tw:id="Button0"&gt;
                &lt;tw:Label&gt;Done&lt;/tw:Label&gt;
              &lt;/tw:Button&gt;
            &lt;/tw:ButtonGroup&gt;
          &lt;/tw:Control&gt;
          &lt;tw:Control tw:col="1" tw:colspan="1" tw:id="ButtonGroup1" tw:row="3" tw:rowspan="1"&gt;
            &lt;tw:Documentation&gt;A ButtonGroup containing one Button.&lt;/tw:Documentation&gt;
            &lt;tw:PaletteIcon&gt;coachdesigner16/button_obj.gif&lt;/tw:PaletteIcon&gt;
            &lt;tw:ButtonGroup&gt;
              &lt;tw:Label tw:visible="false"&gt;A Button:&lt;/tw:Label&gt;
              &lt;tw:Button tw:decisionPoint="true" tw:id="Button0"&gt;
                &lt;tw:Label&gt;Complete Later&lt;/tw:Label&gt;
              &lt;/tw:Button&gt;
            &lt;/tw:ButtonGroup&gt;
          &lt;/tw:Control&gt;
        &lt;/tw:Column&gt;
      &lt;/tw:Row&gt;
    &lt;/tw:Section&gt;
  &lt;/tw:Layout&gt;
&lt;/tw:Form&gt;

</resourceData>
                    <guid>guid:197d4ddc90fc5427:-1c619ffe:11def1582ed:-7b69</guid>
                    <versionId>ffbf81dd-2eb9-4e09-a9f8-39dfe2981ab1</versionId>
                </CoachResources>
                <CoachButtons>
                    <lastModified isNull="true" />
                    <lastModifiedBy isNull="true" />
                    <coachButtonId>3005.ecae9859-0672-4b5a-bb2d-240778e4a1cc</coachButtonId>
                    <coachId>3003.e42b7280-95ba-4b28-9915-c334b007fdf1</coachId>
                    <seq>1</seq>
                    <endStateId>guid:e60798330f6d3272:27c2018:105fa43a2f9:-7fc6</endStateId>
                    <isSpecial>false</isSpecial>
                    <isDisplayed>true</isDisplayed>
                    <buttonLabel>Done</buttonLabel>
                    <buttonHint>ButtonGroup0_Button0</buttonHint>
                    <buttonText isNull="true" />
                    <isCheckBoxVisible>false</isCheckBoxVisible>
                    <isUncheckAllowed>false</isUncheckAllowed>
                    <metaData>CoachDesignerButtonId:ButtonGroup0_Button0;CoachDesignerIsCancel:false</metaData>
                    <buttonExpression>ButtonGroup0_Button0</buttonExpression>
                    <guid>868e9718-87b2-4edc-a01e-0f6832b09be7</guid>
                    <versionId>ce0f9621-5e6e-4eeb-8e43-f34f78538369</versionId>
                </CoachButtons>
                <CoachButtons>
                    <lastModified isNull="true" />
                    <lastModifiedBy isNull="true" />
                    <coachButtonId>3005.da1f63be-d42a-4f3d-a85a-f21bc7ad1f54</coachButtonId>
                    <coachId>3003.e42b7280-95ba-4b28-9915-c334b007fdf1</coachId>
                    <seq>2</seq>
                    <endStateId>guid:e60798330f6d3272:27c2018:105fa43a2f9:-7fc5</endStateId>
                    <isSpecial>false</isSpecial>
                    <isDisplayed>true</isDisplayed>
                    <buttonLabel>Complete Later</buttonLabel>
                    <buttonHint>ButtonGroup1_Button0</buttonHint>
                    <buttonText isNull="true" />
                    <isCheckBoxVisible>false</isCheckBoxVisible>
                    <isUncheckAllowed>false</isUncheckAllowed>
                    <metaData>CoachDesignerButtonId:ButtonGroup1_Button0;CoachDesignerIsCancel:false</metaData>
                    <buttonExpression>ButtonGroup1_Button0</buttonExpression>
                    <guid>f62b5f75-4b08-423c-a322-6090cd1687ec</guid>
                    <versionId>bf77700a-f426-40ce-9c8c-b38367a0e8d9</versionId>
                </CoachButtons>
            </TWComponent>
        </item>
        <item>
            <lastModified isNull="true" />
            <lastModifiedBy isNull="true" />
            <processItemId>2025.ac34f458-2379-44fc-a762-a24cce8c52f4</processItemId>
            <processId>1.f739fe14-5f7d-4ee7-9de0-075e51295d13</processId>
            <name>Get Task Details</name>
            <tWComponentName>Script</tWComponentName>
            <tWComponentId>3011.ffaa4fcf-aa09-4bcb-af4f-84dba7a47d89</tWComponentId>
            <isLogEnabled>false</isLogEnabled>
            <isTraceEnabled>false</isTraceEnabled>
            <traceCategory isNull="true" />
            <traceLevel isNull="true" />
            <traceMessage isNull="true" />
            <traceSymbolTable isNull="true" />
            <isExecutionContextTraced>false</isExecutionContextTraced>
            <saveExecutionContext>false</saveExecutionContext>
            <documentation isNull="true" />
            <isErrorHandlerEnabled>false</isErrorHandlerEnabled>
            <errorHandlerItemId isNull="true" />
            <guid>guid:2525d7dda59ef37b:-76d53e50:122d27d1ce8:-7ff4</guid>
            <versionId>ef5f7e6e-19c7-4310-a214-4e310689eb02</versionId>
            <layoutData x="197" y="85">
                <errorLink>
                    <controlPoints />
                    <showEndState>false</showEndState>
                    <showName>false</showName>
                </errorLink>
            </layoutData>
            <TWComponent>
                <lastModified isNull="true" />
                <lastModifiedBy isNull="true" />
                <scriptId>3011.ffaa4fcf-aa09-4bcb-af4f-84dba7a47d89</scriptId>
                <scriptTypeId>2</scriptTypeId>
                <isActive>true</isActive>
                <script>var task = tw.system.currentTask;
if (task != null) {
    tw.local.taskId = task.id;
    tw.local.subject = task.subject;
    tw.local.userName = task.assignedTo.name;

    var instance = task.processInstance;
    if (instance != null) {    
        var process = instance.process;     
        tw.local.bpdInstanceId = instance.id;
        tw.local.bpdInstanceName = instance.name;
        tw.local.bpdName = process.name;
        tw.local.bpdDescription = process.description;
        tw.local.activityName = task.processActivityName;
        tw.local.activityDescription = task.processActivityDescription;
    }
}</script>
                <isRule>false</isRule>
                <guid>guid:2525d7dda59ef37b:-76d53e50:122d27d1ce8:-7ff5</guid>
                <versionId>4b016373-8b19-4cdc-a8a3-91ec39ad3334</versionId>
            </TWComponent>
        </item>
        <startingProcessItemId>2025.ac34f458-2379-44fc-a762-a24cce8c52f4</startingProcessItemId>
        <errorHandlerItemId isNull="true" />
        <layoutData noConversion="true">
            <errorLink>
                <controlPoints />
                <showEndState>false</showEndState>
                <showName>false</showName>
            </errorLink>
        </layoutData>
        <startPoint>
            <layoutData x="100" y="100">
                <errorLink>
                    <controlPoints />
                    <showEndState>false</showEndState>
                    <showName>false</showName>
                </errorLink>
            </layoutData>
        </startPoint>
        <startLink>
            <fromPort locationId="rightCenter" portType="1" />
            <toPort locationId="leftCenter" portType="2" />
            <layoutData>
                <controlPoints />
                <showEndState>false</showEndState>
                <showName>false</showName>
            </layoutData>
        </startLink>
        <link name="Untitled">
            <lastModified isNull="true" />
            <lastModifiedBy isNull="true" />
            <processLinkId>2027.a76a80db-9977-43f8-99d4-76fbcbf60de0</processLinkId>
            <processId>1.f739fe14-5f7d-4ee7-9de0-075e51295d13</processId>
            <description isNull="true" />
            <fromProcessItemId>2025.3e28f81d-2212-47d3-9298-e92055add1d6</fromProcessItemId>
            <endStateId>guid:e60798330f6d3272:27c2018:105fa43a2f9:-7fc6</endStateId>
            <toProcessItemId>2025.d67ab83c-af9c-4b98-88a0-e13ec76f5d17</toProcessItemId>
            <guid>guid:197d4ddc90fc5427:-1c619ffe:11def1582ed:-7b63</guid>
            <versionId>0922ae57-090b-4540-9482-4f84a3a79515</versionId>
            <layoutData>
                <controlPoints />
                <showEndState>true</showEndState>
                <showName>false</showName>
            </layoutData>
            <fromItemPort locationId="rightCenter" portType="1" />
            <toItemPort locationId="leftCenter" portType="2" />
            <fromProcessItemId>2025.3e28f81d-2212-47d3-9298-e92055add1d6</fromProcessItemId>
            <toProcessItemId>2025.d67ab83c-af9c-4b98-88a0-e13ec76f5d17</toProcessItemId>
        </link>
        <link name="Untitled">
            <lastModified isNull="true" />
            <lastModifiedBy isNull="true" />
            <processLinkId>2027.520bf276-8999-4386-aea9-99cb10c1f3f8</processLinkId>
            <processId>1.f739fe14-5f7d-4ee7-9de0-075e51295d13</processId>
            <description isNull="true" />
            <fromProcessItemId>2025.3e28f81d-2212-47d3-9298-e92055add1d6</fromProcessItemId>
            <endStateId>guid:e60798330f6d3272:27c2018:105fa43a2f9:-7fc5</endStateId>
            <toProcessItemId>2025.209f7734-29d3-4deb-ba37-14f5e0cb2032</toProcessItemId>
            <guid>guid:c6eebe67d39bd9b0:-4eff6abe:11f908f6daa:-7bfc</guid>
            <versionId>510c087d-7905-4160-99c9-32005c24ce38</versionId>
            <layoutData>
                <controlPoints />
                <showEndState>true</showEndState>
                <showName>false</showName>
            </layoutData>
            <fromItemPort locationId="bottomRight" portType="1" />
            <toItemPort locationId="topRight" portType="2" />
            <fromProcessItemId>2025.3e28f81d-2212-47d3-9298-e92055add1d6</fromProcessItemId>
            <toProcessItemId>2025.209f7734-29d3-4deb-ba37-14f5e0cb2032</toProcessItemId>
        </link>
        <link name="Untitled">
            <lastModified isNull="true" />
            <lastModifiedBy isNull="true" />
            <processLinkId>2027.de57523d-fbd8-413d-9716-c069950a3ef1</processLinkId>
            <processId>1.f739fe14-5f7d-4ee7-9de0-075e51295d13</processId>
            <description isNull="true" />
            <fromProcessItemId>2025.3e28f81d-2212-47d3-9298-e92055add1d6</fromProcessItemId>
            <endStateId>guid:e60798330f6d3272:27c2018:105fa43a2f9:-7fc6</endStateId>
            <toProcessItemId>2025.d67ab83c-af9c-4b98-88a0-e13ec76f5d17</toProcessItemId>
            <guid>guid:197d4ddc90fc5427:-1c619ffe:11def1582ed:-7b63</guid>
            <versionId>5adf4701-c111-47a4-b3f2-59cc63a619b4</versionId>
            <layoutData>
                <controlPoints />
                <showEndState>true</showEndState>
                <showName>false</showName>
            </layoutData>
            <fromItemPort locationId="rightCenter" portType="1" />
            <toItemPort locationId="leftCenter" portType="2" />
            <fromProcessItemId>2025.3e28f81d-2212-47d3-9298-e92055add1d6</fromProcessItemId>
            <toProcessItemId>2025.d67ab83c-af9c-4b98-88a0-e13ec76f5d17</toProcessItemId>
        </link>
        <link name="Untitled">
            <lastModified isNull="true" />
            <lastModifiedBy isNull="true" />
            <processLinkId>2027.6f9591da-2ec4-4197-944b-451c56c95480</processLinkId>
            <processId>1.f739fe14-5f7d-4ee7-9de0-075e51295d13</processId>
            <description isNull="true" />
            <fromProcessItemId>2025.209f7734-29d3-4deb-ba37-14f5e0cb2032</fromProcessItemId>
            <endStateId>Out</endStateId>
            <toProcessItemId>2025.3e28f81d-2212-47d3-9298-e92055add1d6</toProcessItemId>
            <guid>guid:c6eebe67d39bd9b0:-4eff6abe:11f908f6daa:-7bf8</guid>
            <versionId>812113f3-1ad8-4651-8534-786a8f9082ba</versionId>
            <layoutData>
                <controlPoints />
                <showEndState>false</showEndState>
                <showName>false</showName>
            </layoutData>
            <fromItemPort locationId="topLeft" portType="1" />
            <toItemPort locationId="bottomLeft" portType="2" />
            <fromProcessItemId>2025.209f7734-29d3-4deb-ba37-14f5e0cb2032</fromProcessItemId>
            <toProcessItemId>2025.3e28f81d-2212-47d3-9298-e92055add1d6</toProcessItemId>
        </link>
        <link name="Untitled">
            <lastModified isNull="true" />
            <lastModifiedBy isNull="true" />
            <processLinkId>2027.612f05d0-ce4b-476c-802f-e613d4d213b5</processLinkId>
            <processId>1.f739fe14-5f7d-4ee7-9de0-075e51295d13</processId>
            <description isNull="true" />
            <fromProcessItemId>2025.ac34f458-2379-44fc-a762-a24cce8c52f4</fromProcessItemId>
            <endStateId>Out</endStateId>
            <toProcessItemId>2025.3e28f81d-2212-47d3-9298-e92055add1d6</toProcessItemId>
            <guid>guid:2525d7dda59ef37b:-76d53e50:122d27d1ce8:-7ff3</guid>
            <versionId>9f333672-7a0c-4de4-bb6d-905333be8e39</versionId>
            <layoutData>
                <controlPoints />
                <showEndState>false</showEndState>
                <showName>false</showName>
            </layoutData>
            <fromItemPort locationId="rightCenter" portType="1" />
            <toItemPort locationId="leftCenter" portType="2" />
            <fromProcessItemId>2025.ac34f458-2379-44fc-a762-a24cce8c52f4</fromProcessItemId>
            <toProcessItemId>2025.3e28f81d-2212-47d3-9298-e92055add1d6</toProcessItemId>
        </link>
    </process>
</teamworks>

