<?xml version="1.0" encoding="UTF-8"?>
<teamworks>
    <twClass id="12.20fdb1a2-f6ec-462e-8627-d49859ba42ae" name="Time">
        <lastModified>1322599114761</lastModified>
        <lastModifiedBy>Internal TW Admin user</lastModifiedBy>
        <classId>12.20fdb1a2-f6ec-462e-8627-d49859ba42ae</classId>
        <type>0</type>
        <isSystem>true</isSystem>
        <shared>false</shared>
        <isShadow>false</isShadow>
        <globalLifetime>false</globalLifetime>
        <internalName isNull="true" />
        <extensionType isNull="true" />
        <saveServiceRef isNull="true" />
        <bpmn2Data isNull="true" />
        <externalId isNull="true" />
        <dependencySummary isNull="true" />
        <description>Time Type</description>
        <guid>prePebbles:1005:11-25-2003 12:16:17</guid>
        <versionId>766f0779-fead-43b9-ba06-783778dd3cd8</versionId>
        <definition>
            <validator>
                <className isNull="true" />
                <errorMessage>Please enter a time using the format 'HH:mm:ss'</errorMessage>
                <webWidgetJavaClass>com.lombardisoftware.servlet.util.WebWidget</webWidgetJavaClass>
                <configData>
                    <schema>
                        <simpleType name="Time">
                            <restriction base="Time">
                                <format value="H:m:ss" />
                            </restriction>
                        </simpleType>
                    </schema>
                </configData>
            </validator>
        </definition>
    </twClass>
</teamworks>

