<?xml version="1.0" encoding="UTF-8"?>
<teamworks>
    <twClass id="12.3fa0d7a0-828a-4d60-99cc-db5ed143fc2d" name="Integer">
        <lastModified>1322559514902</lastModified>
        <lastModifiedBy>Internal TW Admin user</lastModifiedBy>
        <classId>12.3fa0d7a0-828a-4d60-99cc-db5ed143fc2d</classId>
        <type>0</type>
        <isSystem>true</isSystem>
        <shared>false</shared>
        <isShadow>false</isShadow>
        <globalLifetime>false</globalLifetime>
        <internalName isNull="true" />
        <extensionType isNull="true" />
        <saveServiceRef isNull="true" />
        <bpmn2Data isNull="true" />
        <externalId isNull="true" />
        <dependencySummary isNull="true" />
        <description>Integer Type</description>
        <guid>prePebbles:1002:11-25-2003 12:16:17</guid>
        <versionId>658f631e-8f9c-42cd-a688-1cdd318fb740</versionId>
        <definition>
            <validator>
                <className isNull="true" />
                <errorMessage>Please enter a number without a decimal point</errorMessage>
                <webWidgetJavaClass>com.lombardisoftware.servlet.util.WebWidget</webWidgetJavaClass>
                <configData>
                    <schema>
                        <simpleType name="Integer">
                            <restriction base="Integer" />
                        </simpleType>
                    </schema>
                </configData>
            </validator>
        </definition>
    </twClass>
</teamworks>

