<?xml version="1.0" encoding="UTF-8"?>
<teamworks>
    <twClass id="12.4715ae70-6fe9-4d51-a010-20ddb068bcdb" name="XMLDocument">
        <lastModified>1322559514902</lastModified>
        <lastModifiedBy>Internal TW Admin user</lastModifiedBy>
        <classId>12.4715ae70-6fe9-4d51-a010-20ddb068bcdb</classId>
        <type>3</type>
        <isSystem>true</isSystem>
        <shared>false</shared>
        <isShadow>false</isShadow>
        <globalLifetime>false</globalLifetime>
        <internalName isNull="true" />
        <extensionType isNull="true" />
        <saveServiceRef isNull="true" />
        <bpmn2Data isNull="true" />
        <externalId isNull="true" />
        <dependencySummary isNull="true" />
        <description>This class represents XML Document in IBM BPM. Use this class to indicate that a variable is XML Document</description>
        <guid>prePebbles:1007:11-25-2003 12:16:17</guid>
        <versionId>e5d299fc-3c90-41e5-99ce-5a2fa0a8e670</versionId>
        <definition>
            <validator>
                <className isNull="true" />
                <errorMessage isNull="true" />
                <webWidgetJavaClass isNull="true" />
                <configData>
                    <schema>
                        <simpleType name="XMLDocument">
                            <restriction base="String" />
                        </simpleType>
                    </schema>
                </configData>
            </validator>
        </definition>
    </twClass>
</teamworks>

