<?xml version="1.0" encoding="UTF-8"?>
<teamworks>
    <twClass id="12.536b2aa5-a30f-4eca-87fa-3a28066753ee" name="Decimal">
        <lastModified>1322599115089</lastModified>
        <lastModifiedBy>Internal TW Admin user</lastModifiedBy>
        <classId>12.536b2aa5-a30f-4eca-87fa-3a28066753ee</classId>
        <type>0</type>
        <isSystem>true</isSystem>
        <shared>false</shared>
        <isShadow>false</isShadow>
        <globalLifetime>false</globalLifetime>
        <internalName isNull="true" />
        <extensionType isNull="true" />
        <saveServiceRef isNull="true" />
        <bpmn2Data isNull="true" />
        <externalId isNull="true" />
        <dependencySummary isNull="true" />
        <description>Decimal Type</description>
        <guid>prePebbles:1003:11-25-2003 12:16:17</guid>
        <versionId>01def5ae-04c4-41ab-ab39-9413e5111480</versionId>
        <definition>
            <validator>
                <className isNull="true" />
                <errorMessage>Please enter a number</errorMessage>
                <webWidgetJavaClass>com.lombardisoftware.servlet.util.WebWidget</webWidgetJavaClass>
                <configData>
                    <schema>
                        <simpleType name="Decimal">
                            <restriction base="Decimal" />
                        </simpleType>
                    </schema>
                </configData>
            </validator>
        </definition>
    </twClass>
</teamworks>

