<?xml version="1.0" encoding="UTF-8"?>
<teamworks>
    <twClass id="12.68474ab0-d56f-47ee-b7e9-510b45a2a8be" name="Date">
        <lastModified>1322599115105</lastModified>
        <lastModifiedBy>Internal TW Admin user</lastModifiedBy>
        <classId>12.68474ab0-d56f-47ee-b7e9-510b45a2a8be</classId>
        <type>0</type>
        <isSystem>true</isSystem>
        <shared>false</shared>
        <isShadow>false</isShadow>
        <globalLifetime>false</globalLifetime>
        <internalName isNull="true" />
        <extensionType isNull="true" />
        <saveServiceRef isNull="true" />
        <bpmn2Data isNull="true" />
        <externalId isNull="true" />
        <dependencySummary isNull="true" />
        <description>Date Type</description>
        <guid>prePebbles:1004:11-25-2003 12:16:17</guid>
        <versionId>aff868d0-96e4-4986-968a-51b65549bed1</versionId>
        <definition>
            <validator>
                <className isNull="true" />
                <errorMessage>Please enter a date using the format 'M-d-yyyy'</errorMessage>
                <webWidgetJavaClass>com.lombardisoftware.servlet.util.WebWidget</webWidgetJavaClass>
                <configData>
                    <schema>
                        <simpleType name="Date">
                            <restriction base="Date">
                                <format value="M-d-yyyy" />
                            </restriction>
                        </simpleType>
                    </schema>
                </configData>
            </validator>
        </definition>
    </twClass>
</teamworks>

