<?xml version="1.0" encoding="UTF-8"?>
<teamworks>
    <twClass id="12.8a176cc2-eebb-4310-a9c7-9bc62b3a8002" name="XMLElement">
        <lastModified>1322599115198</lastModified>
        <lastModifiedBy>Internal TW Admin user</lastModifiedBy>
        <classId>12.8a176cc2-eebb-4310-a9c7-9bc62b3a8002</classId>
        <type>3</type>
        <isSystem>true</isSystem>
        <shared>false</shared>
        <isShadow>false</isShadow>
        <globalLifetime>false</globalLifetime>
        <internalName isNull="true" />
        <extensionType isNull="true" />
        <saveServiceRef isNull="true" />
        <bpmn2Data isNull="true" />
        <externalId isNull="true" />
        <dependencySummary isNull="true" />
        <description>This class represents XML Element in IBM BPM. Use this class to indicate that a variable is XML Element</description>
        <guid>prePebbles:1008:11-25-2003 12:16:17</guid>
        <versionId>0bdaef4c-ff47-4187-bfd6-815c1ce95af0</versionId>
        <definition>
            <validator>
                <className isNull="true" />
                <errorMessage isNull="true" />
                <webWidgetJavaClass isNull="true" />
                <configData>
                    <schema>
                        <simpleType name="XMLElement">
                            <restriction base="String" />
                        </simpleType>
                    </schema>
                </configData>
            </validator>
        </definition>
    </twClass>
</teamworks>

