<?xml version="1.0" encoding="UTF-8"?>
<teamworks>
    <twClass id="12.90c5b1d3-3fa1-4b3b-ab27-220b0652dc55" name="Map">
        <lastModified>1322599115214</lastModified>
        <lastModifiedBy>Internal TW Admin user</lastModifiedBy>
        <classId>12.90c5b1d3-3fa1-4b3b-ab27-220b0652dc55</classId>
        <type>3</type>
        <isSystem>true</isSystem>
        <shared>false</shared>
        <isShadow>false</isShadow>
        <globalLifetime>false</globalLifetime>
        <internalName isNull="true" />
        <extensionType isNull="true" />
        <saveServiceRef isNull="true" />
        <bpmn2Data isNull="true" />
        <externalId isNull="true" />
        <dependencySummary isNull="true" />
        <description>This class represents a Map type in IBM BPM. Use this class to indicate that a variable is of type Map. The only objects that can be assigned to a map are primitives and business objects.</description>
        <guid>prePebbles:1055:11-25-2003 12:16:17</guid>
        <versionId>c4eb525a-7178-4618-8232-6b22f07606dd</versionId>
        <definition>
            <validator>
                <className isNull="true" />
                <errorMessage isNull="true" />
                <webWidgetJavaClass isNull="true" />
                <configData>
                    <schema>
                        <simpleType name="Map">
                            <restriction base="String" />
                        </simpleType>
                    </schema>
                </configData>
            </validator>
        </definition>
    </twClass>
</teamworks>

