<?xml version="1.0" encoding="UTF-8"?>
<teamworks>
    <twClass id="12.c93cbe57-28b9-4b8c-a7a7-e8c77b734ace" name="XMLNodeList">
        <lastModified>1322599115229</lastModified>
        <lastModifiedBy>Internal TW Admin user</lastModifiedBy>
        <classId>12.c93cbe57-28b9-4b8c-a7a7-e8c77b734ace</classId>
        <type>3</type>
        <isSystem>true</isSystem>
        <shared>false</shared>
        <isShadow>false</isShadow>
        <globalLifetime>false</globalLifetime>
        <internalName isNull="true" />
        <extensionType isNull="true" />
        <saveServiceRef isNull="true" />
        <bpmn2Data isNull="true" />
        <externalId isNull="true" />
        <dependencySummary isNull="true" />
        <description>This class represents XML Node List in IBM BPM. Use this class to indicate that a variable is XML Node List</description>
        <guid>prePebbles:1009:11-25-2003 12:16:17</guid>
        <versionId>1bdc8bf9-f70b-431b-8758-44a10f8c0f8f</versionId>
        <definition>
            <validator>
                <className isNull="true" />
                <errorMessage isNull="true" />
                <webWidgetJavaClass isNull="true" />
                <configData>
                    <schema>
                        <simpleType name="XMLNodeList">
                            <restriction base="String" />
                        </simpleType>
                    </schema>
                </configData>
            </validator>
        </definition>
    </twClass>
</teamworks>

