<?xml version="1.0" encoding="UTF-8"?>
<teamworks>
    <twClass id="12.c09c9b6e-aabd-4897-bef2-ed61db106297" name="ANY">
        <lastModified>1322599115229</lastModified>
        <lastModifiedBy>Internal TW Admin user</lastModifiedBy>
        <classId>12.c09c9b6e-aabd-4897-bef2-ed61db106297</classId>
        <type>2</type>
        <isSystem>true</isSystem>
        <shared>false</shared>
        <isShadow>false</isShadow>
        <globalLifetime>false</globalLifetime>
        <internalName isNull="true" />
        <extensionType isNull="true" />
        <saveServiceRef isNull="true" />
        <bpmn2Data isNull="true" />
        <externalId isNull="true" />
        <dependencySummary isNull="true" />
        <description>This class represents anything in IBM BPM. Use this class to indicate that a variable can be of any type</description>
        <guid>prePebbles:1000:11-25-2003 12:16:17</guid>
        <versionId>3c13dea9-6f76-43a9-b7f9-0528023c202c</versionId>
        <definition>
            <validator>
                <className isNull="true" />
                <errorMessage isNull="true" />
                <webWidgetJavaClass isNull="true" />
                <configData>
                    <schema>
                        <simpleType name="ANY">
                            <restriction base="String" />
                        </simpleType>
                    </schema>
                </configData>
            </validator>
        </definition>
    </twClass>
</teamworks>

