<?xml version="1.0" encoding="UTF-8"?>
<teamworks>
    <twClass id="12.db884a3c-c533-44b7-bb2d-47bec8ad4022" name="String">
        <lastModified>1322599115245</lastModified>
        <lastModifiedBy>Internal TW Admin user</lastModifiedBy>
        <classId>12.db884a3c-c533-44b7-bb2d-47bec8ad4022</classId>
        <type>0</type>
        <isSystem>true</isSystem>
        <shared>false</shared>
        <isShadow>false</isShadow>
        <globalLifetime>false</globalLifetime>
        <internalName isNull="true" />
        <extensionType isNull="true" />
        <saveServiceRef isNull="true" />
        <bpmn2Data isNull="true" />
        <externalId isNull="true" />
        <dependencySummary isNull="true" />
        <description>String Type</description>
        <guid>prePebbles:1001:11-25-2003 12:16:17</guid>
        <versionId>0a22096d-1e34-4ab9-83c9-7936ce1d1601</versionId>
        <definition>
            <validator>
                <className isNull="true" />
                <errorMessage>Please enter a character string</errorMessage>
                <webWidgetJavaClass>com.lombardisoftware.servlet.util.WebWidget</webWidgetJavaClass>
                <configData>
                    <schema>
                        <simpleType name="String">
                            <restriction base="String" />
                        </simpleType>
                    </schema>
                </configData>
            </validator>
        </definition>
    </twClass>
</teamworks>

