<?xml version="1.0" encoding="UTF-8"?>
<teamworks>
    <twClass id="12.f453f500-ca4e-4264-a371-72c1892e8b7c" name="SQLParameter">
        <lastModified>1322599115292</lastModified>
        <lastModifiedBy>Internal TW Admin user</lastModifiedBy>
        <classId>12.f453f500-ca4e-4264-a371-72c1892e8b7c</classId>
        <type>1</type>
        <isSystem>false</isSystem>
        <shared>false</shared>
        <isShadow>false</isShadow>
        <globalLifetime>false</globalLifetime>
        <internalName isNull="true" />
        <extensionType isNull="true" />
        <saveServiceRef isNull="true" />
        <bpmn2Data isNull="true" />
        <externalId isNull="true" />
        <dependencySummary isNull="true" />
        <description>A SQLParameter is used with a SQLStatement to describe the parameter value, type, and mode information for used with parameterized SQL statements.</description>
        <guid>guid:aadba29fd56f20a8:-78e6b119:115ed53fa2b:-7f6b</guid>
        <versionId>21ddf18d-2fda-4323-ab6f-934898a3a245</versionId>
        <definition>
            <property>
                <name>value</name>
                <description>The value of this parameter. This is required if the parameter mode is IN or INOUT. It is not required for OUT mode parameters.</description>
                <classRef>/12.c09c9b6e-aabd-4897-bef2-ed61db106297</classRef>
                <arrayProperty>false</arrayProperty>
                <annotation type="com.lombardisoftware.core.xml.XMLFieldAnnotation" version="2.0">
                    <exclude isNull="true" />
                    <nodeType isNull="true" />
                    <name isNull="true" />
                    <namespace isNull="true" />
                    <typeName isNull="true" />
                    <typeNamespace isNull="true" />
                    <minOccurs isNull="true" />
                    <maxOccurs isNull="true" />
                    <nillable isNull="true" />
                    <order isNull="true" />
                    <wrapArray isNull="true" />
                    <arrayTypeName isNull="true" />
                    <arrayTypeAnonymous isNull="true" />
                    <arrayItemName isNull="true" />
                    <arrayItemWildcard isNull="true" />
                    <wildcard isNull="true" />
                    <wildcardVariety isNull="true" />
                    <wildcardMode isNull="true" />
                    <wildcardNamespace isNull="true" />
                    <parentModelGroupCompositor isNull="true" />
                    <timeZone isNull="true" />
                </annotation>
            </property>
            <property>
                <name>type</name>
                <description>The SQL type of this parameter. If the type is not specified for a parameter, then the default behavior of the underlying database driver will be used. Parameter types must be specified when invoking a stored procedure that uses OUT or INOUT parameters. To retrieve a result set from an Oracle stored procedure that has a REF CURSOR output parameter, use the ORACLE_CURSOR type. Note that multi-byte character support on Oracle requires using the special Oracle multi-byte types (ORACLE_NCHAR, etc.), otherwise multi-byte character data may be corrupted. Types can also be specified with precision/scale. This is required when using certain numeric types to avoid truncating the number when the type is used as an INOUT or OUT parameter from a callable statement. Ex: DECIMAL(31,10) Standard JDBC Types: ARRAY, BIGINT, BINARY, BIT, BLOB, BOOLEAN, CHAR, CLOB, DATALINK, DATE, DECIMAL, DISTINCT, DOUBLE, FLOAT, INTEGER, JAVA_OBJECT, LONGVARBINARY, LONGVARCHAR, NULL, NUMERIC, OTHER, REAL, REAL, SMALLINT, STRUCT, TIME, TIMESTAMP, TINYINT, VARBINARY, VARCHAR Oracle Specific Types: ORACLE_TIMESTAMPNS, ORACLE_TIMESTAMPTZ, ORACLE_TIMESTAMPLTZ, ORACLE_INTERVALYM, ORACLE_INTERVALDS, ORACLE_ROWID, ORACLE_CURSOR, ORACLE_BFILE, ORACLE_OPAQUE, ORACLE_JAVA_STRUCT, ORACLE_PLSQL_INDEX_TABLE, ORACLE_BINARY_FLOAT, ORACLE_BINARY_DOUBLE, ORACLE_FIXED_CHAR, ORACLE_NUMBER, ORACLE_RAW Oracle Specific Types for use with Multi-byte Character Data: ORACLE_NCHAR, ORACLE_NVARCHAR, ORACLE_NVARCHAR2, ORACLE_NCLOB DB2 Specific Types: DB2_ROWID, DB2_XML</description>
                <classRef>/12.db884a3c-c533-44b7-bb2d-47bec8ad4022</classRef>
                <arrayProperty>false</arrayProperty>
                <annotation type="com.lombardisoftware.core.xml.XMLFieldAnnotation" version="2.0">
                    <exclude isNull="true" />
                    <nodeType isNull="true" />
                    <name isNull="true" />
                    <namespace isNull="true" />
                    <typeName isNull="true" />
                    <typeNamespace isNull="true" />
                    <minOccurs isNull="true" />
                    <maxOccurs isNull="true" />
                    <nillable isNull="true" />
                    <order isNull="true" />
                    <wrapArray isNull="true" />
                    <arrayTypeName isNull="true" />
                    <arrayTypeAnonymous isNull="true" />
                    <arrayItemName isNull="true" />
                    <arrayItemWildcard isNull="true" />
                    <wildcard isNull="true" />
                    <wildcardVariety isNull="true" />
                    <wildcardMode isNull="true" />
                    <wildcardNamespace isNull="true" />
                    <parentModelGroupCompositor isNull="true" />
                    <timeZone isNull="true" />
                </annotation>
            </property>
            <property>
                <name>mode</name>
                <description>The mode of this parameter. If this is not specified, then the parameter mode defaults to IN. The mode must be specified for OUT or INOUT stored procedure parameters. Modes: IN, INOUT, OUT</description>
                <classRef>/12.db884a3c-c533-44b7-bb2d-47bec8ad4022</classRef>
                <arrayProperty>false</arrayProperty>
                <annotation type="com.lombardisoftware.core.xml.XMLFieldAnnotation" version="2.0">
                    <exclude isNull="true" />
                    <nodeType isNull="true" />
                    <name isNull="true" />
                    <namespace isNull="true" />
                    <typeName isNull="true" />
                    <typeNamespace isNull="true" />
                    <minOccurs isNull="true" />
                    <maxOccurs isNull="true" />
                    <nillable isNull="true" />
                    <order isNull="true" />
                    <wrapArray isNull="true" />
                    <arrayTypeName isNull="true" />
                    <arrayTypeAnonymous isNull="true" />
                    <arrayItemName isNull="true" />
                    <arrayItemWildcard isNull="true" />
                    <wildcard isNull="true" />
                    <wildcardVariety isNull="true" />
                    <wildcardMode isNull="true" />
                    <wildcardNamespace isNull="true" />
                    <parentModelGroupCompositor isNull="true" />
                    <timeZone isNull="true" />
                </annotation>
            </property>
            <validator>
                <className isNull="true" />
                <errorMessage isNull="true" />
                <webWidgetJavaClass isNull="true" />
                <configData>
                    <schema>
                        <simpleType name="SQLParameter">
                            <restriction base="String" />
                        </simpleType>
                    </schema>
                </configData>
            </validator>
            <annotation type="com.lombardisoftware.core.xml.XMLTypeAnnotation" version="2.0">
                <exclude isNull="true" />
                <anonymous isNull="true" />
                <name isNull="true" />
                <namespace isNull="true" />
                <elementName isNull="true" />
                <elementNamespace isNull="true" />
                <protoTypeName isNull="true" />
                <baseTypeName isNull="true" />
                <specialType isNull="true" />
                <contentTypeVariety isNull="true" />
                <xscRef isNull="true" />
            </annotation>
        </definition>
    </twClass>
</teamworks>

