<?xml version="1.0" encoding="UTF-8"?>
<teamworks>
    <trackingGroup id="14.4f197f6c-e12a-4694-9ebd-9532bfd9f5ea" name="SLATHRESHOLDTRAVERSALS">
        <lastModified>1361372673512</lastModified>
        <lastModifiedBy>Internal TW Admin user</lastModifiedBy>
        <trackingGroupId>14.4f197f6c-e12a-4694-9ebd-9532bfd9f5ea</trackingGroupId>
        <externalUniqueId>E3fcbcaaabf011</externalUniqueId>
        <isEnabled>true</isEnabled>
        <description isNull="true" />
        <guid>guid:67978a7b902310cd:b99e4c:110fb8b32f4:-7ff8</guid>
        <versionId>0b6f963b-0cca-40ad-a96b-f2a03c76eec2</versionId>
        <trackedVariable name="TARGET_VALUE">
            <lastModified isNull="true" />
            <lastModifiedBy isNull="true" />
            <trackedVariableId>17.b66e8140-822c-4108-965a-63400ee99972</trackedVariableId>
            <trackingGroupId>14.4f197f6c-e12a-4694-9ebd-9532bfd9f5ea</trackingGroupId>
            <externalUniqueId>I17f54464a111</externalUniqueId>
            <description>The target value for the metric when the SLA condition was evaluated</description>
            <type>number  </type>
            <guid>guid:197d4ddc90fc5427:-1c619ffe:11def1582ed:-7c3e</guid>
            <versionId>00146592-d201-46d2-b07d-ca1163ca5c1d</versionId>
        </trackedVariable>
        <trackedVariable name="VIOLATION_LEVEL">
            <lastModified isNull="true" />
            <lastModifiedBy isNull="true" />
            <trackedVariableId>17.aa29f2ef-aad0-4d94-b982-46938cde594e</trackedVariableId>
            <trackingGroupId>14.4f197f6c-e12a-4694-9ebd-9532bfd9f5ea</trackingGroupId>
            <externalUniqueId>L4464e77bbf011</externalUniqueId>
            <description>The violation level of the condition for the metric with &gt;=1.0 meaning violated and &lt;1.0 meaning not violated</description>
            <type>number  </type>
            <guid>guid:197d4ddc90fc5427:-1c619ffe:11def1582ed:-7c42</guid>
            <versionId>738ed751-eadc-4ada-b786-0e285b9301fe</versionId>
        </trackedVariable>
        <trackedVariable name="METRIC_VALUE">
            <lastModified isNull="true" />
            <lastModifiedBy isNull="true" />
            <trackedVariableId>17.8bac7553-c6e8-4102-86c0-28626eb2c40b</trackedVariableId>
            <trackingGroupId>14.4f197f6c-e12a-4694-9ebd-9532bfd9f5ea</trackingGroupId>
            <externalUniqueId>R418f2aeabf011</externalUniqueId>
            <description isNull="true" />
            <type>number  </type>
            <guid>guid:197d4ddc90fc5427:-1c619ffe:11def1582ed:-7c44</guid>
            <versionId>9e2a95bf-b707-4c5b-8b8d-7e27ae226a65</versionId>
        </trackedVariable>
        <trackedVariable name="TRACKING_POINT_GUID">
            <lastModified isNull="true" />
            <lastModifiedBy isNull="true" />
            <trackedVariableId>17.e6347869-d514-4829-a9e3-4ccbd96300ec</trackedVariableId>
            <trackingGroupId>14.4f197f6c-e12a-4694-9ebd-9532bfd9f5ea</trackingGroupId>
            <externalUniqueId>i43723aeabf011</externalUniqueId>
            <description isNull="true" />
            <type>string  </type>
            <guid>guid:197d4ddc90fc5427:-1c619ffe:11def1582ed:-7c3c</guid>
            <versionId>c0e91a04-8eee-4ffc-9906-5e48dc3484f0</versionId>
        </trackedVariable>
        <trackedVariable name="METRIC_GUID">
            <lastModified isNull="true" />
            <lastModifiedBy isNull="true" />
            <trackedVariableId>17.33324bd7-b0cc-439a-9037-ff2371de513d</trackedVariableId>
            <trackingGroupId>14.4f197f6c-e12a-4694-9ebd-9532bfd9f5ea</trackingGroupId>
            <externalUniqueId>B409d2aeabf011</externalUniqueId>
            <description isNull="true" />
            <type>string  </type>
            <guid>guid:197d4ddc90fc5427:-1c619ffe:11def1582ed:-7c40</guid>
            <versionId>e7177060-10fe-4b58-8fff-18aa14270ae4</versionId>
        </trackedVariable>
    </trackingGroup>
</teamworks>

