<?xml version="1.0" encoding="UTF-8"?>
<teamworks>
    <trackingGroup id="14.91102ea2-cbf0-4c06-9a3e-512700aa3132" name="PROCESSFLOWS">
        <lastModified>1361412273512</lastModified>
        <lastModifiedBy>Internal TW Admin user</lastModifiedBy>
        <trackingGroupId>14.91102ea2-cbf0-4c06-9a3e-512700aa3132</trackingGroupId>
        <externalUniqueId>j191150c60501</externalUniqueId>
        <isEnabled>true</isEnabled>
        <description isNull="true" />
        <guid>guid:2214d41009da2f1b:1612190:10506b446fa:-7ffe</guid>
        <versionId>f9a41f97-af14-4d5c-9c08-542aa2159584</versionId>
        <trackedVariable name="BPD_INSTANCE_ID">
            <lastModified isNull="true" />
            <lastModifiedBy isNull="true" />
            <trackedVariableId>17.99754a80-a215-44b1-a44b-7f9dbfe8464e</trackedVariableId>
            <trackingGroupId>14.91102ea2-cbf0-4c06-9a3e-512700aa3132</trackingGroupId>
            <externalUniqueId>G2e2ac9e60501</externalUniqueId>
            <description isNull="true" />
            <type>number  </type>
            <guid>guid:197d4ddc90fc5427:-1c619ffe:11def1582ed:-7c56</guid>
            <versionId>4dc170d1-16da-451e-9a4c-9af5ad110eca</versionId>
        </trackedVariable>
        <trackedVariable name="STEP_NUMBER">
            <lastModified isNull="true" />
            <lastModifiedBy isNull="true" />
            <trackedVariableId>17.07f99a83-80fc-42ba-befe-e2dca10910ea</trackedVariableId>
            <trackingGroupId>14.91102ea2-cbf0-4c06-9a3e-512700aa3132</trackingGroupId>
            <externalUniqueId>v1e34fcc4d501</externalUniqueId>
            <description isNull="true" />
            <type>number  </type>
            <guid>guid:197d4ddc90fc5427:-1c619ffe:11def1582ed:-7c54</guid>
            <versionId>a7a0c62f-f835-46c1-98f6-aa9dbe23f712</versionId>
        </trackedVariable>
        <trackedVariable name="SOURCE_EUID">
            <lastModified isNull="true" />
            <lastModifiedBy isNull="true" />
            <trackedVariableId>17.f48fe8b3-2733-4124-a92f-f8816b0e7df8</trackedVariableId>
            <trackingGroupId>14.91102ea2-cbf0-4c06-9a3e-512700aa3132</trackingGroupId>
            <externalUniqueId>p357498c94a111</externalUniqueId>
            <description isNull="true" />
            <type>string  </type>
            <guid>guid:197d4ddc90fc5427:-1c619ffe:11def1582ed:-7c4e</guid>
            <versionId>b7c3a6b7-c1fd-43d9-8aa8-b6d8aa36e1c4</versionId>
        </trackedVariable>
        <trackedVariable name="SEQUENCE_FLOW_ID">
            <lastModified isNull="true" />
            <lastModifiedBy isNull="true" />
            <trackedVariableId>17.22f0dd01-c2cd-4112-aa96-c3536c70f600</trackedVariableId>
            <trackingGroupId>14.91102ea2-cbf0-4c06-9a3e-512700aa3132</trackingGroupId>
            <externalUniqueId>q4d5ac9e60501</externalUniqueId>
            <description isNull="true" />
            <type>string  </type>
            <guid>guid:197d4ddc90fc5427:-1c619ffe:11def1582ed:-7c50</guid>
            <versionId>da852eee-e186-43ce-b1c4-c2120fef5622</versionId>
        </trackedVariable>
        <trackedVariable name="LOCAL_SNAPSHOT_ID">
            <lastModified isNull="true" />
            <lastModifiedBy isNull="true" />
            <trackedVariableId>17.32727ebc-edec-4efe-9e68-0b4ee64362e5</trackedVariableId>
            <trackingGroupId>14.91102ea2-cbf0-4c06-9a3e-512700aa3132</trackingGroupId>
            <externalUniqueId>e68ee50a5cb121</externalUniqueId>
            <description isNull="true" />
            <type>string  </type>
            <guid>guid:e7e45e553c24e2de:-17894eb2:121bc53649e:-7e1c</guid>
            <versionId>dcc7137f-22c4-452f-b7b3-df35d00a80bd</versionId>
        </trackedVariable>
        <trackedVariable name="BPD_ID">
            <lastModified isNull="true" />
            <lastModifiedBy isNull="true" />
            <trackedVariableId>17.4b6c5191-ecad-4b2a-bed2-0830c32fe034</trackedVariableId>
            <trackingGroupId>14.91102ea2-cbf0-4c06-9a3e-512700aa3132</trackingGroupId>
            <externalUniqueId>T3e4ac9e60501</externalUniqueId>
            <description isNull="true" />
            <type>string  </type>
            <guid>guid:197d4ddc90fc5427:-1c619ffe:11def1582ed:-7c52</guid>
            <versionId>f9eb232a-2cdf-4eb4-9b77-a8dca5a1765a</versionId>
        </trackedVariable>
    </trackingGroup>
</teamworks>

