<?xml version="1.0" encoding="UTF-8"?>
<teamworks>
    <layout id="20.0d6b42ea-b8aa-43db-8936-54acf755fc50" name="Side by side bar chart">
        <lastModified>1361372673512</lastModified>
        <lastModifiedBy>Internal TW Admin user</lastModifiedBy>
        <layoutId>20.0d6b42ea-b8aa-43db-8936-54acf755fc50</layoutId>
        <metaDataLabel isNull="true" />
        <metaDataUI isNull="true" />
        <type>PROPS</type>
        <url isNull="true" />
        <documentType>chart</documentType>
        <imageUrl isNull="true" />
        <layoutData>
&lt;# var msg = tw.resource.toolkit.TWSYS.ChartMessages; #&gt;

chart {
	antiAliasing : "true";
	antiAliasingText : "true";
	backgroundPaint : "#ffffffff";
	border : "@#border8";
	header : "@#label5";
	labels[0] : "&lt;#= msg.getChartDefString("chart.SideBySideBar.bar1.label") #&gt;";
	labels[1] : "&lt;#= msg.getChartDefString("chart.SideBySideBar.bar2.label") #&gt;";
	labels[2] : "&lt;#= msg.getChartDefString("chart.SideBySideBar.bar3.label") #&gt;";
	labels[3] : "&lt;#= msg.getChartDefString("chart.SideBySideBar.bar4.label") #&gt;";
	labels[4] : "&lt;#= msg.getChartDefString("chart.SideBySideBar.bar5.label") #&gt;";
	labels[5] : "&lt;#= msg.getChartDefString("chart.SideBySideBar.bar6.label") #&gt;";
	legendPosition : "Absolute";
	legendVisible : "true";
	name : "&lt;#= msg.getChartDefString("chart.SideBySideBar.name") #&gt;";
	opaque : "true";
	preferredSize : "578,325";
	projectorReversed : "false";
	renderingType : "BAR";
	sampleSeries[0] : "&lt;#= msg.getChartDefString("chart.SideBySideBar.dataSet1.text") #&gt;,100,125,245.78,147,67,67:BAR";
	sampleSeries[1] : "&lt;#= msg.getChartDefString("chart.SideBySideBar.dataSet2.text") #&gt;,10,100,300,10,100,50:BAR";
	type : "CARTESIAN";
	XGridVisible : "false";
	YGridVisible : "true";
}

chartGrid {
	fill : "true";
	majorPaint : "#FFedf2f6";
	majorStroke : "@=stroke4";
}

chartLegend {
	antiAliasing : "true";
	antiAliasingText : "true";
	border : "@#border7";
	followChartResize : "true";
	font : "SansSerif,10";
	foreground : "dimgray";
	location : "75,35";
	paintingBackground : "false";
}

chartScale[axisIndex="-1"] {
	foreground : "#ff000000";
	labelColor : "#ff000000";
	labelFont : "SansSerif-10";
	labelRotation : "0";
	majorTickVisible : "true";
	title : "&lt;#= msg.getChartDefString("chart.SideBySideBar.bottomAxis.title") #&gt;";
	titleColor : "#ff000000";
	titleRotation : "-0.0";
}

chartScale[axisIndex="0"] {
	autoDataRange : "true";
	foreground : "#FF4580b4";
	labelColor : "#FF4580b4";
	labelFont : "SansSerif-10";
	labelRotation : "0";
	majorTickVisible : "true";
	title : "&lt;#= msg.getChartDefString("chart.SideBySideBar.leftAxis.title") #&gt;";
	titleColor : "#FF4580b4";
	titleRotation : "-90.0";
}

chartScale[axisIndex="0"] axis {
	autoVisibleRange : "true";
}



series[index="0"] {
	color1 : "#FFfeedcb";
	renderingType : "CLUSTERED_BAR";
}

series[index="1"] {
	color1 : "#FFc4def4";
	renderingType : "CLUSTERED_BAR";
}

Subobject#border3 {
	bottom : "2";
	class : "javax.swing.border.EmptyBorder(top,left,bottom,right)";
	left : "2";
	right : "2";
	top : "2";
}

Subobject#border6 {
	bottom : "2";
	class : "javax.swing.border.EmptyBorder(top,left,bottom,right)";
	left : "2";
	right : "2";
	top : "2";
}

Subobject#border7 {
	bottom : "1";
	class : "javax.swing.border.EmptyBorder(top,left,bottom,right)";
	left : "1";
	right : "1";
	top : "1";
}

Subobject#border8 {
	bottom : "1";
	class : "javax.swing.border.EmptyBorder(top,left,bottom,right)";
	left : "1";
	right : "1";
	top : "1";
}

Subobject#label2 {
	border : "@#border3";
	class : "ilog.views.chart.swing.IlvJLabel";
	font : "SansSerif-16";
	foreground : "#ff000000";
	horizontalAlignment : "0";
	text : "&lt;#= msg.getChartDefString("chart.SideBySideBar.header") #&gt;";
}

Subobject#label5 {
	border : "@#border6";
	class : "ilog.views.chart.swing.IlvJLabel";
	font : "SansSerif-16";
	foreground : "#ff000000";
	horizontalAlignment : "0";
	text : "&lt;#= msg.getChartDefString("chart.SideBySideBar.header") #&gt;";
}

Subobject#stroke4 {
	class : "java.awt.BasicStroke(lineWidth,endCap,lineJoin,miterLimit,dashArray,dashPhase)";
	dashPhase : "0.0";
	endCap : "0";
	lineJoin : "2";
	lineWidth : "1";
	miterLimit : "3.732051";
}
</layoutData>
        <description>Chart</description>
        <guid>guid:948579733943e104:28e4a9e:107e9266638:-7ece</guid>
        <versionId>b8b0fe32-57f1-4575-ad26-495ca0beb659</versionId>
        <layoutParam name="ChartLineSeries">
            <lastModified isNull="true" />
            <lastModifiedBy isNull="true" />
            <layoutParamId>2023.01b0409a-feeb-4154-8e1f-34a51152a883</layoutParamId>
            <layoutId>20.0d6b42ea-b8aa-43db-8936-54acf755fc50</layoutId>
            <value>0</value>
            <type isNull="true" />
            <seq isNull="true" />
            <guid>guid:197d4ddc90fc5427:-1c619ffe:11def1582ed:-7ef3</guid>
            <versionId>6efd6450-b07a-4922-ab6d-44409e1581d9</versionId>
        </layoutParam>
        <layoutParam name="ChartBarSeries">
            <lastModified isNull="true" />
            <lastModifiedBy isNull="true" />
            <layoutParamId>2023.4615a00d-6892-4661-b1d3-99e9ea614069</layoutParamId>
            <layoutId>20.0d6b42ea-b8aa-43db-8936-54acf755fc50</layoutId>
            <value>50</value>
            <type isNull="true" />
            <seq isNull="true" />
            <guid>guid:197d4ddc90fc5427:-1c619ffe:11def1582ed:-7ef5</guid>
            <versionId>795b1d04-6ce4-49bd-8492-cdf409a9c5dd</versionId>
        </layoutParam>
        <layoutParam name="ChartPieSeries">
            <lastModified isNull="true" />
            <lastModifiedBy isNull="true" />
            <layoutParamId>2023.d03888e7-8138-40e4-935e-f01a74d2caac</layoutParamId>
            <layoutId>20.0d6b42ea-b8aa-43db-8936-54acf755fc50</layoutId>
            <value>0</value>
            <type isNull="true" />
            <seq isNull="true" />
            <guid>guid:197d4ddc90fc5427:-1c619ffe:11def1582ed:-7ef1</guid>
            <versionId>84138c28-075c-4fd2-8466-7b0b7076789e</versionId>
        </layoutParam>
        <layoutParam name="ChartType">
            <lastModified isNull="true" />
            <lastModifiedBy isNull="true" />
            <layoutParamId>2023.80178f8c-50c5-4e8d-b021-bb02f9811901</layoutParamId>
            <layoutId>20.0d6b42ea-b8aa-43db-8936-54acf755fc50</layoutId>
            <value>Bar Chart</value>
            <type isNull="true" />
            <seq isNull="true" />
            <guid>guid:197d4ddc90fc5427:-1c619ffe:11def1582ed:-7ef7</guid>
            <versionId>91f40496-694b-47f2-935f-84eab8a84efa</versionId>
        </layoutParam>
    </layout>
</teamworks>

