<?xml version="1.0" encoding="UTF-8"?>
<teamworks>
    <layout id="20.2f55ccf6-c8b4-4108-bc17-ccff3fd84712" name="XY Chart">
        <lastModified>1361372673512</lastModified>
        <lastModifiedBy>Internal TW Admin user</lastModifiedBy>
        <layoutId>20.2f55ccf6-c8b4-4108-bc17-ccff3fd84712</layoutId>
        <metaDataLabel isNull="true" />
        <metaDataUI isNull="true" />
        <type>PROPS</type>
        <url isNull="true" />
        <documentType>chart</documentType>
        <imageUrl isNull="true" />
        <layoutData>
&lt;# var msg = tw.resource.toolkit.TWSYS.ChartMessages; #&gt;

chart {
	3D : "false";
	antiAliasing : "true";
	antiAliasingText : "true";
	backgroundPaint : "#ffffffff";
	border : "@#border14";
	header : "@#label12";
	name : "&lt;#= msg.getChartDefString("chart.XY.name") #&gt;";
	opaque : "true";
	preferredSize : "414,301";
	renderingType : "SCATTER";
	sampleSeries[0] : "&lt;#= msg.getChartDefString("chart.XY.lineSet1.text") #&gt;,(12.5,27),(44.567,50):LINE";
	sampleSeries[1] : "&lt;#= msg.getChartDefString("chart.XY.lineSet2.text") #&gt;,(-20,50),(10,-30):LINE";
	XGridVisible : "true";
	yAxis1 : "true,false";
	YGridVisible : "true";
}

chartGrid {
	majorPaint : "#ffd3d3d3";
	majorStroke : "@=stroke11";
}

chartLegend {
	antiAliasing : "true";
	antiAliasingText : "true";
}

chartScale[axisIndex="-1"] {
	autoDataRange : "false";
	foreground : "#ff000000";
	labelColor : "#ff000000";
	labelFont : "SansSerif-10";
	majorTickVisible : "true";
	stepsDefinition : "@#stepsDefinition6";
	titleColor : "#ff000000";
	titleRotation : "-0.0";
}

chartScale[axisIndex="-1"] axis {
	autoVisibleRange : "true";
	dataMax : "150.0";
	dataMin : "-150.0";
}



chartScale[axisIndex="0"] {
	autoDataRange : "false";
	foreground : "#ff000000";
	labelColor : "#ff000000";
	labelFont : "SansSerif-10";
	majorTickVisible : "true";
	stepsDefinition : "@#stepsDefinition8";
	titleColor : "#ff000000";
	titleRotation : "-0.0";
}

chartScale[axisIndex="0"] axis {
	autoVisibleRange : "true";
	dataMax : "150.0";
	dataMin : "-150.0";
}



chartScale[axisIndex="1"] {
	autoDataRange : "false";
	labelFont : "SansSerif-10";
	labelRotation : "0";
	majorTickVisible : "true";
	stepsDefinition : "@#stepsDefinition10";
}

chartScale[axisIndex="1"] axis {
	autoVisibleRange : "true";
	dataMax : "150.0";
	dataMin : "-150.0";
}



series[index="0"] {
	color1 : "#FF005699";
	color2 : "#ff0000ff";
	marker : "CIRCLE";
	markerSize : "10";
	renderingType : "AREA";
	stroke : "@#stroke1";
}

series[index="1"] {
	color1 : "#FFdace98";
	color2 : "#ff0000ff";
	marker : "SQUARE";
	markerSize : "3";
	renderingType : "POLYLINE";
	stroke : "@#stroke2";
}

Subobject#border13 {
	bottom : "1";
	class : "javax.swing.border.EmptyBorder(top,left,bottom,right)";
	left : "1";
	right : "1";
	top : "1";
}

Subobject#border14 {
	bottom : "0";
	class : "javax.swing.border.EmptyBorder(top,left,bottom,right)";
	left : "0";
	right : "0";
	top : "0";
}

Subobject#border4 {
	bottom : "1";
	class : "javax.swing.border.EmptyBorder(top,left,bottom,right)";
	left : "1";
	right : "1";
	top : "1";
}

Subobject#label12 {
	border : "@#border13";
	class : "ilog.views.chart.swing.IlvJLabel";
	font : "SansSerif-12";
	foreground : "#ff000000";
	horizontalAlignment : "0";
	text : "&lt;#= msg.getChartDefString("chart.XY.header") #&gt;";
}

Subobject#label3 {
	border : "@#border4";
	class : "ilog.views.chart.swing.IlvJLabel";
	font : "SansSerif-12";
	foreground : "#ff000000";
	horizontalAlignment : "0";
	text : "&lt;#= msg.getChartDefString("chart.XY.header") #&gt;";
}

Subobject#stepsDefinition10 {
	autoStepUnit : "false";
	class : "ilog.views.chart.IlvDefaultStepsDefinition";
	stepUnit : "25";
}

Subobject#stepsDefinition6 {
	autoStepUnit : "false";
	class : "ilog.views.chart.IlvDefaultStepsDefinition";
	stepUnit : "25";
}

Subobject#stepsDefinition8 {
	autoStepUnit : "false";
	class : "ilog.views.chart.IlvDefaultStepsDefinition";
	stepUnit : "25";
}

Subobject#stepsDefinition9 {
	autoStepUnit : "false";
	class : "ilog.views.chart.IlvDefaultStepsDefinition";
	stepUnit : "250";
}

Subobject#stroke1 {
	class : "java.awt.BasicStroke(lineWidth,endCap,lineJoin,miterLimit,dashArray,dashPhase)";
	dashPhase : "0.0";
	endCap : "0";
	lineJoin : "2";
	lineWidth : "1";
	miterLimit : "3.732051";
}

Subobject#stroke11 {
	class : "java.awt.BasicStroke(lineWidth,endCap,lineJoin,miterLimit,dashArray,dashPhase)";
	dashArray[0] : "4";
	dashArray[1] : "4";
	dashPhase : "0.0";
	endCap : "0";
	lineJoin : "2";
	lineWidth : "1";
	miterLimit : "3.732051";
}

Subobject#stroke2 {
	class : "java.awt.BasicStroke(lineWidth,endCap,lineJoin,miterLimit,dashArray,dashPhase)";
	dashPhase : "0.0";
	endCap : "0";
	lineJoin : "2";
	lineWidth : "1";
	miterLimit : "3.732051";
}
</layoutData>
        <description isNull="true" />
        <guid>guid:948579733943e104:28e4a9e:107e9266638:-7ec9</guid>
        <versionId>e060cc65-a392-4723-ad81-01e3d2b2af61</versionId>
        <layoutParam name="ChartType">
            <lastModified isNull="true" />
            <lastModifiedBy isNull="true" />
            <layoutParamId>2023.72267a95-eb18-4c29-aa67-e13982dff01e</layoutParamId>
            <layoutId>20.2f55ccf6-c8b4-4108-bc17-ccff3fd84712</layoutId>
            <value>XY Chart</value>
            <type isNull="true" />
            <seq isNull="true" />
            <guid>guid:197d4ddc90fc5427:-1c619ffe:11def1582ed:-7eca</guid>
            <versionId>1049ada1-6d10-4624-ada3-8f15ab6dc599</versionId>
        </layoutParam>
        <layoutParam name="ChartPieSeries">
            <lastModified isNull="true" />
            <lastModifiedBy isNull="true" />
            <layoutParamId>2023.6ae79de3-eea5-4901-b2a7-a344f64e605b</layoutParamId>
            <layoutId>20.2f55ccf6-c8b4-4108-bc17-ccff3fd84712</layoutId>
            <value>0</value>
            <type isNull="true" />
            <seq isNull="true" />
            <guid>guid:197d4ddc90fc5427:-1c619ffe:11def1582ed:-7ec4</guid>
            <versionId>aba9a90e-7e71-42c8-a08d-f2849026ac40</versionId>
        </layoutParam>
        <layoutParam name="ChartBarSeries">
            <lastModified isNull="true" />
            <lastModifiedBy isNull="true" />
            <layoutParamId>2023.cf7674c5-42d6-4f9c-b410-ede769e13abd</layoutParamId>
            <layoutId>20.2f55ccf6-c8b4-4108-bc17-ccff3fd84712</layoutId>
            <value>0</value>
            <type isNull="true" />
            <seq isNull="true" />
            <guid>guid:197d4ddc90fc5427:-1c619ffe:11def1582ed:-7ec8</guid>
            <versionId>b612f0f5-a9ac-44cc-9bca-8d76bf930067</versionId>
        </layoutParam>
        <layoutParam name="ChartLineSeries">
            <lastModified isNull="true" />
            <lastModifiedBy isNull="true" />
            <layoutParamId>2023.dedae078-c553-458f-a673-5760b3fa8255</layoutParamId>
            <layoutId>20.2f55ccf6-c8b4-4108-bc17-ccff3fd84712</layoutId>
            <value>50</value>
            <type isNull="true" />
            <seq isNull="true" />
            <guid>guid:197d4ddc90fc5427:-1c619ffe:11def1582ed:-7ec6</guid>
            <versionId>f31c7544-f72b-4b71-a80d-6a0313e36432</versionId>
        </layoutParam>
    </layout>
</teamworks>

