<?xml version="1.0" encoding="UTF-8"?>
<teamworks>
    <layout id="20.6b1c4ea8-f9e3-4151-a3cd-e2be4a53ce5a" name="Advanced - Insert EPV Value">
        <lastModified>1361412273512</lastModified>
        <lastModifiedBy>Internal TW Admin user</lastModifiedBy>
        <layoutId>20.6b1c4ea8-f9e3-4151-a3cd-e2be4a53ce5a</layoutId>
        <metaDataLabel isNull="true" />
        <metaDataUI isNull="true" />
        <type>SCRIPT</type>
        <url isNull="true" />
        <documentType>datasource</documentType>
        <imageUrl>datasource_images/datasource_function.jpg</imageUrl>
        <layoutData>var labels = reportLabels;
var seriesName = settings.legendName;
if (seriesName == null)
   seriesName = "unnamed";

if (labels.arrayLength == 0)
   throw "Cannot use expression transformation with no other datasource present as well (no labels found). Make sure " +
         "another datasource is present and executed before the expression one.";

for (var i = 0 ; i &lt; labels.arrayLength ; i++ ) {
   var value = String(report.epv[settings.epvName][settings.epvVariableName]);
   addDataToSeries(seriesName, i, value);
}</layoutData>
        <description>Creates a serie based on a EPV Variable value. This datasource cannot be used alone it has to be together with another datasource providing the possible x labels</description>
        <guid>prePebbles:4355:11-25-2003 12:13:46</guid>
        <versionId>ff1c214b-275e-4244-a586-1883423b87e8</versionId>
        <layoutParam name="epvName">
            <lastModified isNull="true" />
            <lastModifiedBy isNull="true" />
            <layoutParamId>2023.da8ccc2a-8b2b-469d-8c2a-9b4d3bbc27f7</layoutParamId>
            <layoutId>20.6b1c4ea8-f9e3-4151-a3cd-e2be4a53ce5a</layoutId>
            <value isNull="true" />
            <type isNull="true" />
            <seq isNull="true" />
            <guid>guid:197d4ddc90fc5427:-1c619ffe:11def1582ed:-7fe0</guid>
            <versionId>2e004a55-b2f3-4c21-bc01-6724e46ede31</versionId>
        </layoutParam>
        <layoutParam name="epvVariableName">
            <lastModified isNull="true" />
            <lastModifiedBy isNull="true" />
            <layoutParamId>2023.fddc705c-7ccd-40be-b959-94d346cbb438</layoutParamId>
            <layoutId>20.6b1c4ea8-f9e3-4151-a3cd-e2be4a53ce5a</layoutId>
            <value isNull="true" />
            <type isNull="true" />
            <seq isNull="true" />
            <guid>guid:197d4ddc90fc5427:-1c619ffe:11def1582ed:-7fde</guid>
            <versionId>75059b46-e314-4b9a-bc69-3fc1b707e029</versionId>
        </layoutParam>
        <layoutParam name="legendName">
            <lastModified isNull="true" />
            <lastModifiedBy isNull="true" />
            <layoutParamId>2023.58f2b05b-65b5-429c-aeb2-01a00b75a278</layoutParamId>
            <layoutId>20.6b1c4ea8-f9e3-4151-a3cd-e2be4a53ce5a</layoutId>
            <value isNull="true" />
            <type isNull="true" />
            <seq isNull="true" />
            <guid>guid:197d4ddc90fc5427:-1c619ffe:11def1582ed:-7fe2</guid>
            <versionId>bfa4cbf5-c971-4fee-99c0-e7ee5769d685</versionId>
        </layoutParam>
    </layout>
</teamworks>

