<?xml version="1.0" encoding="UTF-8"?>
<teamworks>
    <layout id="20.86830f19-bbaf-4f4b-8fc1-f79ee7f5d82d" name="SQL Advanced - Value Pairs (XY)">
        <lastModified>1361372673512</lastModified>
        <lastModifiedBy>Internal TW Admin user</lastModifiedBy>
        <layoutId>20.86830f19-bbaf-4f4b-8fc1-f79ee7f5d82d</layoutId>
        <metaDataLabel isNull="true" />
        <metaDataUI isNull="true" />
        <type>SCRIPT</type>
        <url isNull="true" />
        <documentType>datasource</documentType>
        <imageUrl>datasource_images/datasource_twsql.jpg</imageUrl>
        <layoutData>var seriesName;
if (settings.seriesName != null)
  seriesName = settings.seriesName;

// Process integration components
for (var icidx = 0; icidx &lt; settings.ics.arrayLength; icidx++)
{
  log.debug("ic name is " + settings.ics[icidx]);

  // Find and execute the IntegrationComponent
  var ic = IntegrationComponent.getByName(settings.ics[icidx]);
  ic.execute();

  if (typeof icresults != 'undefined')
    icresults[icresults.arrayLength] = ic.resultArray;

  //log.debug("resultArray is " + ic.resultArray.describe());
  var records = ic.resultArray[0].record;
  //log.debug("records is " + records);

  if (records) {
    addDataFromRecords(records);
  }
}

// log.debug("reportSeries == " + reportSeries.describe());

// Process services
for (var idx = 0; idx &lt; settings.services.arrayLength; idx++)
{
  log.debug("service name is " + settings.services[idx].name);

  var resultMap = settings.services[idx].execute();
  var result = resultMap.get("results");
  var records = result.record;

  if (records) {
    addDataFromRecords(records);
    // Go through all the rows in the resultSet
  }
}

function addDataFromRecords(records) {
  for (var i = 0; i &lt; records.length; i++) {

    var record = records[i];
    var columns = record.column;

    if (seriesName == null)
      seriesName = columns[0].getAttribute("name");

    var value1 = columns[0].getText();
    if (isNaN(value1))
      throw "display value 0 (x) for ic #" + icidx + ", row #" + i + "[" + labelValue + "] " +
            " is not a number (was: " + displayValue + ")";

    var value2 = columns[1].getText();
    if (isNaN(value2))
      throw "display value 1 (y) for ic #" + icidx + ", row #" + i + "[" + labelValue + "] " +
            " is not a number (was: " + displayValue + ")";

    var coordinate = new TWObject();
    coordinate[0] = value1;
    coordinate[1] = value2;

    addDataToSeries(seriesName, i, coordinate);
  }
}</layoutData>
        <description>This transformation can be used to transform sql results where labels are in the first column and series are defined in the following columns. This transformation will never produce more than one series. The label column is needed but does not need to be distinct values. The parameter, seriesName, is optional. If not provided the name of the series is retrieved using the name of the label column.</description>
        <guid>prePebbles:3091:11-25-2003 12:13:46</guid>
        <versionId>858ebd42-4758-44c2-ab5e-64e9a3671136</versionId>
        <layoutParam name="seriesNames">
            <lastModified isNull="true" />
            <lastModifiedBy isNull="true" />
            <layoutParamId>2023.93cf9e8f-35e7-44ba-8ce2-962515641c9b</layoutParamId>
            <layoutId>20.86830f19-bbaf-4f4b-8fc1-f79ee7f5d82d</layoutId>
            <value isNull="true" />
            <type isNull="true" />
            <seq isNull="true" />
            <guid>guid:197d4ddc90fc5427:-1c619ffe:11def1582ed:-7fe6</guid>
            <versionId>54f4305b-ae93-43f2-8de3-f48a1dba0283</versionId>
        </layoutParam>
    </layout>
</teamworks>

