<?xml version="1.0" encoding="UTF-8"?>
<teamworks>
    <layout id="20.a5de3b8a-93ac-48e9-a709-ca84c5cc6895" name="Simple Combo Chart">
        <lastModified>1361372673512</lastModified>
        <lastModifiedBy>Internal TW Admin user</lastModifiedBy>
        <layoutId>20.a5de3b8a-93ac-48e9-a709-ca84c5cc6895</layoutId>
        <metaDataLabel isNull="true" />
        <metaDataUI isNull="true" />
        <type>PROPS</type>
        <url isNull="true" />
        <documentType>chart</documentType>
        <imageUrl isNull="true" />
        <layoutData>
&lt;# var msg = tw.resource.toolkit.TWSYS.ChartMessages; #&gt;

chart {
	antiAliasing : "true";
	antiAliasingText : "true";
	backgroundPaint : "#ffffffff";
	border : "@#border12";
	header : "@#label9";
	labels[0] : "&lt;#= msg.getChartDefString("chart.SimpleCombo.bar1.label") #&gt;";
	labels[1] : "&lt;#= msg.getChartDefString("chart.SimpleCombo.bar2.label") #&gt;";
	labels[2] : "&lt;#= msg.getChartDefString("chart.SimpleCombo.bar3.label") #&gt;";
	labels[3] : "&lt;#= msg.getChartDefString("chart.SimpleCombo.bar4.label") #&gt;";
	legendPosition : "South";
	legendVisible : "true";
	name : "&lt;#= msg.getChartDefString("chart.SimpleCombo.name") #&gt;";
	opaque : "true";
	preferredSize : "446,291";
	projectorReversed : "false";
	renderingType : "COMBO";
	sampleSeries[0] : "&lt;#= msg.getChartDefString("chart.SimpleCombo.dataSet1.text") #&gt;,15,10,15,10:BAR";
	sampleSeries[1] : "&lt;#= msg.getChartDefString("chart.SimpleCombo.dataSet2.text") #&gt;,8,12,18,22:BAR";
	sampleSeries[2] : "&lt;#= msg.getChartDefString("chart.SimpleCombo.lineSet1.text") #&gt;,(0,3),(1,7.5),(2,5),(3,7.5):LINE";
	sampleSeries[3] : "&lt;#= msg.getChartDefString("chart.SimpleCombo.lineSet1.text") #&gt;,(0,35),(1,30),(2,22),(3,18):LINE";
	XGridVisible : "false";
	YGridVisible : "true";
}

chartGrid {
	fill : "true";
	majorPaint : "#FFedf2f6";
	majorStroke : "@=stroke8";
}

chartLegend {
	antiAliasing : "true";
	antiAliasingText : "true";
	background : "#ffffffff";
	border : "@#border11";
	followChartResize : "true";
	font : "SansSerif,10";
	foreground : "black";
	paintingBackground : "true";
}

chartScale[axisIndex="-1"] {
	foreground : "#ff000000";
	labelColor : "#ff000000";
	labelFont : "SansSerif-10";
	labelRotation : "0";
	majorTickVisible : "true";
	title : "&lt;#= msg.getChartDefString("chart.SimpleCombo.bottomAxis.title") #&gt;";
	titleColor : "#ff000000";
	titleRotation : "-0.0";
}

chartScale[axisIndex="0"] {
	autoDataRange : "true";
	foreground : "#FF4680B3";
	labelColor : "#FF4680B3";
	labelFont : "SansSerif-10";
	labelRotation : "0";
	majorTickVisible : "true";
	title : "&lt;#= msg.getChartDefString("chart.SimpleCombo.leftAxis.title") #&gt;";
	titleColor : "#FF4680B3";
	titleRotation : "-90.0";
}

chartScale[axisIndex="0"] axis {
	autoVisibleRange : "true";
}



series[index="0"] {
	color1 : "@=color2";
	renderingType : "CLUSTERED_BAR";
}

series[index="1"] {
	color1 : "@=color3";
	renderingType : "CLUSTERED_BAR";
}

series[index="2"] {
	color1 : "#ff008000";
	color2 : "#ff008000";
	marker : "CROSS";
	markerSize : "5";
	renderingType : "POLYLINE";
	stroke : "@#stroke4";
}

series[index="3"] {
	color1 : "#ffffa500";
	color2 : "#ffffa500";
	marker : "TRIANGLE";
	markerSize : "5";
	renderingType : "POLYLINE";
	stroke : "@#stroke5";
}

Subobject#border10 {
	bottom : "2";
	class : "javax.swing.border.EmptyBorder(top,left,bottom,right)";
	left : "2";
	right : "2";
	top : "2";
}

Subobject#border11 {
	bottom : "4";
	class : "javax.swing.border.EmptyBorder(top,left,bottom,right)";
	left : "4";
	right : "4";
	top : "4";
}

Subobject#border12 {
	bottom : "1";
	class : "javax.swing.border.EmptyBorder(top,left,bottom,right)";
	left : "1";
	right : "1";
	top : "1";
}

Subobject#border7 {
	bottom : "2";
	class : "javax.swing.border.EmptyBorder(top,left,bottom,right)";
	left : "2";
	right : "2";
	top : "2";
}

Subobject#color2 {
	adapting : "true";
	class : "ilog.views.util.java2d.IlvLinearGradientPaint(start,end,stops,colors,spreadMethod,colorSpace,transform,adapting)";
	colors[0] : "#FF87C0E8";
	colors[1] : "#FFC5DFF4";
	colorSpace : "SRGB";
	end : "0.5,0.0";
	spreadMethod : "PAD";
	start : "0.5,1.0";
	stops[0] : "0.0";
	stops[1] : "1.0";
}

Subobject#color3 {
	adapting : "true";
	class : "ilog.views.util.java2d.IlvLinearGradientPaint(start,end,stops,colors,spreadMethod,colorSpace,transform,adapting)";
	colors[0] : "#FFFEC658";
	colors[1] : "#FFFEEDCC";
	colorSpace : "SRGB";
	end : "0.5,0.0";
	spreadMethod : "PAD";
	start : "0.5,1.0";
	stops[0] : "0.0";
	stops[1] : "1.0";
}

Subobject#label6 {
	border : "@#border7";
	class : "ilog.views.chart.swing.IlvJLabel";
	font : "SansSerif-16";
	foreground : "#ff000000";
	horizontalAlignment : "0";
	text : "&lt;#= msg.getChartDefString("chart.SimpleCombo.header") #&gt;";
}

Subobject#label9 {
	border : "@#border10";
	class : "ilog.views.chart.swing.IlvJLabel";
	font : "SansSerif-16";
	foreground : "#ff000000";
	horizontalAlignment : "0";
	text : "&lt;#= msg.getChartDefString("chart.SimpleCombo.header") #&gt;";
}

Subobject#stroke4 {
	class : "java.awt.BasicStroke(lineWidth,endCap,lineJoin,miterLimit,dashArray,dashPhase)";
	dashPhase : "0.0";
	endCap : "0";
	lineJoin : "2";
	lineWidth : "1";
	miterLimit : "3.732051";
}

Subobject#stroke5 {
	class : "java.awt.BasicStroke(lineWidth,endCap,lineJoin,miterLimit,dashArray,dashPhase)";
	dashPhase : "0.0";
	endCap : "0";
	lineJoin : "2";
	lineWidth : "1";
	miterLimit : "3.732051";
}

Subobject#stroke8 {
	class : "java.awt.BasicStroke(lineWidth,endCap,lineJoin,miterLimit,dashArray,dashPhase)";
	dashPhase : "0.0";
	endCap : "0";
	lineJoin : "2";
	lineWidth : "1";
	miterLimit : "3.732051";
}
</layoutData>
        <description isNull="true" />
        <guid>guid:948579733943e104:28e4a9e:107e9266638:-7ecd</guid>
        <versionId>46b7ba78-345d-4203-96b1-1788635840c7</versionId>
        <layoutParam name="ChartPieSeries">
            <lastModified isNull="true" />
            <lastModifiedBy isNull="true" />
            <layoutParamId>2023.58ef7060-669a-48de-ae37-c2b95798656d</layoutParamId>
            <layoutId>20.a5de3b8a-93ac-48e9-a709-ca84c5cc6895</layoutId>
            <value>0</value>
            <type isNull="true" />
            <seq isNull="true" />
            <guid>guid:197d4ddc90fc5427:-1c619ffe:11def1582ed:-7ee8</guid>
            <versionId>00929661-aca1-41a0-b308-84c04eb5bf16</versionId>
        </layoutParam>
        <layoutParam name="ChartBarSeries">
            <lastModified isNull="true" />
            <lastModifiedBy isNull="true" />
            <layoutParamId>2023.bcd7b03c-7fb1-4854-9c8c-dd9485020237</layoutParamId>
            <layoutId>20.a5de3b8a-93ac-48e9-a709-ca84c5cc6895</layoutId>
            <value>50</value>
            <type isNull="true" />
            <seq isNull="true" />
            <guid>guid:197d4ddc90fc5427:-1c619ffe:11def1582ed:-7eec</guid>
            <versionId>8aac351b-cac3-4d5c-bba7-27ed6b6fddec</versionId>
        </layoutParam>
        <layoutParam name="ChartLineSeries">
            <lastModified isNull="true" />
            <lastModifiedBy isNull="true" />
            <layoutParamId>2023.bf06a130-50b7-4adc-8029-64c4f2a912c2</layoutParamId>
            <layoutId>20.a5de3b8a-93ac-48e9-a709-ca84c5cc6895</layoutId>
            <value>50</value>
            <type isNull="true" />
            <seq isNull="true" />
            <guid>guid:197d4ddc90fc5427:-1c619ffe:11def1582ed:-7eea</guid>
            <versionId>bd8be7ac-6fa1-4e4f-b6ad-ef668a6d1f27</versionId>
        </layoutParam>
        <layoutParam name="ChartType">
            <lastModified isNull="true" />
            <lastModifiedBy isNull="true" />
            <layoutParamId>2023.0ebccab7-a1b6-4f6f-b16d-791b148b8b33</layoutParamId>
            <layoutId>20.a5de3b8a-93ac-48e9-a709-ca84c5cc6895</layoutId>
            <value>Combo Chart</value>
            <type isNull="true" />
            <seq isNull="true" />
            <guid>guid:197d4ddc90fc5427:-1c619ffe:11def1582ed:-7eee</guid>
            <versionId>dc225df8-4640-42c1-8c81-05b32b3bd463</versionId>
        </layoutParam>
    </layout>
</teamworks>

