<?xml version="1.0" encoding="UTF-8"?>
<teamworks>
    <layout id="20.c10d9ec3-21eb-44ed-9a30-e0308e369ad3" name="Advanced - Insert Constant">
        <lastModified>1361412273512</lastModified>
        <lastModifiedBy>Internal TW Admin user</lastModifiedBy>
        <layoutId>20.c10d9ec3-21eb-44ed-9a30-e0308e369ad3</layoutId>
        <metaDataLabel isNull="true" />
        <metaDataUI isNull="true" />
        <type>SCRIPT</type>
        <url isNull="true" />
        <documentType>datasource</documentType>
        <imageUrl>datasource_images/datasource_function.jpg</imageUrl>
        <layoutData>var labels = reportLabels;
var seriesName = settings.legendName;
if (seriesName == null)
   seriesName = "unnamed";

if (labels.arrayLength == 0)
   throw "Cannot use expression transformation with no other datasource present as well (no labels found). Make sure " +
         "another datasource is present and executed before the expression one.";

for (var i = 0 ; i &lt; labels.arrayLength ; i++ ) {
   var value = eval("var x_index = " + i + "; var x_value = \"" + labels[i] + "\"; " + settings.javascriptExpression);
   addDataToSeries(seriesName, i, value);
}</layoutData>
        <description>Creates a serie based on a javascript expression. This datasource cannot be used alone it has to be together with another datasource providing the possible x labels. The expression will be called for every index being displayed. It should return the y-axis value. the variable x_index will contain the index number (0 .. n) and the x_value would contain the actual label itself.</description>
        <guid>prePebbles:1270:11-25-2003 12:13:46</guid>
        <versionId>d8f82cbe-614e-434c-8e10-a0ccfeb01066</versionId>
        <layoutParam name="legendName">
            <lastModified isNull="true" />
            <lastModifiedBy isNull="true" />
            <layoutParamId>2023.eeff733b-4faa-4181-9eca-670fcb8b0851</layoutParamId>
            <layoutId>20.c10d9ec3-21eb-44ed-9a30-e0308e369ad3</layoutId>
            <value isNull="true" />
            <type isNull="true" />
            <seq isNull="true" />
            <guid>guid:197d4ddc90fc5427:-1c619ffe:11def1582ed:-7e9c</guid>
            <versionId>6d0341a6-a34d-4ee4-bb6c-045d62b4a886</versionId>
        </layoutParam>
        <layoutParam name="javascriptExpression">
            <lastModified isNull="true" />
            <lastModifiedBy isNull="true" />
            <layoutParamId>2023.3569cb78-71ee-40fe-a890-32d7ce929f8c</layoutParamId>
            <layoutId>20.c10d9ec3-21eb-44ed-9a30-e0308e369ad3</layoutId>
            <value isNull="true" />
            <type isNull="true" />
            <seq isNull="true" />
            <guid>guid:197d4ddc90fc5427:-1c619ffe:11def1582ed:-7e9e</guid>
            <versionId>b638cad8-f200-4dec-bd75-7dd50aab7bcd</versionId>
        </layoutParam>
    </layout>
</teamworks>

