<?xml version="1.0" encoding="UTF-8"?>
<teamworks>
    <layout id="20.d960347c-576b-4ab5-81a5-5714b8b562d4" name="Radar Chart">
        <lastModified>1361412273512</lastModified>
        <lastModifiedBy>Internal TW Admin user</lastModifiedBy>
        <layoutId>20.d960347c-576b-4ab5-81a5-5714b8b562d4</layoutId>
        <metaDataLabel isNull="true" />
        <metaDataUI isNull="true" />
        <type>PROPS</type>
        <url isNull="true" />
        <documentType>chart</documentType>
        <imageUrl isNull="true" />
        <layoutData>
&lt;# var msg = tw.resource.toolkit.TWSYS.ChartMessages; #&gt;

chart {
	antiAliasing : "true";
	antiAliasingText : "true";
	backgroundPaint : "#ffffffff";
	border : "@#border10";
	header : "@#label7";
	labels[0] : "&lt;#= msg.getChartDefString("chart.Radar.radialAxis1.text") #&gt;";
	labels[1] : "&lt;#= msg.getChartDefString("chart.Radar.radialAxis2.text") #&gt;";
	labels[2] : "&lt;#= msg.getChartDefString("chart.Radar.radialAxis3.text") #&gt;";
	labels[3] : "&lt;#= msg.getChartDefString("chart.Radar.radialAxis4.text") #&gt;";
	labels[4] : "&lt;#= msg.getChartDefString("chart.Radar.radialAxis5.text") #&gt;";
	labels[5] : "&lt;#= msg.getChartDefString("chart.Radar.radialAxis6.text") #&gt;";
	legendPosition : "South";
	legendVisible : "true";
	name : "&lt;#= msg.getChartDefString("chart.Radar.name") #&gt;";
	opaque : "true";
	preferredSize : "414,364";
	renderingType : "COMBO";
	sampleSeries[0] : "&lt;#= msg.getChartDefString("chart.Radar.lineSet1.text") #&gt;,80,68,78,84,66,70:LINE";
	sampleSeries[1] : "&lt;#= msg.getChartDefString("chart.Radar.lineSet2.text") #&gt;,45,95,95,48,60,42:LINE";
	sampleSeries[2] : "&lt;#= msg.getChartDefString("chart.Radar.lineSet3.text") #&gt;,120,10,10,10,10,10:LINE";
	type : "RADAR";
}

chartGrid[axisIndex="-1"] {
	majorPaint : "#ff000000";
	majorStroke : "@#stroke4";
}

chartGrid[axisIndex="0"] {
	majorLineVisible : "false";
}

chartLegend {
	antiAliasing : "true";
	antiAliasingText : "true";
	border : "@#border9";
	followChartResize : "true";
	font : "SansSerif,10";
	foreground : "black";
	paintingBackground : "false";
}

chartScale[axisIndex="-1"] {
	autoDataRange : "true";
	foreground : "#ff000000";
	labelColor : "#ff000000";
	labelFont : "SansSerif-10";
	labelRotation : "0";
	labelVisible : "true";
	titleColor : "#ff000000";
}

chartScale[axisIndex="-1"] axis {
	autoVisibleRange : "true";
	reversed : "true";
}



chartScale[axisIndex="0"] {
	foreground : "#ff000000";
	labelColor : "#ff000000";
	labelFont : "SansSerif-9";
	labelRotation : "0";
	majorTickVisible : "false";
	titleColor : "#ff000000";
}

series[index="0"] {
	color1 : "#5a005699";
	color2 : "#FF005699";
	marker : "DIAMOND";
	markerSize : "8";
	renderingType : "AREA";
	stroke : "@#stroke1";
}

series[index="1"] {
	color1 : "#5a333366";
	color2 : "#FF333366";
	marker : "SQUARE";
	markerSize : "5";
	renderingType : "AREA";
	stroke : "@#stroke2";
}

series[index="2"] {
	color1 : "#5aaa0036";
	color2 : "#FFaa0036";
	marker : "TRIANGLE";
	markerSize : "8";
	renderingType : "AREA";
	stroke : "@#stroke3";
}

Subobject#border10 {
	bottom : "4";
	class : "javax.swing.border.EmptyBorder(top,left,bottom,right)";
	left : "4";
	right : "4";
	top : "4";
}

Subobject#border6 {
	bottom : "1";
	class : "javax.swing.border.EmptyBorder(top,left,bottom,right)";
	left : "1";
	right : "1";
	top : "1";
}

Subobject#border8 {
	bottom : "1";
	class : "javax.swing.border.EmptyBorder(top,left,bottom,right)";
	left : "1";
	right : "1";
	top : "1";
}

Subobject#border9 {
	bottom : "1";
	class : "javax.swing.border.EmptyBorder(top,left,bottom,right)";
	left : "1";
	right : "1";
	top : "1";
}

Subobject#label5 {
	border : "@#border6";
	class : "ilog.views.chart.swing.IlvJLabel";
	font : "SansSerif-12";
	foreground : "#ff000000";
	horizontalAlignment : "0";
	text : "&lt;#= msg.getChartDefString("chart.Radar.header") #&gt;";
}

Subobject#label7 {
	border : "@#border8";
	class : "ilog.views.chart.swing.IlvJLabel";
	font : "SansSerif-12";
	foreground : "#ff000000";
	horizontalAlignment : "0";
	text : "&lt;#= msg.getChartDefString("chart.Radar.header") #&gt;";
}

Subobject#stroke1 {
	class : "java.awt.BasicStroke(lineWidth,endCap,lineJoin,miterLimit,dashArray,dashPhase)";
	dashPhase : "0.0";
	endCap : "0";
	lineJoin : "2";
	lineWidth : "1";
	miterLimit : "3.732051";
}

Subobject#stroke2 {
	class : "java.awt.BasicStroke(lineWidth,endCap,lineJoin,miterLimit,dashArray,dashPhase)";
	dashArray[0] : "4";
	dashArray[1] : "4";
	dashPhase : "0.0";
	endCap : "0";
	lineJoin : "2";
	lineWidth : "1";
	miterLimit : "3.732051";
}

Subobject#stroke3 {
	class : "java.awt.BasicStroke(lineWidth,endCap,lineJoin,miterLimit,dashArray,dashPhase)";
	dashPhase : "0.0";
	endCap : "0";
	lineJoin : "2";
	lineWidth : "1";
	miterLimit : "3.732051";
}

Subobject#stroke4 {
	class : "java.awt.BasicStroke(lineWidth,endCap,lineJoin,miterLimit,dashArray,dashPhase)";
	dashPhase : "0.0";
	endCap : "0";
	lineJoin : "2";
	lineWidth : "1";
	miterLimit : "3.732051";
}
</layoutData>
        <description isNull="true" />
        <guid>guid:948579733943e104:28e4a9e:107e9266638:-7ecf</guid>
        <versionId>e3130f7d-5070-4013-8122-92ae07d31cb3</versionId>
        <layoutParam name="ChartBarSeries">
            <lastModified isNull="true" />
            <lastModifiedBy isNull="true" />
            <layoutParamId>2023.ae04f2dc-dc1e-42d0-964c-5317c0f2cec5</layoutParamId>
            <layoutId>20.d960347c-576b-4ab5-81a5-5714b8b562d4</layoutId>
            <value>0</value>
            <type isNull="true" />
            <seq isNull="true" />
            <guid>guid:197d4ddc90fc5427:-1c619ffe:11def1582ed:-7efe</guid>
            <versionId>45f63a1c-ce7f-4df5-b9d0-88e5c02cbfcc</versionId>
        </layoutParam>
        <layoutParam name="ChartPieSeries">
            <lastModified isNull="true" />
            <lastModifiedBy isNull="true" />
            <layoutParamId>2023.aada2458-4b4b-452e-bd67-7dc92ca8243d</layoutParamId>
            <layoutId>20.d960347c-576b-4ab5-81a5-5714b8b562d4</layoutId>
            <value>0</value>
            <type isNull="true" />
            <seq isNull="true" />
            <guid>guid:197d4ddc90fc5427:-1c619ffe:11def1582ed:-7efa</guid>
            <versionId>4ccf5e66-4c39-4ccb-9359-b72871030d3c</versionId>
        </layoutParam>
        <layoutParam name="ChartLineSeries">
            <lastModified isNull="true" />
            <lastModifiedBy isNull="true" />
            <layoutParamId>2023.a1c6b58e-f902-42ae-b890-eab4d76d8c70</layoutParamId>
            <layoutId>20.d960347c-576b-4ab5-81a5-5714b8b562d4</layoutId>
            <value>99</value>
            <type isNull="true" />
            <seq isNull="true" />
            <guid>guid:197d4ddc90fc5427:-1c619ffe:11def1582ed:-7efc</guid>
            <versionId>681e729b-9fdd-44da-aa98-d6dcca63eb1e</versionId>
        </layoutParam>
        <layoutParam name="ChartType">
            <lastModified isNull="true" />
            <lastModifiedBy isNull="true" />
            <layoutParamId>2023.9ded85b4-5908-4613-81f3-5e5e4afffd5a</layoutParamId>
            <layoutId>20.d960347c-576b-4ab5-81a5-5714b8b562d4</layoutId>
            <value>Radar Chart</value>
            <type isNull="true" />
            <seq isNull="true" />
            <guid>guid:197d4ddc90fc5427:-1c619ffe:11def1582ed:-7f00</guid>
            <versionId>8d02a947-cc27-4cfe-95c1-1b13e7aa9a63</versionId>
        </layoutParam>
    </layout>
</teamworks>

