<?xml version="1.0" encoding="UTF-8"?>
<teamworks>
    <layout id="20.d159fe93-1ead-4d2b-af2b-5c20c40dd7b2" name="Hidden User Filter">
        <lastModified>1361412273512</lastModified>
        <lastModifiedBy>Internal TW Admin user</lastModifiedBy>
        <layoutId>20.d159fe93-1ead-4d2b-af2b-5c20c40dd7b2</layoutId>
        <metaDataLabel isNull="true" />
        <metaDataUI isNull="true" />
        <type>HTML</type>
        <url isNull="true" />
        <documentType>filter</documentType>
        <imageUrl isNull="true" />
        <layoutData>&lt;report-filter&gt;
  &lt;display&gt;
&amp;lt;input name="&amp;lt;#= filter.formName #&amp;gt;" type="hidden" value="&amp;lt;#= filter.value #&amp;gt;" size=7&amp;gt;
&lt;/display&gt;
  &lt;script&gt;return filter.value;
&lt;/script&gt;
&lt;/report-filter&gt;</layoutData>
        <description>Switches out a number</description>
        <guid>prePebbles:2389:11-25-2003 12:13:46</guid>
        <versionId>9372d026-5349-45b2-9adc-ee85b92c0efb</versionId>
        <layoutParam name="filter-category">
            <lastModified isNull="true" />
            <lastModifiedBy isNull="true" />
            <layoutParamId>2023.0c670a1c-e4ea-4aad-96e6-9c26f641c8b8</layoutParamId>
            <layoutId>20.d159fe93-1ead-4d2b-af2b-5c20c40dd7b2</layoutId>
            <value>Generic</value>
            <type isNull="true" />
            <seq isNull="true" />
            <guid>guid:197d4ddc90fc5427:-1c619ffe:11def1582ed:-7feb</guid>
            <versionId>a0dceafa-2aab-4aa0-bacc-67dd5954a59b</versionId>
        </layoutParam>
        <layoutParam name="filter-type">
            <lastModified isNull="true" />
            <lastModifiedBy isNull="true" />
            <layoutParamId>2023.e9ec2589-4dd3-4a97-b0c9-3ff6dbb60d28</layoutParamId>
            <layoutId>20.d159fe93-1ead-4d2b-af2b-5c20c40dd7b2</layoutId>
            <value>Text Replace</value>
            <type isNull="true" />
            <seq isNull="true" />
            <guid>guid:197d4ddc90fc5427:-1c619ffe:11def1582ed:-7fed</guid>
            <versionId>b00d0e31-8bad-4a89-8fdb-19fa57bc6fca</versionId>
        </layoutParam>
        <layoutParam name="filter-values">
            <lastModified isNull="true" />
            <lastModifiedBy isNull="true" />
            <layoutParamId>2023.31c63d65-e3eb-40af-ac25-9a68561c6f46</layoutParamId>
            <layoutId>20.d159fe93-1ead-4d2b-af2b-5c20c40dd7b2</layoutId>
            <value isNull="true" />
            <type isNull="true" />
            <seq isNull="true" />
            <guid>guid:197d4ddc90fc5427:-1c619ffe:11def1582ed:-7fe9</guid>
            <versionId>dc6bcac2-d9ce-4894-bc2a-2eea3c76d94b</versionId>
        </layoutParam>
    </layout>
</teamworks>

