<?xml version="1.0" encoding="UTF-8"?>
<teamworks>
    <layout id="20.d5d19389-d9ec-4025-aa89-9d9b5d0aecea" name="Advanced - Ignore integration">
        <lastModified>1336883161928</lastModified>
        <lastModifiedBy>Internal TW Admin user</lastModifiedBy>
        <layoutId>20.d5d19389-d9ec-4025-aa89-9d9b5d0aecea</layoutId>
        <metaDataLabel isNull="true" />
        <metaDataUI isNull="true" />
        <type>SCRIPT</type>
        <url isNull="true" />
        <documentType>datasource</documentType>
        <imageUrl>datasource_images/datasource_function.jpg</imageUrl>
        <layoutData>// Use this to add filters to manual charts</layoutData>
        <description>Does nothing. Can be used to add filters to manual charts in reporting.</description>
        <guid>prePebbles:2086:11-25-2003 12:13:46</guid>
        <versionId>3e07dbbc-1bad-4220-8a03-30c5dd5ca07e</versionId>
    </layout>
</teamworks>

