<?xml version="1.0" encoding="UTF-8"?>
<teamworks>
    <layout id="20.ed87ca98-7cd6-4036-9230-b0b1d812f63c" name="Multi Color bar chart">
        <lastModified>1361412273512</lastModified>
        <lastModifiedBy>Internal TW Admin user</lastModifiedBy>
        <layoutId>20.ed87ca98-7cd6-4036-9230-b0b1d812f63c</layoutId>
        <metaDataLabel isNull="true" />
        <metaDataUI isNull="true" />
        <type>PROPS</type>
        <url isNull="true" />
        <documentType>chart</documentType>
        <imageUrl isNull="true" />
        <layoutData>
&lt;# var msg = tw.resource.toolkit.TWSYS.ChartMessages; #&gt;


function isBidi() {
 var attrData = Packages.com.lombardisoftware.portal.utils.UserAttributesHelper.getUserAttributes();
 return Packages.com.lombardisoftware.portal.utils.BidiUtils.isBidi(attrData);
}

&lt;# function isBidi() {
  var attrData = Packages.com.lombardisoftware.portal.utils.UserAttributesHelper.getUserAttributes();
  return Packages.com.lombardisoftware.portal.utils.BidiUtils.isBidi(attrData);
} #&gt;

chart {
	3D : "true";
	antiAliasing : "true";
	antiAliasingText : "true";
	backgroundPaint : "#ffffffff";
	border : "@#border8";
	header : "@#label6";
	&lt;# if (isBidi()) { #&gt;
    	labels[0] : "&lt;#= msg.getChartDefString("chart.MultiColorBar.bar0.label") #&gt;";
    	labels[1] : "&lt;#= msg.getChartDefString("chart.MultiColorBar.bar1.label") #&gt;";
    	labels[2] : "&lt;#= msg.getChartDefString("chart.MultiColorBar.bar2.label") #&gt;";
    	labels[3] : "&lt;#= msg.getChartDefString("chart.MultiColorBar.bar3.label") #&gt;";
    	labels[4] : "&lt;#= msg.getChartDefString("chart.MultiColorBar.bar4.label") #&gt;";	
	&lt;#} else {#&gt;
    	labels[0] : "&lt;#= msg.getChartDefString("chart.MultiColorBar.bar1.label") #&gt;";
    	labels[1] : "&lt;#= msg.getChartDefString("chart.MultiColorBar.bar2.label") #&gt;";
    	labels[2] : "&lt;#= msg.getChartDefString("chart.MultiColorBar.bar3.label") #&gt;";
    	labels[3] : "&lt;#= msg.getChartDefString("chart.MultiColorBar.bar4.label") #&gt;";
    	labels[4] : "&lt;#= msg.getChartDefString("chart.MultiColorBar.bar5.label") #&gt;";
    &lt;# } #&gt;
	name : "&lt;#= msg.getChartDefString("chart.MultiColorBar.name") #&gt;";
	opaque : "true";
	preferredSize : "408,256";
	projectorReversed : "false";
	renderingType : "BAR";
	sampleSeries[0] : "&lt;#= msg.getChartDefString("chart.MultiColorBar.dataSet1.text") #&gt;,100,125,245.78,147,67:BAR";
	type : "CARTESIAN";
	XGridVisible : "true";
	YGridVisible : "true";
}

chart3DView {
	depth : "5";
	projectionType : "OBLIQUE";
	ZAnnotationVisible : "false";
}

chartGrid {
	majorPaint : "#ffd3d3d3";
	majorStroke : "@=stroke5";
}

chartLegend {
	antiAliasing : "true";
	antiAliasingText : "true";
}

chartScale[axisIndex="-1"] {
	foreground : "#ff000000";
	labelColor : "#ff000000";
	labelFont : "SansSerif-10";
	labelRotation : "0";
	majorTickVisible : "true";
	titleColor : "#ff000000";
}

chartScale[axisIndex="0"] {
	autoDataRange : "true";
	labelFont : "SansSerif-10";
	labelRotation : "0";
	majorTickVisible : "true";
}

chartScale[axisIndex="0"] axis {
	autoVisibleRange : "true";
}



point[index=="0"] {
	color1 : "#FF8c7db4";
}

point[index=="1"] {
	color1 : "#FF999966";
}

point[index=="2"] {
	color1 : "#FF7173b4";
}

point[index=="3"] {
	color1 : "#FF91a391";
}

point[index=="4"] {
	color1 : "#FF00566f";
}

series[index="0"] {
	renderingType : "CLUSTERED_BAR";
}

Subobject#border4 {
	bottom : "5";
	class : "javax.swing.border.EmptyBorder(top,left,bottom,right)";
	left : "5";
	right : "5";
	top : "5";
}

Subobject#border7 {
	bottom : "5";
	class : "javax.swing.border.EmptyBorder(top,left,bottom,right)";
	left : "5";
	right : "5";
	top : "5";
}

Subobject#border8 {
	bottom : "1";
	class : "javax.swing.border.EmptyBorder(top,left,bottom,right)";
	left : "1";
	right : "1";
	top : "1";
}

Subobject#label3 {
	border : "@#border4";
	class : "ilog.views.chart.swing.IlvJLabel";
	font : "SansSerif-12";
	foreground : "#ff000000";
	horizontalAlignment : "0";
	text : "&lt;#= msg.getChartDefString("chart.MultiColorBar.header") #&gt;";
}

Subobject#label6 {
	border : "@#border7";
	class : "ilog.views.chart.swing.IlvJLabel";
	font : "SansSerif-12";
	foreground : "#ff000000";
	horizontalAlignment : "0";
	text : "&lt;#= msg.getChartDefString("chart.MultiColorBar.header") #&gt;";
}

Subobject#stroke5 {
	class : "java.awt.BasicStroke(lineWidth,endCap,lineJoin,miterLimit,dashArray,dashPhase)";
	dashPhase : "0.0";
	endCap : "0";
	lineJoin : "2";
	lineWidth : "1";
	miterLimit : "3.732051";
}
</layoutData>
        <description isNull="true" />
        <guid>guid:948579733943e104:28e4a9e:107e9266638:-7ed0</guid>
        <versionId>9a753ce2-f5aa-4c73-b2b6-4eb8bb2d19a7</versionId>
        <layoutParam name="ChartType">
            <lastModified isNull="true" />
            <lastModifiedBy isNull="true" />
            <layoutParamId>2023.1ea0d677-0e95-41b9-81b2-1a5a5bb9ddc2</layoutParamId>
            <layoutId>20.ed87ca98-7cd6-4036-9230-b0b1d812f63c</layoutId>
            <value>Bar Chart</value>
            <type isNull="true" />
            <seq isNull="true" />
            <guid>guid:197d4ddc90fc5427:-1c619ffe:11def1582ed:-7f09</guid>
            <versionId>44d946b5-5940-4a1e-8042-7385a35b6592</versionId>
        </layoutParam>
        <layoutParam name="ChartLineSeries">
            <lastModified isNull="true" />
            <lastModifiedBy isNull="true" />
            <layoutParamId>2023.471d1442-14c3-4794-b381-a54e280ffbc6</layoutParamId>
            <layoutId>20.ed87ca98-7cd6-4036-9230-b0b1d812f63c</layoutId>
            <value>0</value>
            <type isNull="true" />
            <seq isNull="true" />
            <guid>guid:197d4ddc90fc5427:-1c619ffe:11def1582ed:-7f05</guid>
            <versionId>6308e118-8512-4cad-a2b8-68b8f79927b4</versionId>
        </layoutParam>
        <layoutParam name="ChartPieSeries">
            <lastModified isNull="true" />
            <lastModifiedBy isNull="true" />
            <layoutParamId>2023.b4be9050-2978-4c41-9f98-4040d7a737cf</layoutParamId>
            <layoutId>20.ed87ca98-7cd6-4036-9230-b0b1d812f63c</layoutId>
            <value>0</value>
            <type isNull="true" />
            <seq isNull="true" />
            <guid>guid:197d4ddc90fc5427:-1c619ffe:11def1582ed:-7f03</guid>
            <versionId>b4724f26-9763-42de-a0ef-8745b95cc6cf</versionId>
        </layoutParam>
        <layoutParam name="ChartBarSeries">
            <lastModified isNull="true" />
            <lastModifiedBy isNull="true" />
            <layoutParamId>2023.6f2d187a-6838-4856-bd58-f582ba0180e8</layoutParamId>
            <layoutId>20.ed87ca98-7cd6-4036-9230-b0b1d812f63c</layoutId>
            <value>99</value>
            <type isNull="true" />
            <seq isNull="true" />
            <guid>guid:197d4ddc90fc5427:-1c619ffe:11def1582ed:-7f07</guid>
            <versionId>e2c9d273-6fde-4856-bdd8-b60b28f2c6a5</versionId>
        </layoutParam>
    </layout>
</teamworks>

