<?xml version="1.0" encoding="UTF-8"?>
<teamworks>
    <layout id="20.fa3fc599-a72a-4a82-8f14-6bba1565444a" name="CoachDesigner">
        <lastModified>1336883161964</lastModified>
        <lastModifiedBy>Internal TW Admin user</lastModifiedBy>
        <layoutId>20.fa3fc599-a72a-4a82-8f14-6bba1565444a</layoutId>
        <metaDataLabel isNull="true" />
        <metaDataUI>Text Field</metaDataUI>
        <type>JSP</type>
        <url>coaches/CoachDesigner.jsp</url>
        <documentType>coach</documentType>
        <imageUrl isNull="true" />
        <layoutData isNull="true" />
        <description>You must use this layout for all coaches that you want to edit with the CoachDesigner</description>
        <guid>guid:562c5e319b0abdba:a1d638:101872107a5:-8000</guid>
        <versionId>f5cb8b88-2745-4b9d-afa5-1477f5905e39</versionId>
    </layout>
</teamworks>

