<?xml version="1.0" encoding="UTF-8"?>
<teamworks>
    <participant id="24.53b76f8a-9bb5-479b-ac3d-4571163c7a9f" name="Process Owner">
        <lastModified>1416911488784</lastModified>
        <lastModifiedBy>tw_admin</lastModifiedBy>
        <participantId>24.53b76f8a-9bb5-479b-ac3d-4571163c7a9f</participantId>
        <participantDefinition isNull="true" />
        <simulationGroupSize>2</simulationGroupSize>
        <capacityType>1</capacityType>
        <definitionType>3</definitionType>
        <percentAvailable isNull="true" />
        <percentEfficiency isNull="true" />
        <cost>10.00</cost>
        <currencyCode isNull="true" />
        <image isNull="true" />
        <serviceMembersRef isNull="true" />
        <managersRef isNull="true" />
        <description></description>
        <guid>guid:2b1f1955ff9f4c27:-66763056:13d87692328:-7ff9</guid>
        <versionId>e44e3ffc-5fae-40b7-8f35-fd40a0b88c44</versionId>
        <standardMembers>
            <standardMember>
                <type>Group</type>
                <name>tw_allusers</name>
            </standardMember>
        </standardMembers>
        <teamAssignments />
    </participant>
</teamworks>

