<?xml version="1.0" encoding="UTF-8"?>
<teamworks>
    <participant id="24.6fd38d02-81cf-48ab-bd42-8ff4c0a1628b" name="System">
        <lastModified>1361372673512</lastModified>
        <lastModifiedBy>Internal TW Admin user</lastModifiedBy>
        <participantId>24.6fd38d02-81cf-48ab-bd42-8ff4c0a1628b</participantId>
        <participantDefinition isNull="true" />
        <simulationGroupSize>3</simulationGroupSize>
        <capacityType>1</capacityType>
        <definitionType>4</definitionType>
        <percentAvailable isNull="true" />
        <percentEfficiency isNull="true" />
        <cost>10.00</cost>
        <currencyCode isNull="true" />
        <image isNull="true" />
        <serviceMembersRef isNull="true" />
        <managersRef isNull="true" />
        <description>This is the system Participant</description>
        <guid>guid:733c765a2b694b4c:43a819:fe92c5f5b3:-7ffe</guid>
        <versionId>865e87c4-a34a-4d6f-87cb-1fe980912ad1</versionId>
        <teamAssignments />
    </participant>
</teamworks>

