<?xml version="1.0" encoding="UTF-8"?>
<teamworks>
    <participant id="24.da7e4d23-78cb-4483-98ed-b9c238308a03" name="All Users">
        <lastModified>1361412273512</lastModified>
        <lastModifiedBy>Internal TW Admin user</lastModifiedBy>
        <participantId>24.da7e4d23-78cb-4483-98ed-b9c238308a03</participantId>
        <participantDefinition isNull="true" />
        <simulationGroupSize>2</simulationGroupSize>
        <capacityType>1</capacityType>
        <definitionType>3</definitionType>
        <percentAvailable isNull="true" />
        <percentEfficiency isNull="true" />
        <cost>10.00</cost>
        <currencyCode isNull="true" />
        <image isNull="true" />
        <serviceMembersRef isNull="true" />
        <managersRef>/24.5dfdeb91-03c9-4af3-ab98-31a4db406563</managersRef>
        <description>All Users represents all people in the system.</description>
        <guid>guid:1dc6d66ac069c16d:-7f9d35b5:11fec748a69:-7e50</guid>
        <versionId>53dde9ee-4646-4b32-b6d4-3b2ef69586e9</versionId>
        <standardMembers>
            <standardMember>
                <type>Group</type>
                <name>tw_allusers</name>
            </standardMember>
        </standardMembers>
        <teamAssignments />
    </participant>
</teamworks>

