<?xml version="1.0" encoding="UTF-8"?>
<teamworks>
    <underCoverAgent id="4.3a0b461b-344b-499a-8e97-3cc5f3e26c11" name="Default BPD Event">
        <lastModified>1361372673512</lastModified>
        <lastModifiedBy>Internal TW Admin user</lastModifiedBy>
        <ucaId>4.3a0b461b-344b-499a-8e97-3cc5f3e26c11</ucaId>
        <monthList isNull="true" />
        <freqType isNull="true" />
        <dayList isNull="true" />
        <hourList isNull="true" />
        <minuteList isNull="true" />
        <processRef>/1.a67eb4e6-b893-45bd-9252-3f3c69397286</processRef>
        <ucaEventTypeRef>2115.1</ucaEventTypeRef>
        <variableRef isNull="true" />
        <schedType>2</schedType>
        <schedEventName>defaultBPDEvent</schedEventName>
        <implementationType>Service</implementationType>
        <isEnabled>true</isEnabled>
        <description isNull="true" />
        <guid>guid:1834ad1ced21c429:274e910:1064a9c5d32:-7f92</guid>
        <versionId>c56f2bd8-7df4-4b28-99c7-dedae00e351a</versionId>
        <parameterMapping name="correlationKey">
            <lastModified isNull="true" />
            <lastModifiedBy isNull="true" />
            <parameterMappingId>2054.a7fcd899-d38a-42df-9eb9-e6caadbe5960</parameterMappingId>
            <processParameterId>2055.294d86d1-f505-4417-b95c-fdd617e3e749</processParameterId>
            <parameterMappingParentId>4.3a0b461b-344b-499a-8e97-3cc5f3e26c11</parameterMappingParentId>
            <useDefault>false</useDefault>
            <value isNull="true" />
            <classRef>/12.db884a3c-c533-44b7-bb2d-47bec8ad4022</classRef>
            <isList>false</isList>
            <isInput>true</isInput>
            <guid>guid:197d4ddc90fc5427:-1c619ffe:11def1582ed:-78e3</guid>
            <versionId>4cedf869-f391-4acc-a87a-4f7f17c85a98</versionId>
            <description isNull="true" />
        </parameterMapping>
        <parameterMapping name="value">
            <lastModified isNull="true" />
            <lastModifiedBy isNull="true" />
            <parameterMappingId>2054.bc999cb2-4381-45a0-826f-e6e9c10ef2f9</parameterMappingId>
            <processParameterId>2055.6848a6ba-8453-47d6-82dd-4834e11c3e2d</processParameterId>
            <parameterMappingParentId>4.3a0b461b-344b-499a-8e97-3cc5f3e26c11</parameterMappingParentId>
            <useDefault>true</useDefault>
            <value isNull="true" />
            <classRef>/12.db884a3c-c533-44b7-bb2d-47bec8ad4022</classRef>
            <isList>false</isList>
            <isInput>true</isInput>
            <guid>guid:197d4ddc90fc5427:-1c619ffe:11def1582ed:-78e1</guid>
            <versionId>5e59aec5-059c-47fb-a726-f50a08398bb5</versionId>
            <description isNull="true" />
        </parameterMapping>
        <parameterMapping name="value">
            <lastModified isNull="true" />
            <lastModifiedBy isNull="true" />
            <parameterMappingId>2054.fc517808-df12-42ae-b5c5-b2b1a65e4441</parameterMappingId>
            <processParameterId>2055.763de4cf-7f49-40c1-a0c0-018e32c0bcf8</processParameterId>
            <parameterMappingParentId>4.3a0b461b-344b-499a-8e97-3cc5f3e26c11</parameterMappingParentId>
            <useDefault>true</useDefault>
            <value isNull="true" />
            <classRef>/12.db884a3c-c533-44b7-bb2d-47bec8ad4022</classRef>
            <isList>false</isList>
            <isInput>false</isInput>
            <guid>guid:197d4ddc90fc5427:-1c619ffe:11def1582ed:-78dd</guid>
            <versionId>68daca7b-0d32-48f0-bc93-7d708bd3ca75</versionId>
            <description isNull="true" />
        </parameterMapping>
        <parameterMapping name="value">
            <lastModified isNull="true" />
            <lastModifiedBy isNull="true" />
            <parameterMappingId>2054.9621aa7f-a1fb-4629-8ead-a1aab02e6bd1</parameterMappingId>
            <processParameterId>2055.763de4cf-7f49-40c1-a0c0-018e32c0bcf8</processParameterId>
            <parameterMappingParentId>4.3a0b461b-344b-499a-8e97-3cc5f3e26c11</parameterMappingParentId>
            <useDefault>true</useDefault>
            <value isNull="true" />
            <classRef>/12.db884a3c-c533-44b7-bb2d-47bec8ad4022</classRef>
            <isList>false</isList>
            <isInput>false</isInput>
            <guid>guid:197d4ddc90fc5427:-1c619ffe:11def1582ed:-78dd</guid>
            <versionId>8249dfd8-be3f-479f-822c-cca2e044153d</versionId>
            <description isNull="true" />
        </parameterMapping>
        <parameterMapping name="value">
            <lastModified isNull="true" />
            <lastModifiedBy isNull="true" />
            <parameterMappingId>2054.f7212766-63cf-4a57-9378-7a042635aa14</parameterMappingId>
            <processParameterId>2055.6848a6ba-8453-47d6-82dd-4834e11c3e2d</processParameterId>
            <parameterMappingParentId>4.3a0b461b-344b-499a-8e97-3cc5f3e26c11</parameterMappingParentId>
            <useDefault>true</useDefault>
            <value isNull="true" />
            <classRef>/12.db884a3c-c533-44b7-bb2d-47bec8ad4022</classRef>
            <isList>false</isList>
            <isInput>true</isInput>
            <guid>guid:197d4ddc90fc5427:-1c619ffe:11def1582ed:-78e1</guid>
            <versionId>8c60fb1b-e6ac-4417-8165-9e01e20e9edd</versionId>
            <description isNull="true" />
        </parameterMapping>
        <parameterMapping name="correlationKey">
            <lastModified isNull="true" />
            <lastModifiedBy isNull="true" />
            <parameterMappingId>2054.78ffb69e-2d09-4b59-9013-a8c49854a007</parameterMappingId>
            <processParameterId>2055.294d86d1-f505-4417-b95c-fdd617e3e749</processParameterId>
            <parameterMappingParentId>4.3a0b461b-344b-499a-8e97-3cc5f3e26c11</parameterMappingParentId>
            <useDefault>false</useDefault>
            <value isNull="true" />
            <classRef>/12.db884a3c-c533-44b7-bb2d-47bec8ad4022</classRef>
            <isList>false</isList>
            <isInput>true</isInput>
            <guid>guid:197d4ddc90fc5427:-1c619ffe:11def1582ed:-78e3</guid>
            <versionId>97387cb2-af4b-4612-a993-ec1501b8005e</versionId>
            <description isNull="true" />
        </parameterMapping>
        <parameterMapping name="correlationKey">
            <lastModified isNull="true" />
            <lastModifiedBy isNull="true" />
            <parameterMappingId>2054.1dd0c3b0-01b6-4c1f-a994-438e69bf05a8</parameterMappingId>
            <processParameterId>2055.9f5703a5-ed5d-4c70-a400-5360ffa4350b</processParameterId>
            <parameterMappingParentId>4.3a0b461b-344b-499a-8e97-3cc5f3e26c11</parameterMappingParentId>
            <useDefault>true</useDefault>
            <value isNull="true" />
            <classRef>/12.db884a3c-c533-44b7-bb2d-47bec8ad4022</classRef>
            <isList>false</isList>
            <isInput>false</isInput>
            <guid>guid:197d4ddc90fc5427:-1c619ffe:11def1582ed:-78df</guid>
            <versionId>cb41efcc-2af6-4232-9751-d1a2edd56854</versionId>
            <description isNull="true" />
        </parameterMapping>
        <parameterMapping name="correlationKey">
            <lastModified isNull="true" />
            <lastModifiedBy isNull="true" />
            <parameterMappingId>2054.e9d47c7c-de1b-4da8-a357-01a47f6e4c2f</parameterMappingId>
            <processParameterId>2055.9f5703a5-ed5d-4c70-a400-5360ffa4350b</processParameterId>
            <parameterMappingParentId>4.3a0b461b-344b-499a-8e97-3cc5f3e26c11</parameterMappingParentId>
            <useDefault>true</useDefault>
            <value isNull="true" />
            <classRef>/12.db884a3c-c533-44b7-bb2d-47bec8ad4022</classRef>
            <isList>false</isList>
            <isInput>false</isInput>
            <guid>guid:197d4ddc90fc5427:-1c619ffe:11def1582ed:-78df</guid>
            <versionId>ed3c2033-60fd-471f-8989-ad47829530d1</versionId>
            <description isNull="true" />
        </parameterMapping>
        <queue>Async Queue</queue>
    </underCoverAgent>
</teamworks>

