<?xml version="1.0" encoding="UTF-8"?>
<teamworks>
    <metric id="49.b81bbce8-84bb-414e-a736-1a753ad56ec6" name="Total Time (Calendar)">
        <lastModified>1336883163097</lastModified>
        <lastModifiedBy>Internal TW Admin user</lastModifiedBy>
        <metricId>49.b81bbce8-84bb-414e-a736-1a753ad56ec6</metricId>
        <rollupMetricRef isNull="true" />
        <rollupMultiplier>1.00000000</rollupMultiplier>
        <unit>2</unit>
        <description isNull="true" />
        <guid>guid:0daab08e2712fc36:160c21a:110e190354b:-7ff4</guid>
        <versionId>76279925-2e45-4df0-9cfc-a3aba9eb3c5f</versionId>
        <xmlData>
            <itemTypeConfig itemType="4" validAssignmentTypes="0" validThresholdTypes="1" autoInclude="false" parametricAssignmentUnit="0">
                <defaultSettings assignmentType="0" useDefaultAssignments="false" useDefaultThresholds="false">
                    <threshold type="MinExpMaxThreshold" min="0" expected="108000" max="144000" />
                </defaultSettings>
            </itemTypeConfig>
        </xmlData>
    </metric>
</teamworks>

