<?xml version="1.0" encoding="UTF-8"?>
<teamworks>
    <userAttributeDefinition id="51.08f71477-ad6c-480a-ac29-1e375dfb196a" name="Task Notification">
        <lastModified>1336883168328</lastModified>
        <lastModifiedBy>Internal TW Admin user</lastModifiedBy>
        <userAttributeId>51.08f71477-ad6c-480a-ac29-1e375dfb196a</userAttributeId>
        <classRef>/12.83ff975e-8dbc-42e5-b738-fa8bc08274a2</classRef>
        <storageProvider isNull="true" />
        <storageProviderAttribute isNull="true" />
        <storageSource>0</storageSource>
        <storageService isNull="true" />
        <valuesSource>0</valuesSource>
        <valuesService isNull="true" />
        <description isNull="true" />
        <guid>guid:bdd3ce4d5972b3d8:c8c6d9:11103b4b81c:-7ffd</guid>
        <versionId>d3132c37-1722-4c65-a362-74c6fe15378c</versionId>
        <userAttributeValues />
    </userAttributeDefinition>
</teamworks>

