<?xml version="1.0" encoding="UTF-8"?>
<teamworks>
    <userAttributeDefinition id="51.014a798f-5820-480b-8d41-2dbc32445074" name="Title">
        <lastModified>1336883168200</lastModified>
        <lastModifiedBy>Internal TW Admin user</lastModifiedBy>
        <userAttributeId>51.014a798f-5820-480b-8d41-2dbc32445074</userAttributeId>
        <classRef>/12.db884a3c-c533-44b7-bb2d-47bec8ad4022</classRef>
        <storageProvider isNull="true" />
        <storageProviderAttribute isNull="true" />
        <storageSource>0</storageSource>
        <storageService isNull="true" />
        <valuesSource>0</valuesSource>
        <valuesService isNull="true" />
        <description isNull="true" />
        <guid>guid:c204187f956ae52c:4bde6bf2:1344451a7db:-7ff9</guid>
        <versionId>cf875dff-51f6-46d2-bb7f-e95cf791cac3</versionId>
        <userAttributeValues />
    </userAttributeDefinition>
</teamworks>

