<?xml version="1.0" encoding="UTF-8"?>
<teamworks>
    <userAttributeDefinition id="51.06c6591e-0ff3-4fda-b3da-43205dc27484" name="Portal Notification Post Mention">
        <lastModified>1336883168316</lastModified>
        <lastModifiedBy>Internal TW Admin user</lastModifiedBy>
        <userAttributeId>51.06c6591e-0ff3-4fda-b3da-43205dc27484</userAttributeId>
        <classRef>/12.83ff975e-8dbc-42e5-b738-fa8bc08274a2</classRef>
        <storageProvider isNull="true" />
        <storageProviderAttribute isNull="true" />
        <storageSource>0</storageSource>
        <storageService isNull="true" />
        <valuesSource>0</valuesSource>
        <valuesService isNull="true" />
        <description isNull="true" />
        <guid>guid:c204187f956ae52c:4bde6bf2:1344451a7db:-7feb</guid>
        <versionId>0ac0fe0e-feba-49bd-883c-a57e5fd69e05</versionId>
        <userAttributeValues />
    </userAttributeDefinition>
</teamworks>

