<?xml version="1.0" encoding="UTF-8"?>
<teamworks>
    <userAttributeDefinition id="51.129fcb3f-baa7-43cd-ad36-36c0917d781c" name="Task Email Address">
        <lastModified>1336883168335</lastModified>
        <lastModifiedBy>Internal TW Admin user</lastModifiedBy>
        <userAttributeId>51.129fcb3f-baa7-43cd-ad36-36c0917d781c</userAttributeId>
        <classRef>/12.db884a3c-c533-44b7-bb2d-47bec8ad4022</classRef>
        <storageProvider isNull="true" />
        <storageProviderAttribute isNull="true" />
        <storageSource>0</storageSource>
        <storageService isNull="true" />
        <valuesSource>0</valuesSource>
        <valuesService isNull="true" />
        <description isNull="true" />
        <guid>guid:bdd3ce4d5972b3d8:c8c6d9:11103b4b81c:-7fff</guid>
        <versionId>f82a2588-6bfa-4f3c-9b51-9f627f8fd6ba</versionId>
        <userAttributeValues />
    </userAttributeDefinition>
</teamworks>

