<?xml version="1.0" encoding="UTF-8"?>
<teamworks>
    <userAttributeDefinition id="51.20974be1-892f-418c-bb6d-c94040289f1b" name="Portal Notification On Activity Change">
        <lastModified>1392346923816</lastModified>
        <lastModifiedBy>tw_admin</lastModifiedBy>
        <userAttributeId>51.20974be1-892f-418c-bb6d-c94040289f1b</userAttributeId>
        <classRef>/12.83ff975e-8dbc-42e5-b738-fa8bc08274a2</classRef>
        <storageProvider isNull="true" />
        <storageProviderAttribute isNull="true" />
        <storageSource>0</storageSource>
        <storageService isNull="true" />
        <valuesSource>0</valuesSource>
        <valuesService isNull="true" />
        <description></description>
        <guid>guid:f3f29365eba2e9a5:-10f8a874:1442bf7b391:-7fff</guid>
        <versionId>bb0a23c0-bec8-4198-a393-bf8a779414bf</versionId>
        <userAttributeValues />
    </userAttributeDefinition>
</teamworks>

