<?xml version="1.0" encoding="UTF-8"?>
<teamworks>
    <userAttributeDefinition id="51.29c98c6c-e91d-459d-aa2b-184e7905b18b" name="Calendar Type">
        <lastModified>1361412273512</lastModified>
        <lastModifiedBy>Internal TW Admin user</lastModifiedBy>
        <userAttributeId>51.29c98c6c-e91d-459d-aa2b-184e7905b18b</userAttributeId>
        <classRef>/12.db884a3c-c533-44b7-bb2d-47bec8ad4022</classRef>
        <storageProvider isNull="true" />
        <storageProviderAttribute isNull="true" />
        <storageSource>0</storageSource>
        <storageService isNull="true" />
        <valuesSource>2</valuesSource>
        <valuesService isNull="true" />
        <description></description>
        <guid>guid:0bd76e0bd6ef9428:-3a800724:131a7114785:-7ffb</guid>
        <versionId>1baf8f49-661a-41e7-87bc-0674ad21ba7e</versionId>
        <userAttributeValues>
            <userAttributeValue>
                <lastModified isNull="true" />
                <lastModifiedBy isNull="true" />
                <userAttributeDefValueId>2050.745f0750-85e1-4144-a9ce-67706a19b543</userAttributeDefValueId>
                <userAttributeDefId>51.29c98c6c-e91d-459d-aa2b-184e7905b18b</userAttributeDefId>
                <value>generalPreference.fields.calendarType.gregorian</value>
                <seq>0</seq>
                <guid>guid:0bd76e0bd6ef9428:-3a800724:131a7114785:-7ffa</guid>
                <versionId>87d4986c-e6e5-46ef-878a-e95b774aa0e8</versionId>
            </userAttributeValue>
            <userAttributeValue>
                <lastModified isNull="true" />
                <lastModifiedBy isNull="true" />
                <userAttributeDefValueId>2050.72ef6262-0d2c-4161-a001-e065dd0b9c37</userAttributeDefValueId>
                <userAttributeDefId>51.29c98c6c-e91d-459d-aa2b-184e7905b18b</userAttributeDefId>
                <value>generalPreference.fields.calendarType.islamic</value>
                <seq>1</seq>
                <guid>guid:0bd76e0bd6ef9428:-3a800724:131a7114785:-7ff9</guid>
                <versionId>6b3898b2-9309-4a33-a5e3-f3ca4fee474d</versionId>
            </userAttributeValue>
            <userAttributeValue>
                <lastModified isNull="true" />
                <lastModifiedBy isNull="true" />
                <userAttributeDefValueId>2050.bf879bf0-6282-4644-a24c-dcbbab93158e</userAttributeDefValueId>
                <userAttributeDefId>51.29c98c6c-e91d-459d-aa2b-184e7905b18b</userAttributeDefId>
                <value>generalPreference.fields.calendarType.hebrew</value>
                <seq>2</seq>
                <guid>guid:0bd76e0bd6ef9428:-3a800724:131a7114785:-7ff8</guid>
                <versionId>cdd83c2d-830c-47ad-97e5-d822ade76263</versionId>
            </userAttributeValue>
        </userAttributeValues>
    </userAttributeDefinition>
</teamworks>

