<?xml version="1.0" encoding="UTF-8"?>
<teamworks>
    <userAttributeDefinition id="51.29c98c6c-e91d-459d-aa2b-184e7905b18b" name="Calendar Type">
        <lastModified>1361372673512</lastModified>
        <lastModifiedBy>Internal TW Admin user</lastModifiedBy>
        <userAttributeId>51.29c98c6c-e91d-459d-aa2b-184e7905b18b</userAttributeId>
        <classRef>/12.db884a3c-c533-44b7-bb2d-47bec8ad4022</classRef>
        <storageProvider isNull="true" />
        <storageProviderAttribute isNull="true" />
        <storageSource>0</storageSource>
        <storageService isNull="true" />
        <valuesSource>2</valuesSource>
        <valuesService isNull="true" />
        <description></description>
        <guid>guid:0bd76e0bd6ef9428:-3a800724:131a7114785:-7ffb</guid>
        <versionId>1baf8f49-661a-41e7-87bc-0674ad21ba7e</versionId>
        <userAttributeValues>
            <userAttributeValue>
                <lastModified isNull="true" />
                <lastModifiedBy isNull="true" />
                <userAttributeDefValueId>2050.745f0750-85e1-4144-a9ce-67706a19b543</userAttributeDefValueId>
                <userAttributeDefId>51.29c98c6c-e91d-459d-aa2b-184e7905b18b</userAttributeDefId>
                <value>generalPreference.fields.calendarType.gregorian</value>
                <seq>0</seq>
                <guid>guid:0bd76e0bd6ef9428:-3a800724:131a7114785:-7ffa</guid>
                <versionId>d7941975-0f62-45ad-8760-d506dac633be</versionId>
            </userAttributeValue>
            <userAttributeValue>
                <lastModified isNull="true" />
                <lastModifiedBy isNull="true" />
                <userAttributeDefValueId>2050.72ef6262-0d2c-4161-a001-e065dd0b9c37</userAttributeDefValueId>
                <userAttributeDefId>51.29c98c6c-e91d-459d-aa2b-184e7905b18b</userAttributeDefId>
                <value>generalPreference.fields.calendarType.islamic</value>
                <seq>1</seq>
                <guid>guid:0bd76e0bd6ef9428:-3a800724:131a7114785:-7ff9</guid>
                <versionId>81c30a77-e7fd-48f8-af44-3f30be6d4069</versionId>
            </userAttributeValue>
            <userAttributeValue>
                <lastModified isNull="true" />
                <lastModifiedBy isNull="true" />
                <userAttributeDefValueId>2050.bf879bf0-6282-4644-a24c-dcbbab93158e</userAttributeDefValueId>
                <userAttributeDefId>51.29c98c6c-e91d-459d-aa2b-184e7905b18b</userAttributeDefId>
                <value>generalPreference.fields.calendarType.hebrew</value>
                <seq>2</seq>
                <guid>guid:0bd76e0bd6ef9428:-3a800724:131a7114785:-7ff8</guid>
                <versionId>29aae008-c9ac-40a7-a21e-427a2ad7d6d9</versionId>
            </userAttributeValue>
        </userAttributeValues>
    </userAttributeDefinition>
</teamworks>

