<?xml version="1.0" encoding="UTF-8"?>
<teamworks>
    <userAttributeDefinition id="51.4b124e6b-298e-466b-876e-4a2191e2e0d2" name="Show Unfollow Messages">
        <lastModified>1336883168437</lastModified>
        <lastModifiedBy>Internal TW Admin user</lastModifiedBy>
        <userAttributeId>51.4b124e6b-298e-466b-876e-4a2191e2e0d2</userAttributeId>
        <classRef>/12.83ff975e-8dbc-42e5-b738-fa8bc08274a2</classRef>
        <storageProvider isNull="true" />
        <storageProviderAttribute isNull="true" />
        <storageSource>0</storageSource>
        <storageService isNull="true" />
        <valuesSource>0</valuesSource>
        <valuesService isNull="true" />
        <description isNull="true" />
        <guid>guid:c204187f956ae52c:4bde6bf2:1344451a7db:-7ff7</guid>
        <versionId>283fa3f8-0392-4d05-897c-b45d15f86496</versionId>
        <userAttributeValues />
    </userAttributeDefinition>
</teamworks>

