<?xml version="1.0" encoding="UTF-8"?>
<teamworks>
    <userAttributeDefinition id="51.7b00e122-11a6-4eb1-ac7b-875ed84d074d" name="Portal Notification New Task To My Group">
        <lastModified>1336883168462</lastModified>
        <lastModifiedBy>Internal TW Admin user</lastModifiedBy>
        <userAttributeId>51.7b00e122-11a6-4eb1-ac7b-875ed84d074d</userAttributeId>
        <classRef>/12.83ff975e-8dbc-42e5-b738-fa8bc08274a2</classRef>
        <storageProvider isNull="true" />
        <storageProviderAttribute isNull="true" />
        <storageSource>0</storageSource>
        <storageService isNull="true" />
        <valuesSource>0</valuesSource>
        <valuesService isNull="true" />
        <description isNull="true" />
        <guid>guid:c204187f956ae52c:4bde6bf2:1344451a7db:-7fef</guid>
        <versionId>22b55088-9bca-449c-8a0b-656cc22b1843</versionId>
        <userAttributeValues />
    </userAttributeDefinition>
</teamworks>

