<?xml version="1.0" encoding="UTF-8"?>
<teamworks>
    <userAttributeDefinition id="51.749fb5c9-aa69-4fde-8328-ac6f7c4b6cd3" name="Primary Role">
        <lastModified>1336883168453</lastModified>
        <lastModifiedBy>Internal TW Admin user</lastModifiedBy>
        <userAttributeId>51.749fb5c9-aa69-4fde-8328-ac6f7c4b6cd3</userAttributeId>
        <classRef>/12.536b2aa5-a30f-4eca-87fa-3a28066753ee</classRef>
        <storageProvider isNull="true" />
        <storageProviderAttribute isNull="true" />
        <storageSource>0</storageSource>
        <storageService isNull="true" />
        <valuesSource>0</valuesSource>
        <valuesService isNull="true" />
        <description isNull="true" />
        <guid>guid:bdd3ce4d5972b3d8:c8c6d9:11103b4b81c:-7ffe</guid>
        <versionId>b060c915-9af0-4d9c-a58b-eb43e3770f24</versionId>
        <userAttributeValues />
    </userAttributeDefinition>
</teamworks>

