<?xml version="1.0" encoding="UTF-8"?>
<teamworks>
    <userAttributeDefinition id="51.98651c26-ec9d-4733-ad51-b4669ca4cca7" name="Base Text Direction">
        <lastModified>1361372673512</lastModified>
        <lastModifiedBy>Internal TW Admin user</lastModifiedBy>
        <userAttributeId>51.98651c26-ec9d-4733-ad51-b4669ca4cca7</userAttributeId>
        <classRef>/12.db884a3c-c533-44b7-bb2d-47bec8ad4022</classRef>
        <storageProvider isNull="true" />
        <storageProviderAttribute isNull="true" />
        <storageSource>0</storageSource>
        <storageService isNull="true" />
        <valuesSource>2</valuesSource>
        <valuesService isNull="true" />
        <description></description>
        <guid>guid:eac55be5436a79cf:6c3a06c2:137b8e9fbbc:-7ffb</guid>
        <versionId>360afd02-0bea-4599-acbf-64d18eaa0f51</versionId>
        <userAttributeValues>
            <userAttributeValue>
                <lastModified isNull="true" />
                <lastModifiedBy isNull="true" />
                <userAttributeDefValueId>2050.699fb461-bb7f-4d85-8186-e3ca63ec6ae8</userAttributeDefValueId>
                <userAttributeDefId>51.98651c26-ec9d-4733-ad51-b4669ca4cca7</userAttributeDefId>
                <value>generalPreference.fields.baseTextDir.default</value>
                <seq>0</seq>
                <guid>guid:eac55be5436a79cf:-7f6a184b:137c21057f7:-7ffb</guid>
                <versionId>a8a73b13-dbb7-4712-a54a-2b9f8eb662b4</versionId>
            </userAttributeValue>
            <userAttributeValue>
                <lastModified isNull="true" />
                <lastModifiedBy isNull="true" />
                <userAttributeDefValueId>2050.8080d533-ec8f-42a7-a0c4-1754475d7b5c</userAttributeDefValueId>
                <userAttributeDefId>51.98651c26-ec9d-4733-ad51-b4669ca4cca7</userAttributeDefId>
                <value>generalPreference.fields.baseTextDir.ltr</value>
                <seq>1</seq>
                <guid>guid:eac55be5436a79cf:-7f6a184b:137c21057f7:-7ffa</guid>
                <versionId>6b5f72f8-869d-4a72-b27d-3cc2a1ea1a23</versionId>
            </userAttributeValue>
            <userAttributeValue>
                <lastModified isNull="true" />
                <lastModifiedBy isNull="true" />
                <userAttributeDefValueId>2050.c7e3021e-9d43-4b7c-be04-f06bd75f3aef</userAttributeDefValueId>
                <userAttributeDefId>51.98651c26-ec9d-4733-ad51-b4669ca4cca7</userAttributeDefId>
                <value>generalPreference.fields.baseTextDir.rtl</value>
                <seq>2</seq>
                <guid>guid:eac55be5436a79cf:-7f6a184b:137c21057f7:-7ff9</guid>
                <versionId>7157e09d-f2a3-4efa-b08b-23d386e77644</versionId>
            </userAttributeValue>
            <userAttributeValue>
                <lastModified isNull="true" />
                <lastModifiedBy isNull="true" />
                <userAttributeDefValueId>2050.25f8996f-7681-41b0-824b-a5948b12b716</userAttributeDefValueId>
                <userAttributeDefId>51.98651c26-ec9d-4733-ad51-b4669ca4cca7</userAttributeDefId>
                <value>generalPreference.fields.baseTextDir.contextual</value>
                <seq>3</seq>
                <guid>guid:eac55be5436a79cf:-7f6a184b:137c21057f7:-7ff8</guid>
                <versionId>0f2f9f33-6f12-4de4-9e9a-eb1e1e6e4c99</versionId>
            </userAttributeValue>
        </userAttributeValues>
    </userAttributeDefinition>
</teamworks>

