<?xml version="1.0" encoding="UTF-8"?>
<teamworks>
    <userAttributeDefinition id="51.9fc98e30-0dd1-4a47-be5d-84e82a1182f2" name="Phone Number">
        <lastModified>1336883168469</lastModified>
        <lastModifiedBy>Internal TW Admin user</lastModifiedBy>
        <userAttributeId>51.9fc98e30-0dd1-4a47-be5d-84e82a1182f2</userAttributeId>
        <classRef>/12.db884a3c-c533-44b7-bb2d-47bec8ad4022</classRef>
        <storageProvider isNull="true" />
        <storageProviderAttribute isNull="true" />
        <storageSource>0</storageSource>
        <storageService isNull="true" />
        <valuesSource>0</valuesSource>
        <valuesService isNull="true" />
        <description isNull="true" />
        <guid>guid:c204187f956ae52c:4bde6bf2:1344451a7db:-7ffb</guid>
        <versionId>5c724e04-6b28-4c78-a2b1-aaeb82b9f87b</versionId>
        <userAttributeValues />
    </userAttributeDefinition>
</teamworks>

