<?xml version="1.0" encoding="UTF-8"?>
<teamworks>
    <userAttributeDefinition id="51.98651c26-ec9d-4733-ad51-b4669ca4cca7" name="Base Text Direction">
        <lastModified>1361412273512</lastModified>
        <lastModifiedBy>Internal TW Admin user</lastModifiedBy>
        <userAttributeId>51.98651c26-ec9d-4733-ad51-b4669ca4cca7</userAttributeId>
        <classRef>/12.db884a3c-c533-44b7-bb2d-47bec8ad4022</classRef>
        <storageProvider isNull="true" />
        <storageProviderAttribute isNull="true" />
        <storageSource>0</storageSource>
        <storageService isNull="true" />
        <valuesSource>2</valuesSource>
        <valuesService isNull="true" />
        <description></description>
        <guid>guid:eac55be5436a79cf:6c3a06c2:137b8e9fbbc:-7ffb</guid>
        <versionId>360afd02-0bea-4599-acbf-64d18eaa0f51</versionId>
        <userAttributeValues>
            <userAttributeValue>
                <lastModified isNull="true" />
                <lastModifiedBy isNull="true" />
                <userAttributeDefValueId>2050.699fb461-bb7f-4d85-8186-e3ca63ec6ae8</userAttributeDefValueId>
                <userAttributeDefId>51.98651c26-ec9d-4733-ad51-b4669ca4cca7</userAttributeDefId>
                <value>generalPreference.fields.baseTextDir.default</value>
                <seq>0</seq>
                <guid>guid:eac55be5436a79cf:-7f6a184b:137c21057f7:-7ffb</guid>
                <versionId>4b71c537-3902-43ec-a1ea-11669b2f2df1</versionId>
            </userAttributeValue>
            <userAttributeValue>
                <lastModified isNull="true" />
                <lastModifiedBy isNull="true" />
                <userAttributeDefValueId>2050.8080d533-ec8f-42a7-a0c4-1754475d7b5c</userAttributeDefValueId>
                <userAttributeDefId>51.98651c26-ec9d-4733-ad51-b4669ca4cca7</userAttributeDefId>
                <value>generalPreference.fields.baseTextDir.ltr</value>
                <seq>1</seq>
                <guid>guid:eac55be5436a79cf:-7f6a184b:137c21057f7:-7ffa</guid>
                <versionId>4d89c805-7114-4974-87ab-17ac39f1a47f</versionId>
            </userAttributeValue>
            <userAttributeValue>
                <lastModified isNull="true" />
                <lastModifiedBy isNull="true" />
                <userAttributeDefValueId>2050.c7e3021e-9d43-4b7c-be04-f06bd75f3aef</userAttributeDefValueId>
                <userAttributeDefId>51.98651c26-ec9d-4733-ad51-b4669ca4cca7</userAttributeDefId>
                <value>generalPreference.fields.baseTextDir.rtl</value>
                <seq>2</seq>
                <guid>guid:eac55be5436a79cf:-7f6a184b:137c21057f7:-7ff9</guid>
                <versionId>d37dbf14-3176-4522-aa31-1ea67f191586</versionId>
            </userAttributeValue>
            <userAttributeValue>
                <lastModified isNull="true" />
                <lastModifiedBy isNull="true" />
                <userAttributeDefValueId>2050.25f8996f-7681-41b0-824b-a5948b12b716</userAttributeDefValueId>
                <userAttributeDefId>51.98651c26-ec9d-4733-ad51-b4669ca4cca7</userAttributeDefId>
                <value>generalPreference.fields.baseTextDir.contextual</value>
                <seq>3</seq>
                <guid>guid:eac55be5436a79cf:-7f6a184b:137c21057f7:-7ff8</guid>
                <versionId>db9a61dd-5f20-4278-9be9-be32d47aed29</versionId>
            </userAttributeValue>
        </userAttributeValues>
    </userAttributeDefinition>
</teamworks>

