<?xml version="1.0" encoding="UTF-8"?>
<teamworks>
    <userAttributeDefinition id="51.9af23c31-1f9b-4d9c-a14d-7b41b1b053cc" name="Portal Mention Timestamp">
        <lastModified>1355358752794</lastModified>
        <lastModifiedBy>Internal TW Admin user</lastModifiedBy>
        <userAttributeId>51.9af23c31-1f9b-4d9c-a14d-7b41b1b053cc</userAttributeId>
        <classRef>/12.db884a3c-c533-44b7-bb2d-47bec8ad4022</classRef>
        <storageProvider isNull="true" />
        <storageProviderAttribute isNull="true" />
        <storageSource>0</storageSource>
        <storageService isNull="true" />
        <valuesSource>0</valuesSource>
        <valuesService isNull="true" />
        <description isNull="true" />
        <guid>guid:dfe43d2518049c12:-4d76cb74:13b8f4ce3c6:-7ff9</guid>
        <versionId>91fe64be-945d-4bff-9725-18c443c2b643</versionId>
        <userAttributeValues />
    </userAttributeDefinition>
</teamworks>

