<?xml version="1.0" encoding="UTF-8"?>
<teamworks>
    <userAttributeDefinition id="51.ce2af265-3f47-41e5-adaf-44d37a826325" name="Federated Portal Dashboard Display Order">
        <lastModified>1448957980611</lastModified>
        <lastModifiedBy>tw_admin</lastModifiedBy>
        <userAttributeId>51.ce2af265-3f47-41e5-adaf-44d37a826325</userAttributeId>
        <classRef>/12.db884a3c-c533-44b7-bb2d-47bec8ad4022</classRef>
        <storageProvider isNull="true" />
        <storageProviderAttribute isNull="true" />
        <storageSource>0</storageSource>
        <storageService isNull="true" />
        <valuesSource>0</valuesSource>
        <valuesService isNull="true" />
        <description isNull="true" />
        <guid>guid:b51e735ae6ce1b3c:-38a0fbf2:1515a42f8ed:-7fff</guid>
        <versionId>3f922650-2e72-4a70-9367-110fb1e68358</versionId>
        <userAttributeValues />
    </userAttributeDefinition>
</teamworks>

