<?xml version="1.0" encoding="UTF-8"?>
<teamworks>
    <userAttributeDefinition id="51.c094ee3b-05a6-4ab3-a05c-cfac0ddd4190" name="Portal Default Page">
        <lastModified>1337030342726</lastModified>
        <lastModifiedBy>Internal TW Admin user</lastModifiedBy>
        <userAttributeId>51.c094ee3b-05a6-4ab3-a05c-cfac0ddd4190</userAttributeId>
        <classRef>/12.db884a3c-c533-44b7-bb2d-47bec8ad4022</classRef>
        <storageProvider isNull="true" />
        <storageProviderAttribute isNull="true" />
        <storageSource>0</storageSource>
        <storageService isNull="true" />
        <valuesSource>0</valuesSource>
        <valuesService isNull="true" />
        <description isNull="true" />
        <guid>guid:735ca3466454b7fa:3597669e:1374b462b71:-7ffb</guid>
        <versionId>430c1459-d13f-42c9-ba50-52c55766c200</versionId>
        <userAttributeValues />
    </userAttributeDefinition>
</teamworks>

