<?xml version="1.0" encoding="UTF-8"?>
<teamworks>
    <userAttributeDefinition id="51.dde5266f-4d39-4e52-988c-8524d16c3943" name="Portal Dashboard Display Order">
        <lastModified>1350011667788</lastModified>
        <lastModifiedBy>Internal TW Admin user</lastModifiedBy>
        <userAttributeId>51.dde5266f-4d39-4e52-988c-8524d16c3943</userAttributeId>
        <classRef>/12.db884a3c-c533-44b7-bb2d-47bec8ad4022</classRef>
        <storageProvider isNull="true" />
        <storageProviderAttribute isNull="true" />
        <storageSource>0</storageSource>
        <storageService isNull="true" />
        <valuesSource>0</valuesSource>
        <valuesService isNull="true" />
        <description></description>
        <guid>guid:e8bfb51d953cfed3:-f2e5ee9:13a50cf0c2e:-7ffb</guid>
        <versionId>0e9bb19a-19b0-48b4-8b0a-e8fe079e8719</versionId>
        <userAttributeValues />
    </userAttributeDefinition>
</teamworks>

