<?xml version="1.0" encoding="UTF-8"?>
<teamworks>
    <userAttributeDefinition id="51.d50be966-dfd3-4dda-a8a8-9b76c37c27b1" name="Alert On Assign And Run">
        <lastModified>1336883168485</lastModified>
        <lastModifiedBy>Internal TW Admin user</lastModifiedBy>
        <userAttributeId>51.d50be966-dfd3-4dda-a8a8-9b76c37c27b1</userAttributeId>
        <classRef>/12.83ff975e-8dbc-42e5-b738-fa8bc08274a2</classRef>
        <storageProvider isNull="true" />
        <storageProviderAttribute isNull="true" />
        <storageSource>0</storageSource>
        <storageService isNull="true" />
        <valuesSource>0</valuesSource>
        <valuesService isNull="true" />
        <description isNull="true" />
        <guid>guid:bdd3ce4d5972b3d8:c8c6d9:11103b4b81c:-7ffb</guid>
        <versionId>c593c269-ff22-4094-a280-84f5635631c7</versionId>
        <userAttributeValues />
    </userAttributeDefinition>
</teamworks>

