<?xml version="1.0" encoding="UTF-8"?>
<teamworks>
    <userAttributeDefinition id="51.fdb6540d-5eff-4482-8af7-69f9dd590eb5" name="Portal Notification New Task To Me">
        <lastModified>1336883168492</lastModified>
        <lastModifiedBy>Internal TW Admin user</lastModifiedBy>
        <userAttributeId>51.fdb6540d-5eff-4482-8af7-69f9dd590eb5</userAttributeId>
        <classRef>/12.83ff975e-8dbc-42e5-b738-fa8bc08274a2</classRef>
        <storageProvider isNull="true" />
        <storageProviderAttribute isNull="true" />
        <storageSource>0</storageSource>
        <storageService isNull="true" />
        <valuesSource>0</valuesSource>
        <valuesService isNull="true" />
        <description isNull="true" />
        <guid>guid:c204187f956ae52c:4bde6bf2:1344451a7db:-7ff3</guid>
        <versionId>724b4729-1d47-4700-96bb-50c357f0637e</versionId>
        <userAttributeValues />
    </userAttributeDefinition>
</teamworks>

