<?xml version="1.0" encoding="UTF-8"?>
<teamworks>
    <historicalScenario id="53.3299be19-a163-43c5-b5c7-52762f0663ec" name="Last Quarter">
        <lastModified>1336883167976</lastModified>
        <lastModifiedBy>Internal TW Admin user</lastModifiedBy>
        <scenarioId>53.3299be19-a163-43c5-b5c7-52762f0663ec</scenarioId>
        <description isNull="true" />
        <guid>guid:881110b393df2254:3cde85d4:1122126ca83:-7f66</guid>
        <versionId>3d2e71c0-b980-47fe-8d34-834921961d2f</versionId>
        <xmlData instanceStatus="ALL" timeRange="LAST_QUARTER" startDate="" endDate="" />
    </historicalScenario>
</teamworks>

