<?xml version="1.0" encoding="UTF-8"?>
<teamworks>
    <historicalScenario id="53.35837a78-045f-41fe-884b-2858d5b87ab7" name="This Week">
        <lastModified>1336883168103</lastModified>
        <lastModifiedBy>Internal TW Admin user</lastModifiedBy>
        <scenarioId>53.35837a78-045f-41fe-884b-2858d5b87ab7</scenarioId>
        <description isNull="true" />
        <guid>guid:881110b393df2254:3cde85d4:1122126ca83:-7f52</guid>
        <versionId>3dcdd250-66ee-400a-a91e-d39039a40ef8</versionId>
        <xmlData instanceStatus="ALL" timeRange="CURRENT_WEEK" startDate="" endDate="" />
    </historicalScenario>
</teamworks>

