<?xml version="1.0" encoding="UTF-8"?>
<teamworks>
    <historicalScenario id="53.4c04ada3-1813-4afa-af5d-bc38f531f3d6" name="Last Year">
        <lastModified>1336883168109</lastModified>
        <lastModifiedBy>Internal TW Admin user</lastModifiedBy>
        <scenarioId>53.4c04ada3-1813-4afa-af5d-bc38f531f3d6</scenarioId>
        <description isNull="true" />
        <guid>guid:881110b393df2254:3cde85d4:1122126ca83:-7f7a</guid>
        <versionId>4f49ee1f-f643-4d82-aafe-a3b20543975f</versionId>
        <xmlData instanceStatus="ALL" timeRange="LAST_YEAR" startDate="" endDate="" />
    </historicalScenario>
</teamworks>

