<?xml version="1.0" encoding="UTF-8"?>
<teamworks>
    <historicalScenario id="53.712569bf-771f-482c-83ce-3248dcebd262" name="All In-Flight">
        <lastModified>1336883168115</lastModified>
        <lastModifiedBy>Internal TW Admin user</lastModifiedBy>
        <scenarioId>53.712569bf-771f-482c-83ce-3248dcebd262</scenarioId>
        <description isNull="true" />
        <guid>guid:881110b393df2254:3cde85d4:1122126ca83:-7f8e</guid>
        <versionId>bfefe6fb-9e93-4ad9-b630-944605ceb77f</versionId>
        <xmlData instanceStatus="IN_FLIGHT_ONLY" timeRange="ALL_AVAILABLE" startDate="" endDate="" />
    </historicalScenario>
</teamworks>

