<?xml version="1.0" encoding="UTF-8"?>
<teamworks>
    <historicalScenario id="53.8b3e94bc-e5e9-4fb4-8ad1-5e197e2a6d00" name="All Completed">
        <lastModified>1336883168121</lastModified>
        <lastModifiedBy>Internal TW Admin user</lastModifiedBy>
        <scenarioId>53.8b3e94bc-e5e9-4fb4-8ad1-5e197e2a6d00</scenarioId>
        <description isNull="true" />
        <guid>guid:881110b393df2254:3cde85d4:1122126ca83:-7f98</guid>
        <versionId>cf0d9f09-df46-4872-aa52-d49bff9e958e</versionId>
        <xmlData instanceStatus="COMPLETED_ONLY" timeRange="ALL_AVAILABLE" startDate="" endDate="" />
    </historicalScenario>
</teamworks>

