<?xml version="1.0" encoding="UTF-8"?>
<teamworks>
    <historicalScenario id="53.a2729c81-90f0-497a-85a3-06542b91bc30" name="This Quarter">
        <lastModified>1336883168127</lastModified>
        <lastModifiedBy>Internal TW Admin user</lastModifiedBy>
        <scenarioId>53.a2729c81-90f0-497a-85a3-06542b91bc30</scenarioId>
        <description isNull="true" />
        <guid>guid:881110b393df2254:3cde85d4:1122126ca83:-7f48</guid>
        <versionId>922f91e4-ec7b-491b-bf9b-25b9e19bc6fb</versionId>
        <xmlData instanceStatus="ALL" timeRange="CURRENT_QUARTER" startDate="" endDate="" />
    </historicalScenario>
</teamworks>

