<?xml version="1.0" encoding="UTF-8"?>
<teamworks>
    <historicalScenario id="53.a78594bf-5ec5-4fb8-9153-04bb09388eee" name="All Available">
        <lastModified>1336883168145</lastModified>
        <lastModifiedBy>Internal TW Admin user</lastModifiedBy>
        <scenarioId>53.a78594bf-5ec5-4fb8-9153-04bb09388eee</scenarioId>
        <description isNull="true" />
        <guid>guid:881110b393df2254:5c068555:11221003a03:-7fa4</guid>
        <versionId>04a84f61-fec1-4f69-b34a-28706b863755</versionId>
        <xmlData instanceStatus="ALL" timeRange="ALL_AVAILABLE" startDate="" endDate="" />
    </historicalScenario>
</teamworks>

