<?xml version="1.0" encoding="UTF-8"?>
<teamworks>
    <historicalScenario id="53.dded9c28-5fe4-48be-84b5-63f9595c526f" name="Last Month">
        <lastModified>1336883168171</lastModified>
        <lastModifiedBy>Internal TW Admin user</lastModifiedBy>
        <scenarioId>53.dded9c28-5fe4-48be-84b5-63f9595c526f</scenarioId>
        <description isNull="true" />
        <guid>guid:881110b393df2254:3cde85d4:1122126ca83:-7f84</guid>
        <versionId>04bb618e-ec93-4610-be30-825db869deb0</versionId>
        <xmlData instanceStatus="ALL" timeRange="LAST_MONTH" startDate="" endDate="" />
    </historicalScenario>
</teamworks>

