<?xml version="1.0" encoding="UTF-8"?>
<teamworks>
    <historicalScenario id="53.e88456a1-e9ab-4576-a658-60e71a0ad4d2" name="This Year">
        <lastModified>1336883168179</lastModified>
        <lastModifiedBy>Internal TW Admin user</lastModifiedBy>
        <scenarioId>53.e88456a1-e9ab-4576-a658-60e71a0ad4d2</scenarioId>
        <description isNull="true" />
        <guid>guid:881110b393df2254:3cde85d4:1122126ca83:-7f5c</guid>
        <versionId>d340c3c3-bd0f-4b4c-9435-e056d5176731</versionId>
        <xmlData instanceStatus="ALL" timeRange="CURRENT_YEAR" startDate="" endDate="" />
    </historicalScenario>
</teamworks>

