<?xml version="1.0" encoding="UTF-8"?>
<teamworks>
    <historicalScenario id="53.f0809dcd-4344-4b9f-9dbe-d1034ee07b7d" name="Last Week">
        <lastModified>1336883168193</lastModified>
        <lastModifiedBy>Internal TW Admin user</lastModifiedBy>
        <scenarioId>53.f0809dcd-4344-4b9f-9dbe-d1034ee07b7d</scenarioId>
        <description isNull="true" />
        <guid>guid:881110b393df2254:3cde85d4:1122126ca83:-7f70</guid>
        <versionId>1aafb4f5-ae62-4333-ae61-8b4c93ee912d</versionId>
        <xmlData instanceStatus="ALL" timeRange="LAST_WEEK" startDate="" endDate="" />
    </historicalScenario>
</teamworks>

