<?xml version="1.0" encoding="UTF-8"?>
<teamworks>
    <managedAsset id="61.1b92c725-6f14-437d-9d04-b2dfc6a739f3" name="bg_slice_heading_content.gif">
        <lastModified>1336883168714</lastModified>
        <lastModifiedBy>Internal TW Admin user</lastModifiedBy>
        <managedAssetId>61.1b92c725-6f14-437d-9d04-b2dfc6a739f3</managedAssetId>
        <assetUuid>f182c67f-70f7-497a-bb3c-b53e030600d4</assetUuid>
        <mimeType>image/gif</mimeType>
        <charEncoding isNull="true" />
        <assetTypeCode>W</assetTypeCode>
        <length>153</length>
        <localLastModification>1285108822895</localLastModification>
        <description isNull="true" />
        <isDocumentationFile>false</isDocumentationFile>
        <guid>guid:09fccecb508e1552:24370940:12b7ce0cf14:-7e9b</guid>
        <versionId>fdc6f2d6-b833-4a0c-ac56-353599b626f2</versionId>
    </managedAsset>
</teamworks>

