<?xml version="1.0" encoding="UTF-8"?>
<teamworks>
    <managedAsset id="61.140920b1-a53c-4d72-b6bb-60776f49f7f2" name="CoachDesigner.xsl">
        <lastModified>1392839531831</lastModified>
        <lastModifiedBy>Internal TW Admin user</lastModifiedBy>
        <managedAssetId>61.140920b1-a53c-4d72-b6bb-60776f49f7f2</managedAssetId>
        <assetUuid>153eb191-af39-438a-a4dd-bbc4d77760da</assetUuid>
        <mimeType>application/xslt+xml</mimeType>
        <charEncoding>UTF-8</charEncoding>
        <assetTypeCode>D</assetTypeCode>
        <length>289835</length>
        <localLastModification>1279184659011</localLastModification>
        <description>Default XSL stylesheet for Coach Designer.</description>
        <isDocumentationFile>false</isDocumentationFile>
        <guid>guid:cd0d45c60241b37f:7ef6e28c:129d559a3c0:-5eaa</guid>
        <versionId>8570567e-3ac0-443c-8e08-3c40f425c892</versionId>
    </managedAsset>
</teamworks>

