<?xml version="1.0" encoding="UTF-8"?>
<teamworks>
    <managedAsset id="61.39a2b820-9691-41dc-b2d5-a29743096744" name="bg_content_footer_bottom_right.gif">
        <lastModified>1336883168761</lastModified>
        <lastModifiedBy>Internal TW Admin user</lastModifiedBy>
        <managedAssetId>61.39a2b820-9691-41dc-b2d5-a29743096744</managedAssetId>
        <assetUuid>a3dea237-f9a1-4ad3-92b5-4ed7ea5e4bc9</assetUuid>
        <mimeType>image/gif</mimeType>
        <charEncoding isNull="true" />
        <assetTypeCode>W</assetTypeCode>
        <length>448</length>
        <localLastModification>1285108771934</localLastModification>
        <description isNull="true" />
        <isDocumentationFile>false</isDocumentationFile>
        <guid>guid:09fccecb508e1552:24370940:12b7ce0cf14:-7d40</guid>
        <versionId>689b687b-565f-491a-8b65-b4bbe89ba263</versionId>
    </managedAsset>
</teamworks>

