<?xml version="1.0" encoding="UTF-8"?>
<teamworks>
    <managedAsset id="61.3796d11d-822a-4a50-af7c-ddbea2588d81" name="r.png">
        <lastModified>1336850768754</lastModified>
        <lastModifiedBy>Internal TW Admin user</lastModifiedBy>
        <managedAssetId>61.3796d11d-822a-4a50-af7c-ddbea2588d81</managedAssetId>
        <assetUuid>b2676ac5-904a-43f6-82d6-84780f6a1102</assetUuid>
        <mimeType>image/png</mimeType>
        <charEncoding isNull="true" />
        <assetTypeCode>W</assetTypeCode>
        <length>113</length>
        <localLastModification>1285108928215</localLastModification>
        <description isNull="true" />
        <isDocumentationFile>false</isDocumentationFile>
        <guid>guid:09fccecb508e1552:24370940:12b7ce0cf14:-79f2</guid>
        <versionId>865efb91-017d-438e-bc7e-c21b90580c47</versionId>
    </managedAsset>
</teamworks>

