<?xml version="1.0" encoding="UTF-8"?>
<teamworks>
    <managedAsset id="61.494d3377-276d-4b61-9e06-619df4e851a3" name="repeat_bg.gif">
        <lastModified>1336883168767</lastModified>
        <lastModifiedBy>Internal TW Admin user</lastModifiedBy>
        <managedAssetId>61.494d3377-276d-4b61-9e06-619df4e851a3</managedAssetId>
        <assetUuid>189d1cd5-07b4-4ba8-9e91-d05418a06b76</assetUuid>
        <mimeType>image/gif</mimeType>
        <charEncoding isNull="true" />
        <assetTypeCode>W</assetTypeCode>
        <length>67</length>
        <localLastModification>1285108823254</localLastModification>
        <description isNull="true" />
        <isDocumentationFile>false</isDocumentationFile>
        <guid>guid:09fccecb508e1552:24370940:12b7ce0cf14:-7bd5</guid>
        <versionId>9172e194-ed96-4eab-bcc8-6dc74ce20ee1</versionId>
    </managedAsset>
</teamworks>

