<?xml version="1.0" encoding="UTF-8"?>
<teamworks>
    <managedAsset id="61.9262b906-c0fb-426c-a887-a44b4409e0ea" name="tab-tr.png">
        <lastModified>1336850768817</lastModified>
        <lastModifiedBy>Internal TW Admin user</lastModifiedBy>
        <managedAssetId>61.9262b906-c0fb-426c-a887-a44b4409e0ea</managedAssetId>
        <assetUuid>87646aae-1fda-46ec-a33d-667a329d4848</assetUuid>
        <mimeType>image/png</mimeType>
        <charEncoding isNull="true" />
        <assetTypeCode>W</assetTypeCode>
        <length>154</length>
        <localLastModification>1285108928342</localLastModification>
        <description isNull="true" />
        <isDocumentationFile>false</isDocumentationFile>
        <guid>guid:09fccecb508e1552:24370940:12b7ce0cf14:-7956</guid>
        <versionId>cbdd66e2-bfa1-49c7-aaf8-162b67cd2d31</versionId>
    </managedAsset>
</teamworks>

