<?xml version="1.0" encoding="UTF-8"?>
<teamworks>
    <managedAsset id="61.a785fadc-f1f5-4eb3-977d-3c38be837e68" name="ac-right.png">
        <lastModified>1336850768824</lastModified>
        <lastModifiedBy>Internal TW Admin user</lastModifiedBy>
        <managedAssetId>61.a785fadc-f1f5-4eb3-977d-3c38be837e68</managedAssetId>
        <assetUuid>2ed6177a-8072-43b3-9600-f6ed488d50be</assetUuid>
        <mimeType>image/png</mimeType>
        <charEncoding isNull="true" />
        <assetTypeCode>W</assetTypeCode>
        <length>640</length>
        <localLastModification>1285108928346</localLastModification>
        <description isNull="true" />
        <isDocumentationFile>false</isDocumentationFile>
        <guid>guid:09fccecb508e1552:24370940:12b7ce0cf14:-786c</guid>
        <versionId>72b2a8b4-7790-40e8-9362-d2c1e1300980</versionId>
    </managedAsset>
</teamworks>

