<?xml version="1.0" encoding="UTF-8"?>
<teamworks>
    <managedAsset id="61.c37d47d6-a4d5-4a10-804a-584350cbfc66" name="bg_content_footer_bottom_left.gif">
        <lastModified>1336883168839</lastModified>
        <lastModifiedBy>Internal TW Admin user</lastModifiedBy>
        <managedAssetId>61.c37d47d6-a4d5-4a10-804a-584350cbfc66</managedAssetId>
        <assetUuid>75cf0dd0-5d9b-4802-91f5-4f74fc73b936</assetUuid>
        <mimeType>image/gif</mimeType>
        <charEncoding isNull="true" />
        <assetTypeCode>W</assetTypeCode>
        <length>448</length>
        <localLastModification>1285108771854</localLastModification>
        <description isNull="true" />
        <isDocumentationFile>false</isDocumentationFile>
        <guid>guid:09fccecb508e1552:24370940:12b7ce0cf14:-7d97</guid>
        <versionId>c9f4b5ff-68a4-4287-806b-16e25ffcf5fc</versionId>
    </managedAsset>
</teamworks>

