<?xml version="1.0" encoding="UTF-8"?>
<teamworks>
    <managedAsset id="61.d38cacce-6c33-47cd-8606-9e473cbefe5b" name="coach_designer_base.css">
        <lastModified>1397171206123</lastModified>
        <lastModifiedBy>Internal TW Admin user</lastModifiedBy>
        <managedAssetId>61.d38cacce-6c33-47cd-8606-9e473cbefe5b</managedAssetId>
        <assetUuid>852b83c5-a41c-4124-8b3d-c9f71b4ba33c</assetUuid>
        <mimeType>text/css</mimeType>
        <charEncoding isNull="true" />
        <assetTypeCode>W</assetTypeCode>
        <length>17588</length>
        <localLastModification>1397171189000</localLastModification>
        <description isNull="true" />
        <isDocumentationFile>false</isDocumentationFile>
        <guid>guid:09fccecb508e1552:24370940:12b7ce0cf14:-7cf2</guid>
        <versionId>21c9c693-43ce-4965-9c5c-5e2041a81c4a</versionId>
    </managedAsset>
</teamworks>

