<?xml version="1.0" encoding="UTF-8"?>
<teamworks>
    <managedAsset id="61.f488e767-575f-46f5-abfd-5c522a541a07" name="sk_bg_content_heading_right.gif">
        <lastModified>1336850768876</lastModified>
        <lastModifiedBy>Internal TW Admin user</lastModifiedBy>
        <managedAssetId>61.f488e767-575f-46f5-abfd-5c522a541a07</managedAssetId>
        <assetUuid>25daed45-515b-4689-a572-6fef32bc5217</assetUuid>
        <mimeType>image/gif</mimeType>
        <charEncoding isNull="true" />
        <assetTypeCode>W</assetTypeCode>
        <length>351</length>
        <localLastModification>1285108822880</localLastModification>
        <description isNull="true" />
        <isDocumentationFile>false</isDocumentationFile>
        <guid>guid:09fccecb508e1552:24370940:12b7ce0cf14:-7a8e</guid>
        <versionId>d9f0f3cb-3342-4ec0-8c62-deca4e424498</versionId>
    </managedAsset>
</teamworks>

