<?xml version="1.0" encoding="UTF-8"?>
<teamworks>
    <projectDefaults id="63.21fe1c95-4b1e-4668-81b9-12c976cc95f0" name="Toolkit Settings">
        <lastModified>1406672072344</lastModified>
        <lastModifiedBy>tw_admin</lastModifiedBy>
        <projectDefaultsId>63.21fe1c95-4b1e-4668-81b9-12c976cc95f0</projectDefaultsId>
        <description isNull="true" />
        <guid>guid:ac26230eba3fcf3c:-4cdee47f:12a13f8b024:-8000</guid>
        <versionId>4cdd62be-6d8e-47ad-b8c6-60006346c373</versionId>
        <participantRef isNull="true" />
        <defaultXslRef>/61.140920b1-a53c-4d72-b6bb-60776f49f7f2</defaultXslRef>
        <defaultCssRef>/61.aabe9f91-df4b-43db-857c-41dbed4820a3</defaultCssRef>
        <defaultTheme isNull="true" />
        <themeVersion isNull="true" />
        <defaultJsRefs isNull="true" />
        <isWbmEnabled>false</isWbmEnabled>
        <namespace isNull="true" />
        <isIidOptimized>false</isIidOptimized>
        <isQueueBypass>1</isQueueBypass>
    </projectDefaults>
</teamworks>

